:1000000080440020A5230000D1C5000091230000FA
:1000100091230000912300009123000000000000C4
:10002000000000000000000000000000112500009A
:100030009123000000000000AD2400009123000087
:10004000D1260000D1260000D1260000D1260000D4
:10005000D1260000D1260000D1260000D1260000C4
:10006000D1260000D1260000D1260000D1260000B4
:10007000D1260000D1260000D1260000D1260000A4
:10008000D1260000D1260000D1260000D126000094
:10009000D1260000D1260000D1260000D126000084
:1000A000D1260000D1260000D1260000D126000074
:1000B000D1260000D1260000D1260000D126000064
:1000C000D1260000D1260000D1260000D126000054
:1000D000D1260000D1260000D1260000D126000044
:1000E000D1260000D1260000D1260000D126000034
:1000F000D1260000D1260000D1260000D126000024
:1001000053B94AB9002908BF00281CBF4FF0FF317E
:100110004FF0FF3000F00CB8ADF1080C6DE904CEE3
:1001200000F01AF8DDF804E0DDE9022304B07047BE
:10013000704700BF10F8012B11F8013B012A28BFBE
:100140009A42F7D0D01A7047034613F8012B002AC1
:10015000FBD1181A013870472DE9F04786468C46C6
:100160000846089E154674461946002B40F0C2808A
:100170008542B2FA82F245D94AB1C2F1200300FAAF
:1001800002FC2EFA03F3954043EA0C0C94404FEA2C
:10019000154EA8B2BCFBFEF8230C0EFB18CC08FBD6
:1001A00000F943EA0C43994528D9EB1808F1FF37C9
:1001B00004D2994502D9A8F102072B44A3EB090305
:1001C000A4B2B3FBFEFC0EFB1C330CFB00F044EAB4
:1001D0000344A04214D92C190CF1FF3304D2A042DD
:1001E00002D9ACF102032C44241A43EA07401EB1A1
:1001F000D440002334607360BDE8F0874746DDE7F4
:100200006346F1E792BB431B01214FEA154EAFB2A3
:10021000B3FBFEFC200C0EFB1C330CFB07F840EA82
:100220000343984562D9EB180CF1FF3004D298458E
:1002300002D9ACF102002B44A3EB0803A4B2B3FB38
:10024000FEFC0EFB1C330CFB07F744EA0344A742F9
:100250004ED92C190CF1FF3304D2A74202D9ACF1CC
:1002600002032C44E41B43EA0040C0E7C2F1200330
:1002700020FA03F1954090402EFA03F303434FEA2E
:10028000154EAFB2B1FBFEFC0EFB1C10190C0CFBA3
:1002900007F841EA0041884504FA02F422D96918B6
:1002A0000CF1FF3004D2884502D9ACF10200294498
:1002B000A1EB08019BB2B1FBFEFC0EFB1C110CFB79
:1002C00007F743EA01439F420ED9EB180CF1FF31C7
:1002D00004D29F4202D9ACF102012B44DB1B41EA5C
:1002E000004192E76046E3E76146F7E76046A3E72F
:1002F0006346B7E7834206D916B9002108467BE773
:10030000C6E900E0F9E7B3FA83F78FB9834201D376
:10031000724508D8BEEB020460EB030301209C4643
:100320001EB9002168E73846FAE7C6E9004CF8E74D
:10033000C7F1200CBB4022FA0CF41C432EFA0CF13E
:1003400020FA0CF3B84001434FEA14490EFA07F5BE
:10035000B3FBF9F81FFA84FE09FB18300B0C08FBFD
:100360000EFA43EA00439A4502FA07F240D9E3182D
:1003700008F1FF3004D29A4502D9A8F102002344C3
:10038000A3EB0A0389B2B3FBF9F809FB183308FBA6
:100390000EFE41EA03418E452CD9611808F1FF3366
:1003A00004D28E4502D9A8F10203214443EA004059
:1003B000A0FB0298A1EB0E014145CE46434602D375
:1003C00006D14D4504D2B9EB020E68EB04030138A7
:1003D000002EA6D0B5EB0E0261EB030101FA0CFC76
:1003E00022FA07F34CEA0303F940C6E9003198E723
:1003F0004046C5E74346D9E72DE9F34104460FF0EF
:100400009FFBDFF83880002640F8086005460F465D
:100410000A2201A9204601960AF010FE034655F86B
:10042000080048B9019AA24203D012780AB93B6089
:10043000012002B0BDE8F0813046FAE70C00000070
:10044000F0B5044689B08368DB6BCBB90F4F104E13
:10045000A368DB6A13B120469847A0B1A3681B6963
:100460008BB12022694620469847051E0BDD2A469F
:10047000694638460BF032FF33682B443360E7E7B8
:1004800098470028E2D109B0F0BD00BF90050020D8
:10049000BC13002038B5054D441E14F8011F01B9E6
:1004A00038BDAB6801485B689847F6E7BCFC0000C4
:1004B0002DE9F04F8FB002AF0FF0C3F90446884624
:1004C000DFF884A250460EF01CFE0546002800F01E
:1004D0002982DAF808302BB11B6C1BB19B49002232
:1004E00050469847DAF808301B6A0BB1964898478F
:1004F0004FF47A73A4FB034603FB0861E40B44EA60
:100500004144CE0BE41846F10006914A914803217C
:100510000BF0BDFF6D4688B002AA8F4B53618F4B25
:1005200093614FF4007393838D4B42F8103F8948D9
:1005300000234FF4E65101F007F88A48AD46FFF773
:10054000A9FF8948FFF7A6FF88480122F91C0BF094
:10055000E5FE0128814626D0854B1B78FBB10FF0C4
:1005600070F94FF47A72A0FB020302FB0131C30B56
:1005700043EA4143A3424FEAD131B1410FDBA41812
:100580007C4D7D4A2B68126846F100067148009246
:1005900003217A4A0BF08EFF2B6801332B60012078
:1005A0000BF047F8D0E7F9780D2902D00A2940F07E
:1005B00097817348FFF76EFF724B734A1B680025E3
:1005C00007F1100BD55459461346A8461A788AB33A
:1005D000082D34D093F800C0BCF1200F184603F169
:1005E0000103F7D0ACF1090EBEF1040FF2D9BCF152
:1005F000000F1FD0BCF1220F05F101050CD11A46E6
:100600000B6010781346013220B12228F9D1002066
:10061000187013460431D9E70860034610F8012B1F
:10062000002AF7D0202A02D0093A042AF5D803F884
:10063000018BEFE71DB9534A0023136081E7D7F818
:10064000108052494046FFF775FD18B95048FFF732
:1006500021FFF0E74F494046FFF76CFD08B94E48CF
:10066000F5E74E494046FFF765FD98B9012D0DD0DD
:10067000DFF82C815BF8040F09F10109FFF70AFF8D
:100680004D4505D94046FFF705FFF3E74548DEE74E
:100690003B48DCE744494046FFF74CFD78BB032D5F
:1006A00001D04248D3E7786907F10801FFF7A4FEBB
:1006B00008B93F48CBE7B86907F10C01FFF79CFE8A
:1006C0000028F6D0D7E90289C8453A4D0BDD4146EE
:1006D00028460AF0C1FF08F1FF3864200AF0A9FF9C
:1006E000C145F4DDA7E7414628460AF0B5FF08F109
:1006F000010864200AF09DFFC145F4DA9BE72E490A
:100700004046FFF717FD00286ED1012D0CD1184B84
:100710002A491878174B1A68294B002818BF194620
:1007200028480AF099FF86E7022D01D026488EE777
:100730007D6926492846FFF7FDFC00284AD10C4B6D
:10074000234801221A7082E7BCFC0000410400002B
:10075000880401000C000100A7040100B10401009D
:1007600003000001C9040100AB080100900500204E
:10077000E0080020C0130020BC1300204707010040
:1007800040070100B813002018280020F1040100E0
:10079000F604010080050100850501008C050100BB
:1007A000BB08010091050100A6050100AC05010090
:1007B000C90501001D070100DA0501006A040100F6
:1007C00062040100E2050100F9050100C30C01000B
:1007D0001306010058492846FFF7ACFC0028A5D1B4
:1007E000564B1870564832E756494046FFF7A2FC70
:1007F000A0B90FF026F84FF47A78A0FB080308FBA5
:100800000133C50B45EA43454F4829460AF024FF0A
:10081000B5FBF8F14D4808FB115282E74C494046C0
:10082000FFF788FC38B94B494B480AF015FF4B4A93
:100830004B494C4875E74C494046FFF77BFCC0B933
:10084000022D01D0494802E7786907F10C01FFF752
:10085000D3FD00283FF42DAFFD68002DFFF629AF32
:10086000434829460AF0F8FE28460AF0E2FE4148CD
:10087000EDE641494046FFF75DFC78BB6423012D5E
:100880007860BB6010D07869391DFFF7B5FD08B9F5
:100890003A48DCE6022D07D0B86907F10801FFF7F6
:1008A000ABFD08B93648D2E6D7E90158A84501DAC8
:1008B0003448CCE6042107F10C000BF021FFFB6863
:1008C0003148A8EB05020132B3FBF2F102FB113310
:1008D0002B44424629460AF0BFFEACE62B48B6E65A
:1008E000082909D12A4B1B68002B3FF42DAE284A5A
:1008F0002848013B136025E67F29F3D0A1F12003AE
:100900005E2B3FF621AE224A13687E2B3FF61CAECB
:10091000581C1060204AD154DAF808301F485B6830
:10092000984711E61E4A1F4801210BF0B0FD2846EA
:100930003437BD46BDE8F08F25060100E0080020F1
:10094000290601003B060100420601005206010093
:1009500066060100B10401006B0601007706010084
:10096000800601008C060100A0060100A606010019
:10097000BA060100D3060100DA060100DF06010015
:10098000ED060100FB0601000B0701002307010033
:10099000B81300204307010018280020BCFC000009
:1009A000720401000C0001002DE9F04F97B000AF78
:1009B00090F802A0D7F880B03B62CBF3C0030446A6
:1009C000FA62BB61894641B9457800780AEB80003C
:1009D00020444D4517D8A0EB0409E378FB61BAF138
:1009E000000F02D01BF0010F16D1FB6953BBFB6A4D
:1009F0001BB13A6A4946204698474D4628465C371F
:100A0000BD46BDE8F08F461C3046FFF79DFB013028
:100A1000304409F10109DCE7237862687A62FA6AF6
:100A20009900796104EB8301002A40F000814D4672
:100A30000E4601EB0A094FF000084E454CD101EB80
:100A40000A0610E01BF0020FD1D023789A007A61D9
:100A500062687A62FA6A04EB8301002A77D14D4614
:100A600001EB0A0690461BF0050F0CBF0223012381
:100A7000FB62FB6906EB430A0BF00203BB625645BF
:100A8000BCD016F8021B16F8013C54F82390994B81
:100A9000994502D3984B994536D3BB69002B40D07A
:100AA000786A0AF0F6FF00283BD0E9468AB06A4629
:100AB000924B53617B6AC2E906314FF40073138491
:100AC0008F4B42F8103F8F4800234FF4125100F033
:100AD0003BFD023DCD46D2E716F8013BF96254F8E2
:100AE0002300FFF731FBD7F88430F96A01304BB1AE
:100AF000D7F8883098453EBFD7F8843023F81800DF
:100B000008F10108054498E7BB6923B1786A0AF047
:100B1000C0FF0028C9D11BF0010F05D1FB6AED1AF7
:100B2000ADE7BB6A002BAAD04846FFF70DFBD7F80C
:100B3000843053B1D7F8883098453FBFD7F8842028
:100B4000431C22F8183008F10108054497E7BAF170
:100B5000000F72D01BF0040672D0D046002607F1B9
:100B6000480052463B61B9620EF04EFFB96A3B69DC
:100B700001EB0A02BA62FA69F9695200FA60BA6ACC
:100B800002EB41023A610BF00202BA603A69B96ABB
:100B90008A4257D162787A621BF0020F32440CBF4E
:100BA0004FEA580100211BF0010FD2B240F09F80A4
:100BB0001BF0040F14BF40460020BB616270A070A0
:100BC000E1703A6A7969FB6A20469847051EFFF68C
:100BD00015AFBB6923707B6A6370FB69E3704146A4
:100BE0003A6AFB6A84F802A007F148009847B0F11E
:100BF0000008C0F2BB807B693A6AA9EB0A01C91AF6
:100C0000FB68C91AD7E90A0398470028C0F2B080E8
:100C1000A84408EB00054FF0000B07F1380AB34574
:100C200072D300213A6AFB6A08469847E6E65646C0
:100C30004FF0000807F1380093E75646D04697E793
:100C4000B04695E7BA6A12F8021BBA6212F8015C64
:100C5000284A54F82500904202D3274A90421ED3D6
:100C6000BA6932B1786A7B600AF013FF7B680028AA
:100C70008CD1BA6802BB08F1280207F1300C08F1E8
:100C80000100944407F1580252FA80F008F102087A
:100C90000CF8101C5FFA88F800F8105C76E7BA6967
:100CA0003AB1786A7B600AF0F4FE7B6800287FF432
:100CB0006DAF1BF0010F09D006F1280207F13000DB
:100CC000711C161806F8205CCEB25FE71BF0040F0B
:100CD0003FF45CAF08F1280207F1300008F1010190
:100CE00002EB000808F8105C5FFA81F84EE700207C
:100CF00063E700BF54FB00003813010063070100E5
:100D000004000001BCFF00001BF80A3087F83730F0
:100D100054F82390D7F884302BB3D7F888309B450C
:100D200021D2D7F8843033F81B803A6AFB6A01215C
:100D300007F13700984700281ADB0544B8F1000F87
:100D400006D14846FFF700FA00F101081FFA88F8BB
:100D50003A6AFB6A414648469847002808DB054442
:100D60000BF1010B5BE74FF00008DEE7454645E677
:100D7000054643E6014B1B68184700BFA405002049
:100D800030B585B004460D461022002168460EF0AD
:100D900063FE02238DF802302A46044B019321465C
:100DA00068460AF0C1F905B030BD00BF750D0000FE
:100DB00080B505460E461746984607F01FF90346CC
:100DC0000EF0BEFEDFF81890044649F800304246A7
:100DD00030463946A84754F8090001F051FB00BFDE
:100DE000080000002DE9F047058B044628079046CF
:100DF00011D4022905F0070540F0CC8020460BF005
:100E000008F978B10138218B042811D8DFE800F007
:100E1000C2106D85950001290CBF45F0100545F005
:100E20002005258388F31188BFF36F8FBDE8F08715
:100E300001F0070AAA4500F0A5800027B9463E4602
:100E4000A368002B00F0BC8041F00801218388F3E7
:100E50001188BFF36F8FA168002900F0BA800D6878
:100E6000002900F0B680D1F804803346524620466F
:100E7000C047002D76D02B6829461D46F0E701F0CB
:100E800007035A1F012A1BD8002221F00701062B55
:100E9000276889B2C4E9002209D13B4603E0628B8E
:100EA000013262831B68002BF9D141F002012183DA
:100EB00020460BF0AEF800287AD041F0200176E011
:100EC000042B0AD121F0070189B2218320460BF0BF
:100ED000A0F810B141F020012183218B01F0070A15
:100EE000AA454FD00027B946AAE7236921F0070198
:100EF00041F00601062DD3F8009021832DD1B9F1E0
:100F0000000F3FD041F00801218388F31188BFF31F
:100F10006F8F3A492046C84729E021F0070123692D
:100F200041F0040189B2042DD3F804902183E6D066
:100F300000273E464FF0040A82E721F007012369AB
:100F400041F0050189B2052DD3F808902183D6D050
:100F500000273E464FF0050A72E700273E464FF055
:100F6000060A6DE72B4687E7B9F1000FD1D1EFF301
:100F70001188202383F31288BFF36F8F238B23F014
:100F800008032383258BEA062ED525F0100323833F
:100F900005F007056669218B002EBFF670AF0023B0
:100FA0002768C4E9003321F0070141F001012183E2
:100FB000218B01F0070AAA454FF000097FF440AFEA
:100FC000002F9CD041F00801218388F31188BFF3E2
:100FD0006F8F002FC8D03D683946334652462046B1
:100FE0000BF043F82F46F4E7AB067FF51BAF25F077
:100FF0002003238305F0070500E700BF97C000002A
:101000002DE9F047DFF85880044607464FF0010904
:1010100014B93846BDE8F08794FAA4F5B5FA85F519
:1010200009FA05F32E0108EB05156FEA030A24EA15
:1010300003042B7B002BEBD058F806301B694BB90F
:101040004644042273682846196807EA0A070BF029
:10105000AEF9DDE7284698470028D9D1F0E700BF70
:101060003C00010030B51049104889B000220EF054
:1010700030FC0F4D0F494FF400320023CDE9062319
:1010800000240E23CDE90334CDE901440A4B00943A
:101090004FF44072284606F0FFFC084928460EF03F
:1010A0006FFA204609B030BDC1100000C00F00200B
:1010B000280B002000290020ED1300002208010069
:1010C000014806F0FBB900BF480A00202DE9F047AF
:1010D000804621480F460BF058F90646002833D0C9
:1010E00000252846BDE8F087237B83B12368DB68B1
:1010F0000BB120469847636883F8069023681B6904
:10110000D3B963680422196820460BF050F9013600
:1011100010345445E8D3B8F1000FE2D0002DDFD0F1
:101120002846FFF76DFF0546002FF7D000214FF44A
:10113000A4700EF0DDFAF1E7204698470028E0D0D1
:1011400009FA06F31D43E2E7044CDFF814A0054654
:101150004FF00109DDE700BFD41300203C0001007F
:101160004C000100014B53F8200070476C00010057
:1011700008B5034608462BB1044A136000F02AFC68
:10118000002008BD6FF01500FBE700BFA805002098
:1011900010B5044C237813B9034806F08FF90123E6
:1011A000237010BD98280020480A002010B504467E
:1011B0000B480BF0EAF85CB1BFF35B8F094B53E8C7
:1011C000001F013943E80012002AF8D1BFF35B8FFA
:1011D00005480EF08AFB0548BDE8104006F06EB9E0
:1011E000CC130020D0130020C00F0020480A00209C
:1011F0000020064BBFF35B8F014653E8000F43E826
:101200000012002AF9D1BFF35B8F7047CC13002086
:1012100070B5FFF7EDFF084C084E0546B44200D309
:1012200070BD63685B792BB123685B6813B1294695
:10123000204698471034F1E73C0001004C000100C3
:1012400010B5044C044920460AF05AFD034B1C60BB
:1012500010BD00BF5409002058000100C413002035
:101260000D4A0E48002310B513700D4A13600D4A45
:101270004FF400411360FFF77BFFFFF7E1FF0A4BDC
:101280000A4918468B4200D310BD1A1A5C68121125
:10129000013222711033F5E79928002087C300003E
:1012A000CC130020D01300203C0001004C000100B2
:1012B00001460022014800230AF043BD54090020E2
:1012C00001480AF0DCBD00BF54090020024B014672
:1012D00018680AF02FBE00BFC413002001480AF0AE
:1012E00064BE00BF5409002070B5294B187800284F
:1012F0004DD0FFF7E5FF0546002845D1254B264C8C
:101300001B68002B19DD0EF09CFA4FF47A72A0FBDB
:10131000020302FB0131C30BD4E9002043EA41433D
:101320009B1A4FEAD13140F2E93261EB000193425E
:1013300071F1000101D3FFF76BFFD4E9003213F51F
:101340007A7342F10002C4E90032BDE87040FFF751
:10135000C5BF63685B7923B1236829461B682046B3
:1013600098471034B442F4D32846FFF7AFFFBFF3D9
:101370005B8F0A4B53E8001F013943E80012002A33
:10138000F8D1BFF35B8FB9E7054C064EEAE770BDB5
:1013900098280020CC130020B80F0020D013002084
:1013A0003C0001004C00010070B50D4D297861B979
:1013B0000120FFF78BFE0B4C0B4EB44206D3FFF718
:1013C00093FF0028FBD101232B7070BD63685B790C
:1013D0001BB1236820469B6898471034EDE700BF97
:1013E000992800203C0001004C00010000212DE95B
:1013F000F0470846FFF76AFE044658B340F26768B4
:101400004FF000090EF09CFB1B4B1C4A1B5813604D
:1014100033B11B4B1B68092B02DD1A4806F04EF84E
:10142000194FDFF860A0002544B12046FFF7E8FD22
:10143000044618B94FF0FF384FF0FF39FFF754FF5B
:10144000064628B9B5B942464B46504606F06AF8FA
:101450003546E9E74FF0FF384FF0FF39D2E72B6808
:101460009B691BB100221146284698471035BD42A2
:10147000F5D3E8E7054DFAE708000000C81300209F
:10148000D0130020480A00204C0001003C0001005D
:1014900013B518480AF079FF174B1B7873B1EFF3B7
:1014A0001184202383F31288BFF36F8FFFF71CFF93
:1014B00084F31188BFF36F8F02B010BD0F4B1B6810
:1014C000002BF9D050B900220023CDE900230C48AD
:1014D0004FF40042002307F083F8EDE70928EBD131
:1014E00007480EF002FA074802B0BDE8104005F0C8
:1014F000E5BF00BFD013002099280020C8130020AA
:10150000C00F0020480A002010B5064B1B68044697
:1015100098472146A06004480AF092FCBDE81040BC
:10152000FFF7B6BFA805002054090020044A054B68
:101530009B1AB1EBD30F34BF52F831000020704733
:10154000BCFF00003C0001002DE9F04F8FB004AF5C
:10155000C1F34A28B8600D4691467B600C0DB8F186
:10156000000F63D0002607F114034FF0040B4FF077
:101570000A0AC7F80C80C7E907667E620193CDF8B6
:1015800008B0CDF800A007F11C03F96832464846C0
:10159000FFF70AFAB0F5006F03461CD36C468AB019
:1015A000D9F8041004AB2648C3E9050140F2FF71E5
:1015B000D9611A464FF400711984224B42F8103F4A
:1015C000214833464FF41251FFF7BEFFA5462C3792
:1015D000BD46BDE8F08FC0F30A0804F117001844B7
:1015E00020F0070080083B60FFF762FE68F3532598
:1015F000044690B13B68154AC7E9083600F110016E
:1016000007F11403F961CDE900A3CDF808B0F9683A
:1016100007F11C034846FFF7C7F968F353257B68B9
:10162000B9682A4620460AF0E2FED0E704F1170026
:1016300020F007008008FFF73BFE0446EDE700BFFF
:101640003708010004000001CCFF0000C1C3000006
:10165000406820B1034BC01A40F3CF0070474FF0F1
:10166000FF307047BCFF00000EB403B503AB01466A
:1016700053F8042B0448019301F0BEF902B05DF861
:1016800004EB03B0704700BF03C50000CA0605D4D1
:101690008B064CBF02490349FFF7E6BF704700BF06
:1016A00041070100400701002DE9F04F89B09B463A
:1016B000149B06939DF84CA0159B0593169B179EB3
:1016C000049304460D469046BAF1000F00F09D8049
:1016D00006F4807307930AF068FE06F002090246DA
:1016E00000283ED091492046FFF7BEFF0746B9F1DA
:1016F000000F08D016F0440F35D18D492A462046F8
:10170000FFF7B2FF074406F0010353B1894B8A4942
:1017100053F82A20894B2046002A08BF1A46FFF7B3
:10172000A3FF06F48073002B49D006F00803002BBA
:1017300063D1B8F1000F66D0814942462046FFF7D9
:1017400093FF0546069B3D44002B6DD1049B002B67
:1017500073D1F30700F1E48031462046FFF796FF8E
:10176000D8E00746C3E7774B18680028CAD0764B05
:101770004FF47A791B68B5FBF3F54FF46163B5FB61
:10178000F0F100FB115509FB05F54FF03C0CB1FBE6
:10179000F3F203FB1211B5FBF0FEB1FBFCF300FB0F
:1017A0001E550CFB131109FB05F50091B5FBF0F577
:1017B0006649CDE901E52046FFF756FFA2E706F0AE
:1017C0000803EBB1624B634953F82A202046FFF728
:1017D0004BFF0546B8F1000F05D059494246204657
:1017E000FFF742FF0544BBF1000FABD05A495A4600
:1017F0002046FFF739FF0544A4E74FF0000BE1E76F
:1018000006F00805E6E745469CE7BBF1010F069B9D
:1018100006D1002B64D1049B002B7BD000250CE06B
:10182000002BF8D04D485CE04D48069B4D492246C0
:101830000AF0FEF8049B002B68D0DFF82C81DFF85B
:101840002C91049F3146102F204628BF1027FFF708
:101850001DFF4FF0000B5D4545DC059B49461A789E
:101860002046FFF701FF4FF0010B1BF0070F03D1DC
:1018700041462046FFF7F8FE5F453BD9059B4946A8
:1018800013F80B202046FFF7EFFE0BF1010BBBF125
:10189000100FEAD1364920464FF0000BFFF7E4FE67
:1018A0005A46059B9A5CA2F120015F2928BF2E228F
:1018B00030492046FFF7D8FE0BF1010BBBF1100FAA
:1018C0001DD01BF0070F03D141462046FFF7CCFE89
:1018D0005F455A46E5D841462046FFF7C5FEEBE78F
:1018E0001F485546A1E741462046FFF7BDFE0BF1D4
:1018F000010BB0E720492046FFF7B6FEC5E7059B80
:101900003B440593049BDB1B04939AD1BAF1000F6F
:101910007FF41FAF204609B0BDE8F04F0AF0E4BDE8
:10192000064A05492046FFF79FFE15E77B080100A0
:101930007F0801007C000100AE0401007608010070
:10194000A4080100DC130020D8130020880801003F
:1019500090000100A8080100AE08010039C5000090
:1019600003C50000F9290000BB080100B30801000D
:10197000BD080100BF080100B908010073B542F2BB
:101980000F738B4228BF0B4605680F4A044605219A
:10199000684609F027FB63680C495B6806460B2222
:1019A00028460AF093FD63683246694628465B681C
:1019B0000AF08CFD636806495B681B2228460AF022
:1019C00085FD02B070BD00BFCB0A0100DE0801003A
:1019D000C2080100074A00210123904206D8064AA6
:1019E00001B901231360054B1860704740085B0084
:1019F0000121F2E740420F00D8130020DC13002041
:101A0000014B01221A7070479A280020014B0020D8
:101A100019607047F41300200148FFF7AFBF00BF03
:101A2000C000010010B5064B18680C46FFF79AFB82
:101A300021460346BDE8104002480F22184700BF68
:101A4000F4130020C0000100F8B5094D094B0A4EFF
:101A5000D5E9004701221A700CB92C60F8BD214667
:101A600030463A4600F01EF8241A0644F4E700BF58
:101A7000E81300209B2800209C28002010B9074B69
:101A800018707047064B1B781BB141F288300DF07F
:101A90001CBBA42000210DF02BBE00BF9A28002003
:101AA0009B2800202DE9F047DFF878901E4F8046F4
:101AB0000E46042499F80050A5B90DF0F9FA324603
:101AC00082464146284605F0D1F8054650460DF0BD
:101AD000F7FAE5B101233B7099F8003073B930464D
:101AE000BDE8F08732464146002005F0BFF80546C4
:101AF000EFE72046FFF7C2FF651E2C46002005F0E9
:101B0000F9F80028EBD03B78002BF2D1E7E73B78DF
:101B1000002BE4D0013C2046FFF7B0FF3B78002BC0
:101B2000C8D1DCE79B2800209A280020014B0360E5
:101B300000207047D000010007B51B491B480AF080
:101B4000E5FE70BB1A4919480AF0E0FE48BB194986
:101B500016480AF0DBFE20BB174914480AF0D6FEEF
:101B6000F8B90146154A11480BF0C8F9C8B9024640
:101B700013490E4801230BF09CFA90B901230093FE
:101B8000014602230948EF220AF0CBFD48B9074875
:101B90000AF0F0FD28B9054803B05DF804EB0AF03F
:101BA00019BE03B05DF804FB20060020900A002057
:101BB00008060020F0050020D8050020AC05002014
:101BC0001A09010008B5044809F08AFF034809F022
:101BD00087FF002008BD00BF6A0901009F090100BE
:101BE000014806F0FDBD00BFD000010038B5044635
:101BF00018B90F4B0F485B6898476168B1F5683FAB
:101C000010D0B1F5680F0DD00B4DA9420AD011F4D8
:101C10006861206807D0014608480DF013FB0023D7
:101C20002360656038BD14220DF016FFF9E700BF90
:101C300070080020CD0901002C5F5CA9F818002075
:101C400008B520B34368B3F5683F10D1012203689B
:101C5000BFF35B8F53E8001F002903D143E8002046
:101C60000028F7D1BFF35B8F0DD1002008BD094AD2
:101C700093420AD000684FF0FF324FF0FF3305F077
:101C800023FB0028F1D00448F0E70448EEE76FF4A6
:101C9000E040EBE72C5F5CA9E98FFFFFEA8FFFFFD5
:101CA00008B5D8B14368B3F5683F10D10022036886
:101CB000BFF35B8F53E8001F012903D143E80020E5
:101CC0000028F7D1BFF35B8F0BD1002008BD074A76
:101CD000934208D0006805F06FFBF6E76FF4E04030
:101CE000F4E70348F2E70348F0E700BF2C5F5CA984
:101CF000E98FFFFFEA8FFFFF10B5044618B91D4BAF
:101D00001D485B6898476368B3F5683F2FD0B3F50B
:101D1000680F2CD0194A934219D1236803BB184885
:101D20004FF0FF324FF0FF33214605F0D1F908B9EB
:101D300023681BB90F4B13485B689847206814222F
:101D400000210DF089FE4FF46863636008E0B3F58D
:101D5000683F0DD83A2B03D040F6BA629342DED1E9
:101D600020680DF0CEFA636843F03A03636010BD5B
:101D7000054AF3E770080020CD0901002C5F5CA93B
:101D8000F8180020F30901003A00003A08B50649A6
:101D90000648402314220DF047FABDE808400449E4
:101DA000044806F0E1BD00BFF8130020F818002039
:101DB000D8000100EC00010008B50348034A0021E7
:101DC000121A0AF0FDFB08BD280B0020DC280020B9
:101DD0000748084A084908B5121A0AF0F3FB0748F1
:101DE000074A0849BDE80840121A0AF0EBBB00BFD9
:101DF000C0040020240B002040130100B804002080
:101E0000C0040020381301002DE9F047064600AF5A
:101E10000C46002936D0E9468AB0D1E90012A36801
:101E20006D462148A8464FF0050AC5E90501C5E9F8
:101E3000072348F810AF1D48424600234FF42151B4
:101E4000FFF782FBCD46D4E903126369AD4618481B
:101E5000C5F810A0C5E90501C5E90723134800230B
:101E600042464FF42151FFF76FFBCD46E369114A1B
:101E70000E4801210AF014FBA3690F4A0B48012107
:101E80000AF00EFB012E07D1EFF305830B4A07483A
:101E9000103B31460AF004FB2146304604F05AFF5D
:101EA000BD46BDE8F08700BF200A0100FCFF00002E
:101EB0004F0A01007E0A01008D0A0100BB0A0100E1
:101EC00030BFFFF7FDBF00BF2DE9F0410B4EDFF83B
:101ED000308006EB0807CC1B0546324609492046F0
:101EE0000DF092FDA01942460021083C0DF0B4FD12
:101EF000C5F8804007F10800BDE8F081000000004F
:101F0000080000004C000100054B5A699B689A428A
:101F10001FBF044A536843F080535360704700BFAB
:101F20001C1D002000ED00E070B5294C06460D4652
:101F3000284829490AF053FBA36AD9043CD525480F
:101F400026490AF04CFB1720A36A1A0504D521483C
:101F500023490AF044FB18201D4CA36A9B0512D5A7
:101F60001C4820490AF03BFBA36BA26A100409D568
:101F70001D4A184801210AF093FA1EB1A36A23F4FE
:101F80000043A3621920124CA36A590504D51148D5
:101F900016490AF024FB1A20A36ADA050ED50D486B
:101FA00013490AF01CFB1B20094A936A43F47F4340
:101FB000936200232B7070BD1620C5E7A36A9B04B3
:101FC000F2D504480B490AF00AFB1C20ECE700BFDD
:101FD00000ED00E0FCFF0000CE0A0100E40A010071
:101FE000F50A0100080B0100210B0100360B01006E
:101FF000510B0100690B010010B5204C204921480C
:102000000AF0EDFAA36A990136D51E481E490AF076
:10201000E6FA1E20A36ADA0104D51A481B490AF021
:10202000DEFA1F20154CA36A1B0304D51548184976
:102030000AF0D5FA2120A36A590304D5114815499D
:102040000AF0CDFA22200D4CA36A9A0304D50D485C
:1020500011490AF0C4FA2320A36ADB0304D5094816
:102060000E490AF0BCFA2420044A936A6FEA03433B
:102070006FEA1343936210BD1D20CBE700ED00E033
:10208000980B0100FCFF0000B00B0100C30B010026
:10209000DD0B0100FB0B0100200C01003A0C0100DC
:1020A0002DE9F843364D804689463648364917466D
:1020B0000AF095FAAB6ADE0627D5344931480AF0B2
:1020C0008EFA1124AB6A1D0704D531492D480AF058
:1020D00086FA12242A4DAB6A980718D52D4929484B
:1020E0000AF07DFA6E6BAB6A190646D52A4A254876
:1020F000334601210AF0D4F9B9F1000F03D0AB6ADD
:1021000023F08003AB62132403E01024DAE76FF0BE
:1021100015061B4DAB6ADA0704D5204919480AF0A9
:102120005EFA1424AB6A9B0604D51D4915480AF0D3
:1021300056FA1524124B9A6AD50602D49A6A900769
:102140000AD55B68190507D54146304600F078FA94
:1021500010B180F309880224094B9A6A920642BFA3
:102160005A6A22F400525A629A6A42F0FF029A6254
:1021700000233B702046BDE8F8836FF01506C2E7E8
:1021800000ED00E0FCFF0000650C01007B0C01008D
:10219000F50A0100AE0C0100C60C0100DC0C0100C8
:1021A000690B01002DE9F041664B8AB0D3F8048039
:1021B00000AF0446C8F30805002686F31188BFF374
:1021C0006F8F02F07F43B3F17F4F07D102F00C0312
:1021D000082B12D15C495D480AF001FA002634460A
:1021E0000023FB71EB1E092B00F28A80DFE803F06D
:1021F0000A80837C88888888888610074CBF0C46B4
:102200000126EDE7524951484E4D0AF0E8F9002306
:10221000FB71EB6A9A0705D54E494C480AF0DFF985
:10222000002332E0EB6A002B01DA4B49F5E7EB6A59
:102230005B00F5D5494945480AF0D1F96B69A269B7
:1022400043F480736B61BFF34F8FBFF36F8F6B6984
:1022500032F8022C23F480736B61BFF34F8FBFF30E
:102260006F8F4DF602739A4208D0AB6ADBB273B33C
:10227000FA1D01212046FFF713FF37E02368384A93
:10228000324801210AF00CF92368FA79DAB907F12A
:10229000080504F1200C206861682A4603C208344E
:1022A00064451546F7D17A6A002E45D0C2F308017D
:1022B00021B96FEA52226FEA42227A6207F10801DD
:1022C0001846FFF7A1FD2837BD46BDE8F081AB6A8F
:1022D00013F47F4F04D0F91D0120FFF725FE05E020
:1022E000AB6AB3F5803F9BD3FFF786FE0346CCE78E
:1022F000FA1D0021BEE7F91D0020EEE719498CE721
:10230000194A1A4B18F4F87FE8468AB018BF1346EA
:102310006A461749C2E905134FF400731384103D50
:10232000144BD56142F8103F084800234FF4115177
:10233000FFF70AF9C54673E722F4FF7222F00102A3
:10234000BBE700BF00ED00E0290D0100FCFF00002D
:10235000540D01006B0D01008C0D01009A0D010060
:10236000B90D0100D50D0100100D0100FB0C01009D
:10237000F90D010004000001044B5A6942F01002FB
:102380005A615A6922F008025A61704700ED00E074
:10239000EFF30880EFF3098101B57246FFF702FF02
:1023A00001BD00BF002080F31488BFF36F8F0F487A
:1023B00080F3088803F0C0FF00200D490860BFF3D8
:1023C0004F8F00F02BF8202080F3118809484FF43C
:1023D0000461401880F30988EFF314800221084358
:1023E00080F31488BFF36F8F00F0FAF88044002068
:1023F00094ED00E0C03200200749D1F8902000237E
:10240000C2F307221846934200DB7047C1F89830A8
:10241000C1F8A0000133F6E700ED00E008B572B6A0
:10242000002383F31388FFF7E7FF144B4FF0FF32CD
:10243000C3F88020C3F88420C3F88820C3F88C2018
:10244000C3F89020C3F89420C3F89820C3F89C20C8
:10245000C3F88021C3F88421C3F88821C3F88C21F4
:10246000C3F89021C3F89421C3F89821C3F89C21A4
:1024700062B6BFF34F8FBFF36F8F08BD00E100E07E
:10248000084B9B6883420BD1EFF3058343B1064BA6
:102490005A6842F080525A605A6A22F400425A62E4
:1024A00005F0B2BD1C1D002000ED00E015498A6852
:1024B0004FF030001044EFF3098C80E8F01F20202B
:1024C00080F31288BFF36F8F0F4F4FF000664A6999
:1024D0008A603E60D2F880000C4C2060D2F8840004
:1024E0000023C2F8843080F3118804B5104600F050
:1024F0000DF9BDE8044002F1300090E8F01F8CF3C4
:10250000098870471C1D002004ED00E0141900200C
:102510001EF0040F0CBFEFF30880EFF30980816910
:1025200011F8021C0229FFD001B572460AF04CF8DE
:1025300001BD00BF40B2002807DB044A4109012366
:1025400000F01F00834042F82130704700E100E0B6
:1025500040B200280CDB4309064900F01F0020337D
:102560000122824041F82320BFF34F8FBFF36F8FCA
:10257000704700BF00E100E0054B420900F01F007A
:1025800053F82220012303FA00F01040704700BFE7
:1025900000E100E040B20028A8BF00F1604001F176
:1025A0000101B8BF064B4FEA4111ACBF00F56140D5
:1025B00000F00F00C9B2B4BF195480F8001370477F
:1025C00014ED00E0044B054A23F07F039360BFF352
:1025D0004F8FBFF36F8F70470000000000ED00E0E9
:1025E00008B5FFF7EFFF074AD2F8883023F47003ED
:1025F000C2F88830FFF7E0FBFFF7EAFB00F05CF879
:1026000004F0CCFC00ED00E042F8203C009B42F8D6
:102610001C3C0A49019B42F8183C029B42F8143CBE
:1026200021F001014FF0807342F8043C42F8081C8D
:102630000023203A0265C0F884307047B10D0000D5
:10264000094A0346906870B113F1160F006F05D068
:10265000A0F140029A4205D8834203D2814228BFAA
:1026600000207047002070471C1D002008B515464B
:102670000C4A0D4B9060D0F880201A600E4600F096
:1026800045F82C4686F309880020044B98472046DD
:10269000002100220023024C20470000F5C5000065
:1026A000B10D00001C1D002014190020014B102248
:1026B0001A61704700ED00E0044800232021C21891
:1026C0000133302B82F80013F9D1704700E100E0AC
:1026D00008B5EFF30583064A103B02EBC30152F83D
:1026E000330049688847BDE80840FFF70DBC00BFCC
:1026F0002CFD0000024B034A0348012100F08AB878
:102700000000042000000020FC000100026F054BC7
:10271000403A1A60044A4021C3E9011218460121D7
:1027200000F082B81819002000000B1508B5034608
:102730001048D0F89020C2F30722013A934207D9FB
:102740000D480E4A012109F0ABFE6FF0150008BDDF
:10275000C0F898300A6822F01F021A4342F01002B3
:10276000C0F89C208A6842F00102C0F8A0201846F8
:10277000EDE700BF00ED00E0DCFF0000100E0100FF
:10278000F0B50E4685B01F4604460025B5420DDA69
:10279000606810B397B1431E18420AD0104A11481E
:1027A0002B46012109F07CFE6FF01502104605B0A2
:1027B000F0BD1F28F2D921680B42EFD123680193A5
:1027C00009F03BFFA36801A90343D0B20393FFF7CD
:1027D000ADFF10F1160FE7D0421C01350C34D5E7E0
:1027E000360E0100DCFF0000044B0522C3F89420E4
:1027F000BFF34F8FBFF36F8F704700BF00ED00E056
:10280000BFF35F8F024B0022C3F89420704700BFD4
:1028100000ED00E010B5034C01232278FFF7B0FF74
:10282000207010BDAC28002008B50B4A0023127898
:10283000FFF7A6FF10F1160F07D0084A0021D2F8C3
:102840009030C3F30723984200DB08BDC2F898001C
:10285000C2F8A0100130F2E7AC28002000ED00E043
:102860002DE9F0435E485F49D0F890300D68C3F31E
:1028700007239D4285B000F2B080FFF7C1FF496891
:102880000022954201F10C011BD1574C574F257086
:102890006846FFF74BF9DFF85881DFF85891064694
:1028A0000025AE4220D123784D490020D1F8902058
:1028B000C2F307229342C0F28A80FFF795FF0020FF
:1028C0004FE0C0F8982051F80C3C23F01F0313434D
:1028D00043F01003C0F89C3051F8043C43F001036E
:1028E000C0F8A0300132CCE7009800EB05114FEAA8
:1028F000051CCB683B40B3F5000F49D00AD8B3F5AF
:10290000001F31D0B3F5800F37D0B3F5801F13D03F
:102910000135C6E7B3F1007F43D0B3F1805F49D002
:10292000B3F1807FF4D150F80C3088684A6809F020
:1029300084FE40F0887009E050F80C3088684A68DE
:1029400009F07BFE40F0885040F43020039001A94C
:102950002078CDE90123FFF7E9FE002833DA6FF094
:10296000150005B0BDE8F08350F80C3088684A685F
:1029700009F063FE40EA0900E8E750F80C30886887
:102980004A6809F05AFE40F0C06040F40030DDE7CC
:1029900050F80C3088684A6809F04FFE40F08270A9
:1029A000D4E750F80C3088684A6809F046FE40F4D5
:1029B0008020CBE750F80C3088684A6809F03DFE6B
:1029C00040EA0800C2E7237801332370A0E7C1F88A
:1029D0009830C1F8A000013368E74FF0FF30C0E73E
:1029E00000ED00E008010100AC2800200000F0FF2D
:1029F0000000021100000811F0B587B007460E462E
:102A000014460021102268461D460DF025F80223C9
:102A10008DF802302A46054B019321466846CDE9E0
:102A2000047608F081FB07B0F0BD00BF5BC6000074
:102A300008B50649064821F00701C1F1005202F528
:102A4000802208F0B8FF002008BD00BF3F590020D9
:102A50002419002070B54169857A0C4E044659B19D
:102A6000437ADB0706D4242303FB0563DB691B6879
:102A70009B6898470023636105EBC505214606EB7B
:102A80008500BDE870400CF0D7BC00BF6C0A002088
:102A9000024B242202FB0030704700BF6C0A00206A
:102AA0002DE9F04385B005466846039190461C46E3
:102AB0000CF0C9FEDDE90067EFF31189202383F3F1
:102AC0001288BFF36F8F6B8A002B41D02A8A9A42FB
:102AD00025D900220023284604F0BEFC0446F0B1AC
:102AE00089F31188BFF36F8F039B002B41D03246CF
:102AF0003B4668460CF0CCFEA27A264B242101FB13
:102B000002332046DB691B6803A91D68DDE9002349
:102B1000A847606170BB2046FFF79CFF24E0698AEC
:102B20004B1E6B8289F31188BFF36F8F2B7D2A8A2E
:102B30002C6A1B3323F00303521A02FB0344154B88
:102B4000154AEB1A9B105343A3722B7DE372CBE71C
:102B500089F31188BFF36F8F23464246284604F05D
:102B60007BFC04460028BFD10024204605B0BDE808
:102B7000F0836361012300252381039B6382E27A52
:102B80006560294604F118000CF066FF6369258230
:102B9000E360EAE76C0A0020398EE33870B50D4C2B
:102BA000242500B970BD037A4668002BFAD0013B9A
:102BB000DBB20372002BF5D1C3604360837A05FB5F
:102BC00003439B6913B198473046EAE7FFF742FF9A
:102BD000FAE700BF6C0A00200E4A0123C2F8403514
:102BE0004FF080424FF08051C2F87835D1F8300173
:102BF000082808D1D1F83411052904D80648415CC9
:102C000009B1C2F838364FF080430122C3F880255D
:102C10000020704700E001407F0E010048B1054BE5
:102C2000054A1B68B3FBF2F35843044B43F001031E
:102C3000184770475C08002040420F005000010018
:102C400008B50448044A3F23C0E9002303F052FCBE
:102C5000002008BD30190020FFFF0F00F7B5064621
:102C60000D461446124F38460CF04BFAE0B1BB68E3
:102C7000AAB21B68314638469847002802DB00207C
:102C800003B0F0BD002CFBD1AC42F8D22F1B042FB7
:102C900028BF04270BF081FE3A46019001A93019A4
:102CA0000CF0B2FE3C44EFE76FF01200E8E700BF23
:102CB000A0FC00002DE9F04190F8283003F01F033C
:102CC000012B04460F4600F128061BD0022B05D02D
:102CD00043BB90F829100AF0D5F903E0818DC9B201
:102CE0000AF0ADF90546E8B1304609F097FE024614
:102CF00068688368A2B99B684BB13A463146BDE823
:102D0000F0411847818DC9B20AF080F9EAE76FF007
:102D100085030CF015FF0F4A13500020BDE8F08129
:102D2000DB68E9E794F82910204609F096FD024691
:102D30000028ECD0304609F071FE40B91369002B31
:102D4000E5D03A463146204698470346E1E7D36846
:102D5000F5E700BF0C0000002DE9F04F0446087EA7
:102D600030F0800893B00D46174640F09B8492B136
:102D70000846FFF713FF6B7ED80706D4990740F18A
:102D8000AA802B7E002B40F0A680204613B0BDE821
:102D9000F04F09F06FBE4B7E9A0705D5802803D10E
:102DA0002846FFF7FBFE96E09E0704F1280900F095
:102DB0006284002840F03484D9072FD52B8A082B51
:102DC00001D028460AE0EA681368A3625368C9F88C
:102DD0000430294609F050FC054610B1FFF7DEFE2D
:102DE0006FE2484609F01AFEE28D70B9B2B1294689
:102DF000A0690BF0EDF80146002800F0438420465E
:102E000013B0BDE8F04F0AF0C4BA3AB111462046FB
:102E10000AF0BAFA0546002800F034840CF090FE5F
:102E200094F82820B94E002312F0600F8351C2F3AA
:102E3000411307D0032B40F0B5810CF081FE6FF0F9
:102E400085033CE0484609F0E9FD94F82930002864
:102E500040F04081013B0A2BEFD801A151F823F04B
:102E6000BB2F00003B2E00003D3000003B2E000039
:102E70008D2E00003B2E00003B2E00003B2E00005C
:102E80000D2F00003B2E00006F2F0000A069618D08
:102E900003697F29D3F88030CFD8A28D002ACCD106
:102EA000E28D002AC9D194F82820D206C5D194F821
:102EB0003020022A05D10CF043FE4FF0FF3333508F
:102EC00018E01B070BD5C9B209F00AFE804648B1CD
:102ED000002D7FF465AF404613B0BDE8F08F0123AD
:102EE00084F8393094F83030012B0DD1638D5BB903
:102EF00084F830300CF024FE3358002B00F0DE83D1
:102F0000002D40F0D581DCE10123F1E7204609F0F6
:102F100003FC628DFF2A01468FD8E38D002B8CD1F4
:102F200094F82830D80688D194F83030002BC2D0DD
:102F30002AB1D2B2204609F08EFF0028BBD0618DA5
:102F400094F838308B42D5D0C9B2204609F08AFFB8
:102F500080460028BCD1628D002A14BF02230123C1
:102F600084F83030052120460AF09FFAC2E794F831
:102F7000283003F01F03012B7FF45FAFE38D002B9C
:102F80007FF45BAF628DFF2A3FF657AFA18DFF291B
:102F90003FF653AF94F83030022B8CD1D2B2C9B285
:102FA00020460AF074F910F1020F804640F0FF80CD
:102FB0000CF0C6FD46F800809CE7E38DA18D002B48
:102FC0007FF43BAF94F83030002B3FF474AF012B0B
:102FD0000FD100297FF46FAF12F01F020CD1638D67
:102FE000012B87D194F86C306FF3C30384F86C30F5
:102FF00080E712F01F0217D0022A7FF47BAFB4F8EB
:103000002AA0BAF1000F7FF475AF5FFA81F841464C
:1030100020460AF030FA03460CF092FD335001339B
:1030200006D14FF0FF3853E700297FF444AFD6E7CD
:1030300052464146204609F0F7FC5BE7E38DA18D3F
:10304000002B7FF4FAAE638D022B5FFA81F813D167
:1030500094F8283003F01F0358EA03037FF4EDAE21
:10306000A0690122090A09F018FD00287FF4E5AEE5
:10307000012384F839303DE794F8300000283FF40C
:103080001AAF01280DD100297FF415AF12F01F02ED
:103090000AD1012B7FF42EAF94F86C3043F0080373
:1030A000A4E712F01F0211D0022A7FF423AF002BF5
:1030B0007FF420AF414620460AF0C8F903460CF0E1
:1030C0003FFD33500133ACD00122B2E700297FF439
:1030D000F2AEDEE70A2B3FF6B0AE01A151F823F0C5
:1030E000113100003B2E00003B2E00003B2E000063
:1030F0003B2E00003B2E0000913100003B2E0000D3
:10310000773500003B2E0000A53500000C000000C4
:10311000E38DA18D022B7FF490AE94F83030002B1C
:103120003FF4C9AE012B10D100297FF4C4AE12F0D8
:103130001F020DD194F86C304FEA930808F0020892
:10314000C3F3001348EA030806E012F01F0210D090
:10315000022A12D04FF0000805F10C0A504609F07F
:10316000C7FAE38D98420ED20CF0EAFC6FF00B0325
:10317000A5E600297FF49FAEDCE7C9B220460AF03D
:1031800089F98046E8E74146504609F098FAB1E6E9
:1031900094F82820B4F82A80D1064FEA18235FFA61
:1031A00088F809D029462046FFF784FD8046B8F10B
:1031B000000F7FF48DAE9DE6013B0E2B3FF63DAE3A
:1031C00001A252F823F000BF053200004F32000088
:1031D000373300003B2E00003B2E00002F33000051
:1031E0002F3300003B2E00003B2E00003B2E000042
:1031F0003B2E00003B2E00003B2E00003B2E00002B
:103200008134000005F10C0A5046B4F82E8009F014
:103210006FFA80450AD2B4F82E80204609F07CFA75
:1032200048B101287FF409AE616F05E0504609F00E
:103230005FFA8046F1E7216F002900F0D0810A781B
:10324000424528BF4246504609F028FA52E6204639
:1032500009F062FA08F1010201900146D2B220465B
:1032600009F0D3FD824600283FF4E7AD05F10C08D4
:10327000D0F804B0404609F03BFA9BF80020904299
:1032800003D2404609F034FA02465946404609F056
:1032900005FADAF80CA0BAF1000F1CD1298AE38DE7
:1032A00099423FD80CF04CFC3358002B00F00682BA
:1032B0002846FFF773FC0CF043FC3358002B00F05A
:1032C000FD81484609F0AAFB0346A069002B00F0E7
:1032D000DC818021E2E1DAF8040083681B6B13B91A
:1032E000DAF800A0D7E7019998470028F8D0A0F1B4
:1032F000040B5BF8043F002BF2D01B78002BEFD0BF
:10330000404609F0F5F9DBF800301A78904203D214
:10331000404609F0EDF982B2DBF80010404609F0B2
:10332000BDF9E6E7C91A404609F0D3F9BAE72046E5
:1033300009F0F2F981E542460321204609F0CCFA72
:10334000824600283FF479AD09F063FBB4F82EB053
:10335000E0B9BAF81430ADF82830DAF8103005F1D9
:103360000C081B88ADF82A30404609F0C1F98345A6
:1033700008D2E08D9DF82820824228BF02460AA983
:10338000404661E7404609F0B3F9F3E79AF8153093
:10339000DAF808208DF81530C44B1340C44A4FF0BA
:1033A000000893428DF8148058D1102106A80BF024
:1033B0002BF8031EFFF641AD0AA9102BDFF8F4E24B
:1033C00006A88C4628BF1023434501F1020134D8DA
:1033D0009B0002338DF81430CDF804C005F10C0ABF
:1033E000504609F085F99DF81480D84528BFD84685
:1033F000404503D2504609F07BF98046B8F1020FF0
:10340000C34628BF4FF0020B5A4605A9504609F0A3
:1034100045F9A8EB0B08DDF804B04FEA58030BEBB5
:1034200058025A4522D118F0010F3FF463AD019ABA
:10343000D15C504609F03BF95CE510F8012B4FEAEE
:10344000121A02F00F021EF80AA01EF8022001F85C
:1034500002AC01F8012C08F10108B5E79AF8143024
:103460008DF81430DAF810300193B7E71BF8011B20
:103470005046CDE9022309F022F9DDE90223D0E725
:10348000204609F049F920B101287FF4D6AC636FDA
:1034900000E0236F002B00F0A2805B88B3F5007F73
:1034A0007FF6CBAC844B0A9300238DF82C30E36C71
:1034B00004F14C0898455BD105F10C0B584609F016
:1034C00017F9BDF82AA0E38D9A4528BF9A465045C2
:1034D00003D2584609F00CF982469DF8282052453F
:1034E00028BF52460AA9584609F0D8F8BAF1050F84
:1034F00094BFAAEB0A0AAAF1050ABAF1000F3FF439
:10350000F9ACE36C43453FF4F5AC002B3FF4F2AC6F
:103510005A7D0F2A14D11A7D19690193524528BF8B
:103520005246584609F0BAF8019B1A7D524594BF9D
:10353000AAEB020AAAEB0A0ABAF1000F3FF4DAACCE
:10354000226D9A423FF4D6AC1B68DEE75A7D0F2A03
:103550000AD11A7DBDF82A100A44ADF82A209DF838
:103560002C2001328DF82C20226D9A42A4D01B68A9
:10357000002BEBD1A0E794F8303094F838A0002B62
:103580003FF499ACE38D012B7FF457AC05F10C08A7
:10359000404609F0ADF8E38D9842FFF4E5AD5146A1
:1035A000404647E794F8283003F01F03012B7FF4CF
:1035B00082AC204609F03DFC00283FF47CACA38D92
:1035C0004268FF2B3FF639AC12799A42FFF435ACD2
:1035D0000F2B3FF632AC234493F83AA0D2E76FF0BA
:1035E000150875E42946204609F0D3FE00287FF42B
:1035F000E8ABA0690369D3F8801011F004017FF4EF
:10360000C4AB0AF0F9FC054600283FF45AAE014667
:10361000204609F0BEFE00283FF4B7ABFFF7D1BB50
:103620005A077FF54EAE80287FF44BAE2846FFF751
:10363000B5FA94F83930002B3FF44DAC94F82930AA
:10364000052B05D1618DA069C9B209F049FA074679
:1036500094F82930032B09D1638D022B06D1A18D5B
:10366000A0690022090A09F018FA0746002384F825
:103670003930B8462FE45B077FF523AE0028D2D15E
:10368000FFF78EBB6FF00B071BE6E38D002B3FF4BB
:1036900020AE17F10C0118BF0121C9010AF0D2FBBD
:1036A000FFF773BB6FF0040815E400BF00FF0200D2
:1036B00000030200890E0100050F0500E38D3BB1F8
:1036C000484609F0ABF900288CD12846FFF766FA86
:1036D000204609F0B9F900287FF4F3ADFFF755BB98
:1036E0000B78062B10B414D10369D3F89C20EFF3A8
:1036F0001184202383F31288BFF36F8F4B6800205F
:103700001860506A58B9C2E9083384F31188BFF3CE
:103710006F8F044810BC002200230BF0E3BD036050
:103720005362F2E7100A00202DE9F043614F85B0A3
:1037300020264FF0FF334FF0FF3201A9384603F047
:103740005FFD039B1B69D3F89C40236A5BB1EFF3D9
:10375000118386F31288BFF36F8F216AE1B983F377
:103760001188BFF36F8F9DF80430062BE1D0072B33
:10377000DFD801A252F823F0DF370000D337000072
:10378000FF370000E537000023380000193800003B
:1037900033370000AF380000606A0A682262814255
:1037A00008BF626283F31188BFF36F8F0B7ED1F87D
:1037B0001E205D06204609D1FFF7CEFA02460028FA
:1037C000C3D00721204609F070FEBEE709F02EFCA9
:1037D000F4E700220121204609F067FEA9E7002254
:1037E0001146F8E794F86C3043F0040301A984F81B
:1037F0006C30204609F09CF900220321EBE794F895
:103800006C306FF3820301A984F86C30204609F014
:103810008FF900220221DEE701A9204609F088F98C
:1038200087E794F86C30D4F818806FF3820384F83B
:103830006C30D8F81030D8F80890BFF35B8FD3F80D
:10384000A030BFF35B8F9A0727D5D9F83C304046AC
:103850009847D9F82430002140469847D9F840309D
:10386000054640469847D5B92946204609F0FAFA58
:103870000546A0B9A0690AF0DEFB831E58425841F4
:1038800094F86C3084F8305023F0680343EA401316
:1038900084F86C302A4604219DE74FF0FF35002262
:1038A0000421204609F001FE2A46072193E7029AE7
:1038B000062190E7100A002030B589B000220023CD
:1038C000CDE9062300246FF00703CDE90334CDE9E9
:1038D00001441A4B1A4900944FF48062194804F0CD
:1038E000DBF8194917480BF04BFE184B18498B426F
:1038F00007D3184B184900208B4210D3002009B081
:1039000030BD03F11402BFF35B8F52E8000F42E8B1
:103910000045002DF9D1BFF35B8F1833E7E703F1C2
:103920001402BFF35B8F52E8004F42E80005002D00
:10393000F9D1BFF35B8F1833DEE700BF29370000F2
:10394000402C0020F80F00209A0E01000C0B0020E4
:10395000240B0020240B0020240B002038B5024645
:103960000949054680690AF0CCFB044648B985F848
:103970003800284609F04DF9044610B1A8690AF04C
:10398000F3FB204638BD00BFE136000070B5084C9F
:10399000084E0546B44202D30024204670BD636839
:1039A00028461968FCF7C6FB0028F6D01834F1E762
:1039B0000C0B0020240B002070B50646EFF311819C
:1039C000202282F31288BFF36F8F1D4C236881F38E
:1039D0001188BFF36F8F5B6893F86C30DB0705D4F9
:1039E000BDE870402122002303F0A2BFEFF3118352
:1039F00082F31288BFF36F8F256865B983F311884E
:103A0000BFF36F8F2368D3B130460022BDE870400A
:103A1000002303F059BF61682A6822608D4208BF05
:103A2000626083F31188BFF36F8F686805F1080146
:103A3000C3699847034829460BF004FCE2E770BDD0
:103A4000381900209009002030B585B06C4684E814
:103A50000600054600221548002303A903F038FBA1
:103A60000246E8B9039B94E803005D60083383E8ED
:103A70000300EFF31180202383F31288BFF36F8FCD
:103A8000039B1A600A4A516861B9C2E9003380F3A6
:103A90001188BFF36F8F07480022002303F014FF43
:103AA00005B030BD0B605360F1E700BF9009002006
:103AB00038190020C004002038B54B7804694568E7
:103AC0002069202B08D0222B19D00CF039F8114B8B
:103AD0006FF085021A5010E0CB88072BF5D1D36820
:103AE0001A6842609A8802819B79837209F0FEFC11
:103AF00022460821284609F0E6FC002038BD4B8804
:103B00008381C3F3400203F0010302764376224629
:103B10000921EFE70C00000008B51346026910699F
:103B20004A78212A13D133B90CF00AF80B4B6FF005
:103B30000B021A5009E0CA88072A00F1040128BFC5
:103B4000072203F10C0008F0A9FD002008BD0BF0CE
:103B5000F7FF024B6FF08502EBE700BF0C0000009F
:103B600073B504698DF807102025EFF3118685F3EE
:103B70001288BFF36F8F0122E06B0DF1070108F08F
:103B8000ADFB86F31188BFF36F8F012812D00BF0C5
:103B9000F1FC08B9A37EABB90D4BBFF35B8F0122DB
:103BA00053E8001F002903D143E800200028F7D183
:103BB000BFF35B8F2122002304F1480003F084FE51
:103BC00002B070BD002121200BF092FDCDE700BFB7
:103BD0004019002038B505690E49EB6B0024C3E994
:103BE0000144DC606B6B05F14800C3E90144DC6013
:103BF0000BF0A7FC05F1780007490BF076FC0749AC
:103C000005F124000BF071FC284609F06FFC2046FA
:103C100038BD00BFC1D6000069D80000F5D800004B
:103C2000F8B50369BFF35B8F03F1A005D3F8A030AB
:103C3000BFF35B8FC3F38003994200AF0C4617D1EB
:103C4000174A184B6E4688B0002908BF13466A46CB
:103C50001549C2E905134FF400739383134B42F8DF
:103C6000103F134800234FF4E451FDF76DFCB546B7
:103C7000BFF35B8F5CB155E8003F43F0040345E8B8
:103C80000032002AF7D1BFF35B8FBD46F8BD55E87F
:103C9000003F23F0040345E80032002AF3D0F6E7A2
:103CA000B20E0100EF0F0100B90E01000300000188
:103CB0002C0001002DE9F0470546D0F808A0894600
:103CC00090461F4609F06EFF0446C0B1067DF3071B
:103CD00009D5037E1648174A012108F0E1FB6FF071
:103CE0007700BDE8F0873B464246494609F014FF9D
:103CF00040B9237E104A0E48012108F0D1FB6FF035
:103D00001200EEE79DF8203084F8198026F00606B0
:103D1000678323772675DAF81830214628469847B6
:103D2000227DB0FA80F35B0963F300022275D8E7C5
:103D30002C000100CB0E0100E50E010070B5054618
:103D4000866809F02FFF0446D0B1037DDB0708D455
:103D5000037E0D480D4A012108F0A2FB6FF07700A9
:103D600070BD0146F3692846984738B1237D03F0BA
:103D70000103227D63F300022275F1E70346F8E7B1
:103D80006FF01200ECE700BF2C000100070F0100EC
:103D9000F8B587680546FB6B0C469847286909F01B
:103DA000EFFED0B12146284609F0FCFE0646B8B128
:103DB000037D9B0705D0037E0B4A0C48032108F0C6
:103DC0006FFB346824B1BB683146284698470446E7
:103DD00028463B6C98472046F8BD4FF0FF34F7E784
:103DE0006FF01204F4E700BF220F01002C00010065
:103DF0002DE9F341D0F808801746D8F83C30054645
:103E00000E4698470C48002200233946FEF748FE2C
:103E1000044670B9094A0A4800963B46012108F059
:103E200049FB2846D8F840309847204602B0BDE804
:103E3000F0810676F5E700BF6C0A0020430F010011
:103E40002C0001004FF08053D3F83021082A06D10E
:103E5000D3F83431052B04D8034AD05C70470020D6
:103E600070470120704700BFDE10010010F0080FFE
:103E70000B4B42B20CD100F00F00002A4FF014029D
:103E800002FB0033B4BFD3F80806D3F80807704725
:103E9000002AB4BFD3F8A806D3F8A807704700BF1C
:103EA00000700240F8B50246EFF31185202383F33A
:103EB0001288BFF36F8F00F008070AF080F901261F
:103EC000864012F07F0F1E4B6FEA060432D057B1C6
:103ED0001A6822401A601B4BC3F86C6485F3118882
:103EE000BFF36F8FF8BD184F396821FA00F0C00793
:103EF0000AD419682140196014490B68120654BF8E
:103F0000234033430B60E6E72140396051B2C94397
:103F100022F08000C90F00F2DA30090101EB400104
:103F20000848C0F80018D0F8041841F00201C0F8A1
:103F30000418DEE7196821401960002FCBD1DBE7B8
:103F4000A0190020007002409C190020A419002034
:103F5000EFF31180202383F31288BFF36F8F0A4B96
:103F6000D3F8001C032261B949F27531C3F8001C73
:103F7000C3F8142DC3F8001C80F31188BFF36F8FB2
:103F80007047C3F8142DF7E700E00640EFF3118007
:103F9000202383F31288BFF36F8F0A4BD3F8001CE2
:103FA00061B949F27532C3F8002CC3F8141DC3F887
:103FB000002C80F31188BFF36F8F70470022C3F885
:103FC000142DF6E700E0064070B502460AF0F7F857
:103FD000EFF31185202383F31288BFF36F8F531EF5
:103FE0000124062B04FA00F40FD80E4E0E4B316854
:103FF0001B680B43C34013F0010306D10B4802F5C5
:104000009472214340F822303160094A13682343F7
:104010001360084B8022C3F8042185F31188BFF395
:104020006F8F70BD9C190020A41900200070024001
:10403000A019002000E100E0F8B50306044623D4EF
:1040400010F0080720D100F00F02920002F1804228
:1040500002F51C32D2F84434B3B1EFF311862023B9
:1040600083F31288BFF36F8F0AF0A9F8084DC2F8E6
:10407000A074012303FA00F12B6823EA01032B60EB
:1040800086F31188BFF36F8F024BC3F81845F8BD54
:10409000A41900200070024008B50B7E012203F035
:1040A0000F0013F0800F02FA00F2124B12D0D3F877
:1040B0001005104218D00B7E1A0709D40D4AC2F819
:1040C0000C3543F48073C2F80C35087EFFF7B4FF5B
:1040D000002008BDD3F814051042ECD1D3F8140524
:1040E0000243C3F81425E6E7D3F810050243C3F8EA
:1040F0001025E0E7007002400B7E064A13F07F0FA8
:104100000BBF012343F480735365C2F818350020B8
:10411000704700BF0070024070B506460D4609F0BA
:1041200041FD044609F047FD28BB204609F066FD25
:1041300008B3802D16D1437E9A0744BF0E4A1570EE
:104140005B070FD50D4B1B7813B90D4B01221A6578
:10415000204609F04FFD002201463046BDE8704080
:1041600009F065BD2846FFF72FFF20460121BDE875
:10417000704009F024BD70BDAF280020B328002096
:104180000070024070B506460C4609F00BFD05466E
:1041900009F011FD20BB284609F030FD0146F8B1B9
:1041A000ACB9437ED8071BD49A0704D50D4B1C70BD
:1041B0000D4B0122DA644B7E5B0708D50B4B1B7855
:1041C00073B130460022BDE8704009F030BD204692
:1041D000FFF7FAFE28460121BDE8704009F0EFBC68
:1041E00070BD00BFAF28002000700240B42800203E
:1041F00008B5054A0548032109F0E9FF0AF045FF23
:1042000002F09EFC002008BD710F01003400010087
:1042100038B545682C4654F8040B01F0C1F80B4B37
:104220000022186001212720FEF7B4F9204602F091
:1042300051FC05F1080002F08FFC0AF01FFF044A50
:104240000448032109F0C3FF002038BD54190020A1
:104250007A0F0100340001000346024A024801219E
:1042600008F01EB9860F010034000100012810B5C6
:10427000014602D0022807D0A0B90C4BBDE810407F
:104280001868002209F0C7BC094B0A4C00221A70BA
:10429000094BC4F800332720FEF74CF90123C4F87A
:1042A000043510BDBDE81040FFF7D6BFA8190020A7
:1042B000B028002000700240FDFFDF0101460148E8
:1042C0000BF090BB580A002008B5054B1970054B40
:1042D0001B7813B10420FFF7F1FF002008BD00BFD9
:1042E000B1280020B228002010B50469087E0D4ACC
:1042F00009F065FF012303FA00F01368034313601C
:1043000003F088FD4020FFF7D9FF4FF0FF324FF058
:10431000FF3304F18401044803F04AFB03F08EFDEF
:10432000002010BD98190020640A00202DE9F04FEC
:104330004F4AD0F81080064689B04E48032109F054
:1043400046FF4D4B1E6008F184000AF0DAFF0022A0
:104350000023CDE9062300246FF00703CDE90334E1
:10436000CDE90144454B464900964FF4007245485B
:1043700003F092FB444F45494248DFF814A1DFF8AF
:1043800014B10BF0FDF83A69434B134043F4820338
:1043900043F040033B61B9463C763946304609F06C
:1043A00013FC054680B13D4A3248012109F00FFF58
:1043B000284609B0BDE8F08F13690AEA030343EA0F
:1043C0000B0313612037E7E70134092C10D009EB08
:1043D0004412082C937C43F040039374ECD1D9F839
:1043E00010312F4A1A402F4B1343C9F81031E9E717
:1043F0002D4C2E4B2269DFF8A8A0DFF8A8B013409F
:1044000043F4041343F0400323610746A14667F0D9
:104410007F0323762146304609F0D6FB1C4A054629
:104420000028C0D10137092F19D009EB4711082FF7
:104430008B7C43F020038B7408D1D9F810310AEA41
:10444000030343EA0B03C9F8103106E00B6913407C
:1044500043F4C02343F040030B612034D7E798F8BE
:10446000803023F0720343F0720388F880309FE7B6
:104470009D0F010034000100A819002059450000DB
:104480008030002088100020CC1A0020A50F0100E9
:104490000000F9FF400006000000BEFFAE0F010063
:1044A0000000F7FFFF010800AC1900200000DEFF4C
:1044B00010B50C462046114609F0A2FB207E09F0FB
:1044C0007EFE0146034809F084FE0120FFF7F6FE58
:1044D000002010BDF01B002008B5064A0B7EC2F874
:1044E0000C3543F48073C2F80C35087EFFF7A4FD49
:1044F000002008BD0070024010B50C7E4FF0FF3266
:104500004FF0FF33114803F00DF82046FFF7CAFCC7
:1045100004F00F02012393400D4A14F0800F14BFE2
:10452000D2F81015D2F814156FEA030315BF0B402B
:104530000B40C2F81035C2F81435044802F0BEFF33
:10454000044B8022C3F80421002010BD380A00204B
:104550000070024000E100E02DE9F04FDFF8FCA21E
:10456000BF4D87B004464FF0FF384FF0FF390022AF
:10457000CDE900894FF0FF3150460BF03AFA4FF089
:10458000FF3150460BF031FA0746380733D5B54AAC
:10459000B548032109F01BFEB44842464B4602F0E1
:1045A000C1FFEFF31182202383F31288BFF36F8FD3
:1045B000AF4B1B787BB1D5F8003413F400730AD1EC
:1045C0000121C5F82C15D5F82C15D5F8001489054E
:1045D00048BFC5F82C3582F31188BFF36F8FA3480D
:1045E00002F06CFF01212046FFF71AFB0022032195
:1045F000204609F010FBFB060DD59E4A9A48032180
:1046000009F0E5FD00212046FFF70AFB0022022108
:10461000204609F000FBBE060DD5974A92480321BB
:1046200009F0D5FD00212046FFF7FAFA0022022109
:10463000204609F0F0FAB8074FD4F90710D5BFF3B8
:104640005B8F8E4B002253E8006F43E80021002966
:10465000F9D1BFF35B8F4FF00108002E40F0B2801C
:104660007A0740F1E380864B00261E70D5F880045F
:10467000C0B28DF81000D5F88414C9B28DF81110AD
:10468000D5F88834D5F88C2443EA02239BB2ADF8E0
:104690001230D5F89024D5F894C442EA0C22ADF833
:1046A0001420D5F89824D5F89CC442EA0C2292B282
:1046B000DFF8D0C1ADF8162010B9052900F09980B7
:1046C000714A8CF80060D5F8703412789A4240F044
:1046D0009B806E4B00221A70A4E06D4BBFF35B8F82
:1046E000002253E8008F43E800210029F9D1BFF3ED
:1046F0005B8F4FF0010BB8F1000F9ED098FAA8F92C
:10470000B9FA89F90BFA09F3B9F10F0F28EA03088E
:1047100016DDA9F11006F6B23146204609F042FA3C
:10472000814609F067FA002840D15A4A4E4833467C
:10473000012107F0B5FE31462046FFF723FDDAE7F9
:1047400049F080063146204609F02CFA029009F023
:1047500051FA50B9504A44483346012107F0A0FEAF
:1047600031462046FFF7D8FCC5E7039000210298A8
:1047700009F025FA039B00221946204609F057FA52
:10478000B9F1000FECD13E4B494683F800B020460A
:10479000C5F850B009F006FA09F02CFA01460028D5
:1047A000DED04A46204609F042FAD9E702900021BD
:1047B000484609F004FA029B00221946204609F0F7
:1047C00036FAB8E796FAA6F3B3FA83F308FA03F2D7
:1047D0000F2B26EA020606DDA3F11001C9B220461E
:1047E000FFF7D0FC39E743F080012046FFF794FC47
:1047F00033E701218CF80010C2B903F07F03ADF854
:104800001230ADF8142064E7204A012313708CF8AD
:1048100000304FF4A063ADF81030D5F87034ADF827
:104820001230059604A9204609F028FA7B067FF588
:104830009AAE206984304FF0FF324FF0FF3302F020
:1048400043FD164E094F316861BB154803F076F8F9
:104850002069843002F0B0FD85E600BF580A0020D0
:1048600000700240CA0F010034000100380A002025
:10487000B0280020E10F0100F70F0100F01B00201D
:10488000B4280020B3280020B1280020B22800203E
:10489000EC1B0020281001000F10010098190020C7
:1048A000640A002091FAA1F8B8FA88F8B8F10F0F5D
:1048B0004146C6BFA8F11001C9B241F080012046AF
:1048C00009F070F9814690F818B04FF0FF324FF0C0
:1048D000FF33384602F026FE5846FFF7E3FA384623
:1048E00002F0ECFD0F4B8022C3F80421494620461C
:1048F00009F0B5F90021484609F061F9BFF35B8F73
:10490000012303FA08F3084ADB4352E8000F18407A
:1049100042E800010029F8D1BFF35B8F32681340F1
:10492000336090E700E100E0EC1B00204FF0805383
:10493000D3F83031082B02BF024B0022C3F81C2CE5
:10494000704700BF007002402DE9F04105464FF06E
:10495000FF324FF0FF33414802F0E4FD404B80222C
:10496000C3F884212720FDF707FEA8B13D4F3E4B39
:104970003C681B68240C24041C434FF00108002CE5
:1049800037D13A4E40F2FF133B602720C6F804456A
:10499000FDF7DEFDC6F80043354A13788BB1334B83
:1049A0000021C3F808110121C3F80026C3F804163A
:1049B0005960D3F808110029FBD00021C3F8081171
:1049C00011702A4B0024C3F80045FFF7AFFF2348BE
:1049D00002F074FD21462846FFF7B0F9F0B1254AF0
:1049E0002548012109F0F3FB6FF004052846BDE8D6
:1049F000F08194FAA4F6B6FA86F60F2E3346C6BFB7
:104A0000A6F11003D8B243F08000030701D4FFF7EA
:104A100049FA08FA06F624EA0604B0E72846802197
:104A2000FFF78CF905460028D9D1144B14491E68AC
:104A3000304607F0CBFB10F1780F044603D1304627
:104A400007F0A0FB0446002CD0DA0E4A0A482346A1
:104A5000012107F025FD2546C8E700BF380A0020E0
:104A600000E100E0A4190020A0190020007002401D
:104A7000AD28002045100100340001005419002029
:104A800044190020681001002DE9F04F474BDFF872
:104A900020B1D3F85421DFF81C8187B01AB300226B
:104AA000C3F85421D3F8042391021CD5D3F8C034A1
:104AB000002B14BF4FF001224FF480723E4B9B68D5
:104AC0003BB99BF8000009F07AFB0123834022EAFE
:104AD0000302D8F800301343384AC8F8003013688E
:104AE00023F001231360314BD3F8604134B100222D
:104AF000C3F86021D3F86C44C3F86C44D3F8282180
:104B00004AB10022C3F828212D4B187809F057FB31
:104B1000012383401C439BF800509BF900102B0796
:104B200032D40029B4BF274B274B05F00F02920067
:104B300013441A68002A5FD000221A602846FFF743
:104B400095F9224B1A7800F0010050401870FFF7D9
:104B5000EDFE1F4B28461A6809F031FBC240D7070B
:104B600006463DD4002916DA882D06D1014619489B
:104B700009F02FFB0220FFF7A1FB104A0123116867
:104B8000B3400B43136031E0134B144A13EA210383
:104B900038BF1346CDE701460E4809F01AFB022044
:104BA000FFF78CFB013D062DE7D91FE000700240A6
:104BB000AE280020A4190020380A00209C190020EB
:104BC000AF2800200871024030710240AD2800205B
:104BD000A0190020EC1B00202C71024050710240F3
:104BE000002D40F00181A34B0122DA6481238BF870
:104BF0000030A14802F062FC9CB1D8F800309F4A16
:104C00009F4FDFF8809224F001210B43C8F8003059
:104C1000136823EA01031360A4B20126002C40F0BC
:104C2000E780944BD3F800217AB10024C3F8004107
:104C3000954B964A96481C70032109F0C8FA904B90
:104C400022461868042108F0E6FF8A4BD3F8582161
:104C50002AB30022C3F85821D3F80044C3F8004413
:104C6000E60505D5884B012208201A70FFF726FBC0
:104C7000A50505D5844B002210201A70FFF71EFBF6
:104C800060050CD5804B1A784AB100221A70794B16
:104C90000122C3F8082520209A65FFF70FFB754B0A
:104CA0007C4CD3F85C31F3B1734B9B681BB99BF818
:104CB0000030590617D06F4B0022C3F85C212368DF
:104CC0006E4A23F001132360D8F8003023F48033B8
:104CD00043F00103C8F800301368042023F00113E7
:104CE0001360FFF7EBFA2568D8F800301D4078D044
:104CF000604BD3F82C45002C73D15F480022002371
:104D000002F010FC00286CD115F0012314BF93FAB7
:104D1000A3F595FAA5F5B5FA85F50F2D88BFA5F190
:104D20001009574B8CBF5FFA89F945F08009186864
:104D3000494608F037FF029008F060FF4FFA89F308
:104D4000039309F0080304934FFA89F3002B0646F6
:104D500009F00F0A80F2A280029B048A5B8BC7686D
:104D6000C3F30A039C4207F0604272D9B2F1005FBC
:104D70001C4605D039464848474F1A460AF044FEBB
:104D80004FF080530121D3F83031082B02BF394B4B
:104D90008222C3F81C2CD8F80030049A8BF80090BB
:104DA00001FA05F523EA0503C8F80030314B002A63
:104DB00040F0B580039A002A4FF0140202FB0A3239
:104DC000A9BF0AF10A0A03EB8A03C2F80077C2F806
:104DD0000447AFBF43F82A10C2F80076C2F8044671
:104DE000596007B0BDE8F08F0029BFF6DBAEC4E61E
:104DF00094FAA4F5B5FA85F506FA05F345F08005B1
:104E00002946386824EA030408F0CCFE08F0F6FED0
:104E100082462846FFF72AF801460AF10C0007F0FF
:104E20005FFCBAF81030002B7FF4F8AE504608F063
:104E3000E9FE18B1504608F0E9FEEFE6284609F011
:104E4000BEF90146484609F0C4F90220FFF736FAD8
:104E5000E4E6029208F0D6FE029AB2F1005F06463E
:104E600005D039460C480C4F22460AF0CDFD002EE5
:104E700036D085E700700240380A00209C190020D7
:104E8000A8190020EC1B0020B02800207F10010092
:104E900034000100A019002058190020038A56F898
:104EA0000C7F09F008021F44244B0AB3D3F8C03426
:104EB000DA0321D5304607F01BFC0023214630469B
:104EC000059307F0E5FB029B5A8B059BC2F30A0290
:104ED0009A4205D1304607F00BFC00287FF450AF12
:104EE000174901220B68AA4023EA02030B6047E737
:104EF0000AF5947253F822300593304607F0F8FB18
:104F0000059B9842044608D20E4A009001210E48A3
:104F1000059307F0CFFA059BD0E71C46CEE7039A2E
:104F2000002AB5BFC3F8A076C3F8A077C3F8A4469B
:104F3000C3F8A447B4BF5962996452E700700240B5
:104F4000A01900208510010034000100EFF3118347
:104F5000202282F31288BFF36F8F174A12781AB398
:104F6000164AD2F82C15F9B10021C2F82C154FF0D1
:104F70008052D2F83021082A05D083F31188BFF37C
:104F80006F8F002070470E4AD2F8000CC02140B944
:104F900049F27530C2F8000CC2F8141CC2F8000CBB
:104FA000EBE7C2F8141CE8E783F31188BFF36F8FB7
:104FB0006FF00A00704700BFB02800200070024068
:104FC00000E0064073B500220092114640230446DB
:104FD000FEF770FE024648B1604A6148012109F0BF
:104FE000F6F86FF00404204602B070BD0090402334
:104FF00020468021FEF75EFE04460028ECD1594988
:10500000594B4860C860012618688E6007F063F845
:10501000051E07DA554A52482B46314607F040FA3A
:105020002C46E0E7EFF31185202383F31288BFF3CA
:105030006F8F4F4B4FF40062C3F80024FEF702FF5E
:1050400008B1FEF785FF4FF08053D3F83031082BBD
:1050500018D1EFF31180202383F31288BFF36F8FF1
:10506000444BD3F8001CC022002970D149F275319D
:10507000C3F8001CC3F8142CC3F8001C80F311887B
:10508000BFF36F8F3A4B0122C3F80025D3F80024F9
:105090001205FBD54FF40062C3F800244FF0805393
:1050A000D3F83031082B17D1EFF31180202383F38D
:1050B0001288BFF36F8F2F4BD3F8001C002949D102
:1050C00049F27532C3F8002CC3F8141CC3F8002C45
:1050D00080F31188BFF36F8FFEF7B4FE30B1FEF797
:1050E00055FFFEF7AFFE08B1FEF732FF4FF08053D9
:1050F000D3F83031082B1E4B0AD140F2E372C3F8CB
:1051000000284022C3F80428BFF36F8FBFF34F8FEE
:105110008022C3F81C250122C3F83025164B40F22B
:10512000FF121A60154B00211960154B1960154BC1
:105130001970FFF7FBFB144B1970FEF783FE08B1E3
:10514000FEF724FF85F31188BFF36F8F4BE7C3F899
:10515000142C93E70022C3F8142CB9E7A410010023
:10516000340001004419002054190020C610010029
:105170000070024000E00640A4190020A0190020A1
:105180009C190020AD280020AF280020084B70B5E6
:10519000C31A0D4607499B1004465943064840224E
:1051A00009F03FF82B4601462046BDE870401847FD
:1051B000081C0020B76DDBB614FC000073B50C4C66
:1051C0000C4A4023041B00930D460B460A49A410C9
:1051D00061430646094809F04FF8011E05DA3046DA
:1051E0002B4602B0BDE87040184702B070BD00BF4A
:1051F000081C0020E1E20000B76DDBB614FC0000E3
:105200000022F8B5012105461046FDF7C3F9104804
:1052100001F098F90446B8B901F0B4F92F690D49C5
:10522000384606F045FF031E09DB01263E642D6962
:10523000084905F11C0006F03BFF031E02DA1C467C
:105240002046F8BDEE64FBE76FF00404F8E700BF0A
:1052500085530000A80101001FB500220123CDE9FC
:105260000223094ACDF800D06B46CDF804D009F0EE
:1052700030F8002805DB4FF480420023684602F036
:1052800051F905B05DF804FBF3E2000010B5EFF34F
:105290001184202383F31288BFF36F8F074A1368AA
:1052A00023F00201DB07116002D4012009F0E2FBC8
:1052B00084F31188BFF36F8F10BD00BF581C00200E
:1052C00030B4104B0C2202FB003301460020D3E91E
:1052D0000E529863EFF31180202484F31288BFF3F9
:1052E0006F8F1C6C04F0C00444F002041C6480F353
:1052F0001188BFF36F8F1DB12B46034830BC184790
:1053000030BC7047081C002014FC000010B4EFF300
:105310001182202383F31288BFF36F8F174801682F
:1053200041F002040460C80707D482F31188BFF378
:105330006F8F012010BC09F095BB4FF08041D1F870
:105340000C04D1F80C14C907EFD5EFF3118083F3E7
:105350001288BFF36F8F0A490B6C03F0C00343F050
:1053600002030B6480F31188BFF36F8F82F31188FF
:10537000BFF36F8F002010BCFFF7A2BF581C0020A6
:10538000081C002010B1012804D07047034B1B6C8F
:105390005B0701D1FFF794BF704700BF081C0020D6
:1053A000024AC3B21C2003FB00207047081C0020E7
:1053B0002DE9F0413849BFF35B8F0746012251E8E0
:1053C000003F41E800200028F9D1BFF35B8F33B9DB
:1053D000324933484B60CB608A6006F07CFE7B1E0E
:1053E000012B2BD8012F07D14FF08043D3F81C3469
:1053F00003F00303012B21D00AF0BCF80546F8B9ED
:10540000284B1B78E3B14FF080430222C3F80823F6
:105410000646DFF894804FF08044D4F81824D4F87E
:105420001834D20315D503F00303012B01D0012F4B
:105430000FD155B386F31188BFF36F8FBDE8F081AC
:10544000EFF31186202383F31288BFF36F8F0125BA
:10545000DFE7ADB1304607F0E1F8D4F81835002B9E
:10546000DBD1D4F80421002AD7D0C4F80431D4F811
:1054700004310123C4F81835C8F88031A360CCE7A3
:10548000002121200AF034F9E7E74FF0804302229F
:10549000C3F80423D2E700BF041C0020F41B002043
:1054A000241C0020D928002000E100E0EFF3118245
:1054B000202383F31288BFF36F8F0A4BD3F80011B8
:1054C00061B10021D3F80805C3F80011D3F8003109
:1054D000C0B282F31188BFF36F8F70476FF00A007C
:1054E000F7E700BF00D00040F0B5034610469C78B7
:1054F00093F803C0EFF31182202585F31288BFF3E0
:105500006F8F1F7893F801E0E41B04EA0C04A042BB
:1055100088BFA0B23E180CEA06063D461E7082F314
:105520001188BFF36F8F0A188A4216D177450CD1C4
:10553000EFF31182202181F31288BFF36F8F197866
:10554000597082F31188BFF36F8F1B79241AA3421D
:1055500022BF064B01221A60F0BD5E190135767933
:1055600001F8016B05EA0C05DEE700BF00D0004042
:10557000DB432DE9F04713F001050E46144604D035
:105580002248FFF7B1FFBDE8F0879AB3EFF3118827
:10559000202383F31288BFF36F8F0D20FCF7ECFFFD
:1055A00007460D20FCF7D4FF88F31188BFF36F8FF7
:1055B000DFF85CA0DFF85C80CAF80051DAF800314F
:1055C0004FF400590123CAF800302546C8F88091ED
:1055D000DAF8003183B1FFF769FF031EC8F8809144
:1055E000F6DB013DADB27355002DF1D117B10D20A1
:1055F000FCF7A0FF2046C6E7EFF31180202383F3DA
:105600001288BFF36F8F07F009F8E1E77C1C0020D8
:1056100000D0004000E100E02DE9F041124F0D46BE
:10562000144607F1350814B92046BDE8F0814FF063
:10563000FF334FF0FF32384601F074FF224629460F
:105640004046FFF751FF0646384601F037FF3EB9A6
:105650004FF0FF324FF0FF33044801F063FFE6E7FD
:10566000A41BA4B23544DEE75C1C00206C1C0020A7
:1056700038B5184C01221146204609F0EBFE0122F4
:10568000002104F1100009F0E5FE40F207432387F2
:105690004FF0706323620C2384F8243000250E4BF6
:1056A00084F83550E586D3F8042522F00102C3F8CA
:1056B00004250121C3F80051D3F80021C3F80413D5
:1056C0002A4619600D20FCF765FF0D20FCF732FF1C
:1056D000284638BD5C1C002000D0004010B5FFF704
:1056E000E5FE002820DB174B93F8222093F8214099
:1056F00093F82310141B31EA0404C0B20DD193F8BF
:10570000372093F8364093F83810141B31EA04041C
:105710000BD10D4B01225A600EE09C180132114052
:1057200084F8250083F8221010BD9C180132114026
:1057300084F83A0083F837100448BDE8104001F0BF
:10574000BDBE00BF5C1C002000D000406C1C0020CF
:10575000F0B544681646A068227C01F01F0587B0AA
:1057600045EA421500286DD0B6F5001F04D1294640
:1057700009F076FC002056E06268607CC2F82405DF
:1057800001AA0020B6F5800F0190506037D1B3F127
:10579000007F14BF052304238DF804300023CDE9D6
:1057A00004230393E36823FA01F111F001010DF1E1
:1057B00003073AD1B6F1A07F37D105F01F036A097C
:1057C00003F5E07326D0012A3FD1214A52F8233055
:1057D000DB072AD4A0683A46294609F0B7FB163001
:1057E0001BD00297A06803AA294609F07BFA00287B
:1057F00019DBA0680122294609F0DFFBBAE7B3F103
:10580000C06F05D0B3F1007F14BF01230223C3E7AB
:105810000323C1E74FF0A042D8E7A068394601F062
:1058200065F80028DDDA07B0F0BDA0683A462946E1
:1058300009F08CFB0028D5D19DF80310A06801F079
:105840004FF8CFE76FF08500EDE751F82330FFDE2A
:1058500000030050420970B5034602D0012A17D058
:1058600070BD0D4E326951680029F9D003F01F0355
:1058700001250C689D400029F2D08A682A4002D098
:105880004B68304698472CB1236821461C46F2E706
:10589000024EE7E72346F8E74CFC000030FC00002E
:1058A00038B54568A86890B109F07FFB014670B92A
:1058B000A86809F05EFB044658B902460649A86884
:1058C00009F041FB224605210620FCF763FE00207B
:1058D00038BD6FF00400FBE7555800002DE9F04398
:1058E000476840F20636D0063B7C87B002EA0606DF
:1058F00054BFC2F3401C4FF0030C01F01F05B6F576
:10590000837F144645EA43158DF803C045D00DD872
:10591000062E16D005D8A6B1022E40D06FF0150085
:1059200038E0B6F5807FF9D101260AE040F2022284
:10593000964236D0B6F5407F35D0B6F5007FEDD132
:1059400002260123220303FA01F12ED57B68C3F856
:105950000815B86890BB05F01F036D092BD0012D09
:1059600075D13D4A02EB830284F48033D2F80017EC
:10597000C3F30043C4F3404444EA430421F4E16127
:1059800044EA8C0421F0070144EA06230B43C2F8E1
:105990000037002007B0BDE8F0830726D1E70426D2
:1059A000CFE70526CDE70326CBE7630344BF7B683B
:1059B000C3F80C15CDE74FF0A042D3E70DF102027A
:1059C000294609F0C3FA14F4403F80460CD1B86868
:1059D000294609F0F0FAB8F1000FDAD19DF802106B
:1059E000B86800F07DFFD4E74FF0000901ABCDE9C6
:1059F0000199CDE90439CDF80C90B86803AA29467D
:105A000009F070F94845C4DB14F4003314D084F471
:105A100080349DF803308DF80E30C4F300448DF8C7
:105A20000C608DF80D40B8684B4603AA294609F072
:105A300011FA0028CFDAACE7CDE904330DF1030306
:105A40000393B86803AA294609F04CF9F1E703F576
:105A5000E07350F82330FFDE00030050036803F0CA
:105A60001F025B09026004D0012B034818BF00200D
:105A700070474FF0A0407047000300502DE9F04FF1
:105A8000DFF89491DFF894A185B01546834600EBCA
:105A9000810140F2FF18594503D1002005B0BDE84F
:105AA000F08FDBF800305E04C3F3C322C3F30804B5
:105AB00000F1AC801B0E19F80270444508BF4FF08E
:105AC000FF34222B00F2A580DFE803F012191F2219
:105AD000252B22A3A3A3A33B68A3A3A3A3A3A3A3B0
:105AE000A3A36B818487A3A3A38A9194979A9D0013
:105AF000C5F80C45601C5ED10BF1040BCBE7C5F873
:105B00001445621CF8D000265FE0C5F80845F1E7AF
:105B1000C5F81045F5E7631CC5F80845ECD000262C
:105B200004E0661CC5F80C45E6D0012603A80394E2
:105B3000FFF794FF039B012202FA03F3C0F80C3530
:105B400008E0C5F80845002FDBD1631CD4D000263F
:105B500032460627DBF80030019303F400400028AA
:105B600018BF002203A8009218BF01260394FFF774
:105B700075FF039C019B009A00EB8400C3F3412C4A
:105B8000D0F800473B0243EA8C03134304EA0A04BB
:105B9000234343EA4603C0F80037ADE7C5F80C4598
:105BA000D1E7C5F86045601CDBF80030A4D0C3F332
:105BB0000043002BB9D003A80394FFF74FFF039BCA
:105BC000012606FA03F3C0F808353246C2E7C5F8E5
:105BD0006445E8E7C5F86845E5E7C5F86C45E2E7E0
:105BE000C5F82445621C87D000220126B2E7C5F81B
:105BF00028457FE7C5F83045F4E7C5F83445F1E7B7
:105C0000C5F83845EEE7C5F83C4573E76FF0150079
:105C100044E76FF0850041E76F110100F0F8FCFFE9
:105C200038B570B1074C084A4FF400450021E0FB3D
:105C3000054100232046FAF763FABDE8384009F031
:105C400057BD38BD3F420F0040420F002DE9F041E3
:105C5000456895F8264000AF04F0030814F00304EB
:105C6000064618BF012408F0F6FBA86A30B92146A1
:105C7000304608F069FCBD46BDE8F08109F041FA04
:105C80000346B0B9AA6A6C4688B011686A461E48D5
:105C9000C2E905014FF4007191831C4942F8101FBD
:105CA0001B484FF4E251FBF74FFC6FF01200A54682
:105CB000E1E7B8F1000FEB8DA86A95F82C100CBF46
:105CC0004FF4B0124FF4D0121343D0F810E0D0F8D4
:105CD0000880DEF80050DA0748BF83F440234FF015
:105CE000010C23F480120CFA01FCDB074CBF4CEAD8
:105CF000050525EA0C05CEF80050D8F80030984785
:105D00000028B4DAB7E700BF7711010003000001F3
:105D1000040001002DE9F041044647680D4609F0F2
:105D200029FC88B14FF02008EFF31186314688F343
:105D30001288BFF36F8F606808F077FD50BB86F361
:105D40001188BFF36F8FEFE71F4B1B78002BE9D053
:105D50004FF020086426606808F067FD70B90120E4
:105D600008F02DFE013EF6D10021212009F0C0FCF3
:105D7000F0E786F31188BFF36F8FF5E7EFF3118635
:105D8000314688F31288BFF36F8F606808F04DFDCD
:105D90000028EED0BB691D706368BA691B680020DB
:105DA000C3F844250122C3F84825C3F82001D3F8DD
:105DB0002041C3F85801D3F858019A6081F3118843
:105DC000BFF36F8FBDE8F081D92800202DE9F041A5
:105DD0000022054601210220FCF7DCFB0220FCF733
:105DE000A9FB6C680121E06808F073FD6B681A6814
:105DF0002369C2F82435617D237D0B43A17D0B43CC
:105E0000C2F86C356F68D7E9004313F0010340D046
:105E1000D5F8108004F10C0108F10C0204F5907023
:105E200008F00AFE061E07DA274A2848012106F074
:105E30002EFB3046BDE8F08198F80C0000F06EFBB8
:105E40000823C4F80035BB69C4F844350023C4F8FE
:105E500048350123A360D4F85831002BFBD0002132
:105E6000C4F800156D682C68E86808F032FD082356
:105E7000C4F800352A7A52B9EB69C4F834350123E5
:105E8000C4F83835C4F81021D4F810212360002656
:105E9000CFE70822C4F80025BA69C4F84425C4F83D
:105EA00048350123A360D4F82031002BFBD0002318
:105EB000C4F82031D4F820310123E3604FF480731B
:105EC000C4F80433C7E700BFC41101002400010077
:105ED00070B5012383400E4ABFF35B8FDC4352E869
:105EE000001F01EA040542E80056002EF7D1BFF377
:105EF0005B8F4FF4803282400648C0F80823BFF31E
:105F00005F8FBFF36F8F0B4214BF0120002070BD65
:105F1000EC1C00200010014070B40E49D1E900349F
:105F2000D01AC31844F1000422F07F46C1E90034BE
:105F3000A6F50013B3F5400F09D2074B1B681A0AE8
:105F40001B069C19054B42F10005C3E9004570BCD6
:105F500002F04CBA28110020F01C00203011002063
:105F600011B3BFF35B8F0123104A834052E800CF87
:105F70004CEA030C42E800C10029F7D1BFF35B8F64
:105F80000B4A4FF480338340C2F80433094BBFF30C
:105F90005B8F1B68BFF35B8FC340DB0742BF064BC1
:105FA0004FF40032C3F80021704700BFEC1C002002
:105FB00000100140E81C002000E100E00D4B1868D3
:105FC000010A0006BFF35F8F0B4BD3F80435181896
:105FD00041F10001B3F5801F0AD2084BD3E9002339
:105FE000904271EB030303D210F1807041F1000184
:105FF000704700BFF01C002000100140301100204D
:106000002DE9F04F85B016461F469DF840A0044686
:10601000FFF75EFF0190FFF7D1FFB04271EB07037E
:1060200054D23E4B301A67EB0101984271F10001E6
:106030004FD23B4B03EB0413D3E902239F4208BF2B
:1060400096425ED037494FF4803804F1500508FA83
:1060500004F8AD00C1F848832046ADB208F091FCC9
:1060600026F07F4B05F1804504F5A87305F58835CA
:10607000DC464FF003090293029A2CF07F4341F86B
:106080002230C1F84483D1F80435274A6FF002006A
:10609000C01A604420F07F40904232D9286868B12D
:1060A000D1F804350393A3EB0B0020F07F40B0F54B
:1060B000000F26D9204608F064FC039BBAF1000FBC
:1060C00007D109EB030C09F10109D5E7BAF1000F7B
:1060D00009D06FF0150520460199FFF741FF2846CA
:1060E00005B0BDE8F08F0123104ABFF35B8FA340DA
:1060F00052E8000F184342E800010029F8D1BFF32D
:106100005B8F07490E98230101EB0412C8500F9BC7
:106110005360C2E902670025DDE700BF010080008F
:106120001811002000100140FDFF7F00E81C002036
:106130007FB51C4C1C4BC4F80833C4F848331B4BC8
:1061400000254FF0FF304FF0FF31C4F80855C3E988
:1061500002014FF48033C4F80433154B02264FF488
:1061600000320121C4F804631120C3F880212A46BB
:10617000FCF710FA1120FCF7DDF90E4A0123A360A9
:10618000236013600C4B0D4A0093CDE901550023A9
:106190002846FFF735FF3046FFF70AF9284604B0D6
:1061A00070BD00BF0010014003000F001811002057
:1061B00000E100E0EC1C0020195F0000FFFF7F0001
:1061C0002DE9F7432F4CD4F8043399070BD5D4F8B5
:1061D000043143B12C4A0023C4F80431D4F804310B
:1061E000136801331360D4F80433DA0329D5BFF3FD
:1061F0005B8F264B53E8002F22F0010143E800108B
:106200000028F7D1BFF35B8FD30702D4D4F8403115
:10621000BBB10025C4F84051D4F84031FFF7CEFEA1
:10622000EFF31182202383F31288BFF36F8F184B93
:10623000D3E90267B042B94106D282F31188BFF3B5
:106240006F8F03B0BDE8F0834FF0FF384FF0FF3998
:10625000C3E90289D3E900101D604FF48033C4F80C
:106260004833C4F84051D4F8403182F31188BFF369
:106270006F8F0029E5D0009032463B46284688477C
:10628000DFE700BF00100140F01C0020E81C0020E8
:106290001811002030B5431C124C85B005D0844243
:1062A000A8BF0446012CB8BF0124FFF787FE0E4BA0
:1062B0000C4DD3E90013401AB0F5000F10D222188C
:1062C000AA4228BF2A4652184FF000000749009101
:1062D000CDE9010043F10003FFF792FE05B030BDA8
:1062E0002A46F0E7FFFF7F0028110020195F000019
:1062F00008B5FFF763FE024B1B68C01A08BD00BF5C
:10630000281100204FF08053D3F83021082A06D1FD
:10631000D3F83431052B02D8024AD05C70470020F4
:10632000704700BF07120100024AD2F80034002B68
:10633000FBD0704700E0014010B54FF08053D3F818
:106340003021082A4ED14FF080420021C2F80C11B2
:10635000C2F81011C2F8381502F54042D3F80414FF
:10636000C2F82015D3F80814C2F82415D3F80C1479
:10637000C2F82815D3F81014C2F82C15D3F8141449
:10638000C2F83015D3F81814C2F83415D3F81C1419
:10639000C2F84015D3F82014C2F84415D3F82414D9
:1063A000C2F84815D3F82814C2F84C15D3F82C14A9
:1063B000C2F85015D3F83014C2F85415D3F8341479
:1063C000C2F86015D3F83814C2F86415D3F83C1439
:1063D000C2F86815D3F84014C2F86C15D3F84434E9
:1063E000C2F87035FFF78EFF18B13A4B3A4AC3F83E
:1063F0008C26FFF787FF18B1384BFB22C3F818250E
:10640000FFF780FF70B14FF080414FF08053D1F81B
:10641000E42ED3F8583222F00F0203F00F03134397
:10642000C1F8E43EFFF76EFF20B12D4B4FF4007230
:10643000C3F840264FF08053D3F83031082B1AD1DF
:106440004FF08043D3F80024D20744BF6FF001021D
:10645000C3F800244FF08053D3F83431052B02D811
:10646000204AD35C3BB14FF01023D3F808224FF001
:106470008043C3F858254FF01023D3F80022002A98
:1064800003DBD3F80432002B22DA174901234FF043
:106490001020C1F804351224FFF746FFC0F800426F
:1064A000FFF742FFC0F80442FFF73EFF0023C1F8A8
:1064B0000435FFF739FFBFF34F8F0C490C4BCA6807
:1064C00002F4E0621343CB60BFF34F8F00BFFDE7E0
:1064D00010BD00BF005000404881030000F00040A4
:1064E000009002400112010000E0014000ED00E0D8
:1064F0000400FA05014B1860704700BFF41C00202F
:1065000010B5054B1868144608F05BFA0028A4BFC4
:106510002070002010BD00BFF41C0020024A01239F
:106520008340C2F80435704700F00140014B002061
:106530001B681847F81C0020014B1B68184700BF58
:10654000F81C002010B50C4C237993B9012323715A
:106550000A4B2060002818BF184600F05DF850B9BB
:1065600023680748002BBDE8104008BF184600F01C
:10657000A3B86FF0770010BDF81C00202D65000057
:106580003965000008B5064B1B682BB10020FBF7EE
:10659000F3FF08B9FBF7CEFF024B01221A7008BDCA
:1065A000F81C0020D72800204FF08053D3F830216A
:1065B000082A06D1D3F83431052B02D8024AD05C20
:1065C00070470020704700BF0D12010038B54FF032
:1065D00080440123C4F8083363600023C4F8003109
:1065E000D4F8003142F21075D4F80C24D4F80C34ED
:1065F000D20307D5DB0705D5012008F0E0F9013DFE
:10660000F2D138BDFFF7D0FF0028FAD0014B0022AD
:106610005A71F6E7001D002010B508490C794CB9F5
:10662000012308600B71FFF7BFFF08B9002010BD00
:106630004C71FBE76FF07700F9E700BF001D002009
:106640004FF080430022C3F80021D3F8002109490C
:1066500001221A60096811B1C3F804237047D3F806
:106660000021002AFBD00022C3F80021D3F800311A
:10667000704700BF001D002010B54FF08043D3F8D5
:106680000423D20715D5D3F8002192B10022C3F814
:1066900000210121D3F80021C3F80813FFF784FF7C
:1066A000044B10B15A7922B95971BDE810401B68EA
:1066B000184710BD001D0020074A137943B9012176
:1066C000106011714FF080421846C2F818357047BB
:1066D0006FF07700704700BF081D002010B54FF025
:1066E00080431D4CD3F81814D3F8182411F4803FBC
:1066F00019D002F00302012A03D00AB108F0CBF945
:1067000000224FF08043C3F818250022C3F804216B
:10671000D3F8042101229A60226872B9D3F80421C7
:10672000002AFBD011E0D3F81424D107E8D5D3F820
:106730001C249207E2D422681AB10222C3F804236F
:1067400010BDD3F80421002AFBD00022C3F8042195
:10675000D3F80431F4E700BF081D0020F8B54FF06E
:106760008043194FD3F80443012504F01A0400268E
:1067700004B9F8BDB4FA84F0C0F11F00830003F53A
:1067800080739BB203F1804305FA00F2196824EA92
:1067900002040029ECD01E601B684FF080430128E2
:1067A000C3F808230CD1D3F81824D3F8182492077F
:1067B00006D10222C3F81805C3F804239860D7E76E
:1067C0003B68C0B29847D3E7081D0020036803F078
:1067D0001F025B09026004D0012B034818BF002090
:1067E00070474FF0A040704700030050034A430930
:1067F00000F01F00D35C1844C0B2704713120100B0
:10680000034611F0010030B5CCB213D1A207C4F396
:10681000400020D5124AD2F8200558604FF080532E
:10682000C2F82005D3F83031082B15D0003818BF36
:10683000012010E04FF0A0414FF08055D1F8202505
:106840001A60C1F82025D5F83051082D08BFD1F8BD
:106850002015002ADAD030BDD2F82035E6E700BF97
:1068600000030050F7B504460846FFF7BFFF06B225
:1068700004EB46060D46B38ADB072BD5204608F00D
:106880000EFA2946204608F079F958B1204608F05A
:106890008BF9276800B207EB80030022C3F81025AC
:1068A000C3F810252946204608F0A7F90021B18237
:1068B00001A80195FFF78AFF019B00EB8300074BBE
:1068C000D0F80027134043F00203C0F80037084611
:1068D00003B0F0BD6FF01500FAE700BFF0F8FCFF61
:1068E000014808F08CB800BF6008002010B50448CB
:1068F0000C4608F066F80028A4BF2070002010BDE8
:10690000600800202DE9F04F804689B058F804ABAC
:10691000DAF80413C9B28346082241F00041504618
:1069200008F095F9051E2BDA0023032106A8CDE90E
:106930000633FFF765FF644B01930DF1180900233F
:10694000019A009312F8013B60490192DA0803F0C2
:1069500007038A5C22FA03F3DA071AD4009B09F1D1
:106960000409A3B14FF000410022504608F06FF92E
:10697000032106A8FFF744FF0028DCD125F00045DD
:106980000124002D40F08A8009B0BDE8F08F01237A
:10699000D6E7009B4E4A13440293D9F80010002911
:1069A000DCD0029B91FAA1F11C78B1FA81F141EAA5
:1069B00044142046FFF71AFF0BEB40000594878A2A
:1069C000C808BB0819F80020039301F00701012350
:1069D00003FA01F122EA010209F8002005A8FFF7F5
:1069E000F5FE059A039B02F5E072C7F3820650F8A4
:1069F00022205B073746C2F3014233D5D6B2404668
:106A00003A46214608F0DAF805A80594FFF7DEFEBD
:106A1000059B03F5E07350F82330C3F301439E4216
:106A200007D10021204608F09AF83146204608F0A8
:106A300096F805A80594FFF7C9FE059B012202FA06
:106A400003F3C0F820354FF08053D3F83031082BD2
:106A500001BFD0F82035D0F82035D0F82035D0F857
:106A600020359AE7022A0DD10321204608F077F855
:106A700006F00503012BDCD13A462146404608F0DA
:106A80009DF8D6E702212046039208F068F8032E0D
:106A9000F2D0039A032ACCD1022EECE795FAA5F3A3
:106AA000B3FA83F304FA03F225EA020503F5A272AE
:106AB0000BEB43035AF82220B3F87C10C2F30142D7
:106AC000404608F07BF85CE7231201009C020100BD
:106AD0002312010010B5184C237853BB0278C2F37F
:106AE0004003920712D54FF08053D3F83021082A83
:106AF0000BD1D3F83431052B07D8104AD35C23B11E
:106B00004FF080430122C3F8382601234FF0804222
:106B1000C2F88035037803F00103C2F8783500200D
:106B2000FBF72AFD08B9FBF705FD012323700020C0
:106B300010BD6FF07700FBE7D82800202512010078
:106B40004FF080434FF46072C3F80823014B0022DA
:106B50001A607047101D002008B5FFF7F1FF0368A9
:106B60000BB1014A136008BD101D002010B54FF095
:106B70008043D3F80443620707D54FF4847008F0CC
:106B800071FA10B11E4B1B689847A30608D54FF445
:106B90008A7008F067FA18B11A4B00201B689847F2
:106BA000600608D54FF48C7008F05CFA18B1154BEC
:106BB00001201B689847210608D54FF48E7008F015
:106BC00051FA18B1104B00201B689847E20508D510
:106BD0004FF4907008F046FA18B10B4B01201B6877
:106BE0009847A3050AD54FF4927008F03BFA28B1F4
:106BF000054BBDE810401B680220184710BD00BFC0
:106C0000181D0020141D0020101D002008B5124B77
:106C1000A8220021184608F01FFF032202610F4935
:106C200042610F4A8161C2614FF4806202620022B8
:106C300082624262C26201660A494166102181662F
:106C4000094902670346C266426711F8010D98546C
:106C50000132102AF9D108BD100400202B120100C6
:106C60001000002000000020441201002DE9F84F20
:106C7000DFF87C80182606FB008E00FB0666464483
:106C8000DEF82440DEF828C07368A445074689462C
:106C9000154603EB040022D8DEF820B0ABEB040A63
:106CA0000AF1FF339A4203D808F0AEFE2C440FE0FD
:106CB00063449A4219D852462C4408F0A5FEB4EB1E
:106CC0000B0405D07068224609EB0A0108F09CFE0F
:106CD000182303FB078301205C62BDE8F88F0CF1E9
:106CE000FF3CACEB040C9445DED20020F5E700BF7E
:106CF00010040020034B182202FB00339A6A586AE2
:106D0000801A70471004002010B4084A0849002374
:106D1000C85C12F8014D844204D10133102BF7D125
:106D200010BC704710BCFFF771BF00BF44120100D8
:106D30001004002010B50446FAF736FB0348044A55
:106D4000012105F0A4FB204608F0E6F9FCFF000055
:106D5000451201002DE9F843044600AF0D46EFF35C
:106D60001188202383F31288BFF36F8F0428294AE8
:106D700098BF294B9668117C94BF53F82030274B5D
:106D8000E9468AB06A462648C2E9073140F2013333
:106D90009384244BC2E9050442F8103F22480023A3
:106DA0004FF43151FAF7D0FBCD4645B1EB69C3F34F
:106DB000080323B11D4A1C48012105F068FB2EB1D0
:106DC000304608F0E0FB08B1037803B91848E946FB
:106DD0008AB06A46174BD061C2E9053640F20133EA
:106DE0001384154B42F8103F00230F484FF4115104
:106DF000FAF7AAFB2946CD462046FFF79BFF88F30A
:106E00001188BFF36F8F3046FBF73AFBBD46BDE8F4
:106E1000F88300BF1C1D0020A002010054120100D5
:106E20006A12010005000001FCFF0000921201003F
:106E300062120100B31201000400000138B50A4BD0
:106E400053F82040013053F82050A54200D838BDF7
:106E5000606830B1037EDB0701D408F03AF90834EA
:106E6000F3E723689847FAE7B402010070B52A4BAC
:106E70002A4C2B4D012286B003201A70FFF7DEFF4B
:106E800008F0C1FD0420FFF7D9FF2646AE4204F109
:106E9000300410D300F0BEFF204C224EAC4226D36B
:106EA00000F0CCFFF9F704FB1F4A137B23F001032A
:106EB000137306B070BD54F80C3C059354F8103CA5
:106EC000049354F8143C039354F8183C029354F878
:106ED0001C3C019354F8203C009354E90A2354E9E4
:106EE0000C0100F08BFD54F8303C5E65CDE7D4E931
:106EF0000A23B3F1FF3F08BFB2F1FF3F05D052EACA
:106F00000301206803D101F055F83034C6E731465B
:106F1000183001F0DBF9F8E7D9280020ACFE0000BA
:106F2000ACFE000085F60000C811002070B5164EBA
:106F3000164D1749902386B003FB006601220023FB
:106F4000CDE904230F22CDE902320193142303FB80
:106F5000005504464FF4C07000FB04110D4B009522
:106F60004FF4A072304600F049FD737B0A4AEE6090
:106F700023F0040373734FF4046304FB03331344DB
:106F80002C746B6006B070BD381100201C1D0020F1
:106F9000003B0020B5F20000C0320020BFB5002049
:106FA000FFF74CFF294B83F30888294C294F63696D
:106FB00043F4007363610025E02384F82230E57711
:106FC00025766576A57684F82050636A43F4E0233D
:106FD000636284F82350FBF7CFF9FBF767FB4FF0B0
:106FE000FF33A362E362FBF73BFCFBF783FBFAF79B
:106FF00037F91948194C00F07BFD0120FFF71EFFFF
:107000000220FFF71BFF00F04DFF154B15495C6197
:10701000154B05930123CDE903534FF400623B4622
:10702000CDE901550095204600F0E8FC627B06465C
:1070300022F004022046627308F0E1FA2846FFF7C6
:1070400075FF3A4631462046FBF710FB003B002017
:1070500000ED00E06D6E000058120020C811002005
:107060001C1D0020803C00201513010038B5064C83
:10707000064DAC4201D3002038BDD4E901122046B0
:1070800008F094F81434F4E7AC090020C00900209B
:1070900030B585B0DDE90845034B0293CDE90045E5
:1070A00008F042F805B030BDD9B8000038B5064C3C
:1070B000064D0020AC4200D338BD204608F09AF8B7
:1070C0000028F9DB1C34F5E790090020AC0900200A
:1070D00073B50C46EFF31181202585F31288BFF3B9
:1070E0006F8FC5685DB125602B68C360836901330C
:1070F0008361002081F31188BFF36F8F11E052EAA2
:10710000030603D125606FF00B00F3E7CDE9002300
:107110000246083000F0C4FD18B9034B9B681B6998
:10712000236002B070BD00BF1C1D00202DE9F3419B
:1071300004460E469DF8200004F10808EFF311877D
:10714000202181F31288BFF36F8F256AE1688D4299
:1071500042D22568AC421AD0CDB1284608F0B5F825
:1071600005F1180008F041FBA268286931460024A7
:1071700008F04AFC2846C5F8884008F040FA404626
:10718000394600F021FE204602B0BDE8F081A26839
:10719000A8B1E069314608F037FCE369A2681344FE
:1071A0006269E361934201D12369E361236A013398
:1071B0002362002087F31188BFF36F8FE4E7A16992
:1071C0002369994204BF6369A361A069801AA06121
:1071D000314608F019FCE9E752EA03010AD00749F1
:1071E000896840460E61CDE900233946224600F009
:1071F00057FDC9E76FF02200DCE700BF1C1D00202F
:10720000F7B5044604F108070846EFF3118620217C
:1072100081F31288BFF36F8F216A00293AD0A268E8
:10722000A16908F0F1FBA369A268256813446269AB
:10723000A361934204BF2369A361236AAC4203F1B3
:10724000FF33236234D02846002D32D008F03DF8B9
:1072500005F1180008F0C9FAA2682969E06908F088
:10726000D3FBE369A26813446269E361934204BFFC
:107270002369E361236A0133236200242846C5F8A9
:10728000884008F0BCF93846314600F09DFD2046A4
:1072900003B0F0BD52EA030110D00A4989680861C1
:1072A000CDE9002331462246384600F0F9FCEFE7ED
:1072B000002086F31188BFF36F8FE9E76FF022009B
:1072C000F7E700BF1C1D00202DE9F34104461746D7
:1072D0001E46EFF31188202383F31288BFF36F8FCC
:1072E000C368334A7BB180689168884219D057EAF5
:1072F000060318D188F31188BFF36F8F6FF00F006A
:1073000002B0BDE8F081916891F90E10216101335E
:10731000E3609368A36088F31188BFF36F8F002048
:10732000EEE72169F2E791F90E1090F90E309942DB
:10733000A8BF19466FF07E029142B8BF11468B423A
:107340002DDD07F0D6FF0546CDE900761948224627
:10735000414600F0A5FC0028E1D0EFF31186202380
:1073600083F31288BFF36F8FA068D0B123682169BF
:107370009C420AD04BB193F90E309942A8BF1946EE
:107380006FF07E039942B8BF194607F0B2FF40B1D3
:107390000848314600F018FD6FF00A00B0E70025FC
:1073A000D2E7002DF4D186F31188BFF36F8FF3E796
:1073B0001C1D0020DA280020F8B583680546002B44
:1073C00040D0234A926893423FD1C368012B03D92E
:1073D000013BC3600020F8BDEFF31187202383F346
:1073E0001288BFF36F8F0169806807F082FF2C68F5
:1073F000AC4207D10023C5E9023387F31188BFF3FC
:107400006F8FE7E7002CF5D0D4E9003213605A60A3
:10741000637B002623F002036373C4E90066A66061
:1074200004F1180008F0E1F9AC6094F90E302B611A
:107430002046C4F8886008F0E2F80648394600F0B3
:10744000C3FCC7E76FF01500C5E74FF0FF30C2E798
:107450001C1D0020DA28002037B51146EFF31185F6
:10746000202282F31288BFF36F8F04689CB12368D7
:10747000426823F003039442036008BF4360012184
:10748000204607F0BAFF044685F31188BFF36F8FDB
:10749000204603B030BD51EA0302F5D000F10802E6
:1074A000CDE900131046294600F0FAFB0028EFD181
:1074B000014B9B681C69EBE71C1D002070B5EFF3C6
:1074C0001186202383F31288BFF36F8F0468A042D4
:1074D0001BD0D4B1D4E9003213605A60637B00251D
:1074E00023F002036373C4E90055A56004F118009A
:1074F00008F07BF92046C4F8885008F080F831463F
:107500000748BDE8704000F05FBCD0E902329A4203
:1075100018BF0133836086F31188BFF36F8F70BD8E
:10752000DA28002013B5EFF31181202484F31288A8
:10753000BFF36F8F846844B1013C846081F311888C
:10754000BFF36F8F002002B010BD52EA030406D1D2
:1075500081F31188BFF36F8F6FF00F00F3E7CDE970
:1075600000230246014800F09BFBECE7DA280020EC
:107570002DE9F0410546EFF31187202383F31288AC
:10758000BFF36F8F00231E466FF00A082C68A542D8
:1075900016D0ACB1D4E9003213605A60637BA660A8
:1075A00023F002036373C4E9006604F1180008F0D5
:1075B0001CF9C4F88880204608F021F80123E5E78B
:1075C0000022AA602BB139460548BDE8F04100F021
:1075D000FBBB87F31188BFF36F8FBDE8F08100BF5D
:1075E000DA2800202DE9FF414F4E04462027EFF313
:1075F000118887F31288BFF36F8FD4F89450F5B9D0
:10760000022104F1AC0007F031FF002868D004F13A
:10761000A40500220121284608F08BF80028F8D1A3
:10762000002302934FF0FF324FF0FF33CDE90023E8
:10763000414604F19C023D4800F086FDD7E7D4F8AE
:1076400098202B68C4F89430954208BFC4F898304D
:10765000D4F8AC3043F00203C4F8AC30EB6823F04C
:10766000040343F00103EB606B6888F31188BFF3F8
:107670006F8F28469847EFF3118887F31288BFF37E
:107680006F8FEB68D80623F0010236D4EA60EB680E
:107690009A0716D5306823F00203EB6088B10368BF
:1076A000002170B14268954235D1036869BB7268A8
:1076B0003360824200D17360002340F8083BFFF73B
:1076C000FDFED4F8AC3023F00203C4F8AC3088F3EC
:1076D0001188BFF36F8FDB0589D400F0EBFB86E7E1
:1076E000D4F8AC30D9069BD5C4F8AC0088F3118827
:1076F000BFF36F8F04B0BDE8F08123F01103EB609E
:1077000005F11000FFF7DAFEC1E70B6073688342F2
:1077100008BF7160D0E723B11A68014618461346C6
:10772000BFE71A46F9E700BF3C1D0020DA28002019
:10773000F8B5C3689A0704460F46C3F340062ED433
:107740005B071CD40B680BB983680B60E368DD072B
:1077500044BFA3683B603D684CBF02260126002D54
:107760003CD0204B9A68D5F890309A420AD0D5F890
:10777000AC30D807C3F3800214D46FF01206002394
:107780003B6025E007F0F6FED5F8AC300028F0D1DC
:10779000D907C3F3C002F0D552B15B0708D46FF02C
:1077A0000F06ECE7002AFAD1C3F3C003002BF6D191
:1077B00000232360D5F8983063B9C5E925442846ED
:1077C00007F06EFEE36843F00403E3603B68A360E8
:1077D0003046F8BD1C60C5F89840F0E76FF015061C
:1077E000CDE700BF1C1D00200146014807F099BEEF
:1077F00008130020F0B589B004460020C4E9250034
:107800000E9D04F19C00C4E9270004F1A400C4E922
:10781000290055B32879002840F2011008BF012043
:10782000C4F8AC0000204FF0FF364FF0FF37CDE931
:107830000330CDE90100CDE906670D4B00942046E9
:1078400000F02AF955B1296811B1204607F098FED9
:107850006B791BB1237B43F001032373204600F0B7
:10786000A9FBC4F8904009B0F0BD0120D8E700BFE3
:10787000E575000037B501900846EFF3118420212B
:1078800081F31288BFF36F8FC16811F01E0F16D1FC
:1078900053EA020508D101A9FFF74AFF84F31188D2
:1078A000BFF36F8F03B030BD41F00801C160019993
:1078B00081620449103000F009FD0120EEE700204C
:1078C000ECE700BFAFF4000001460148FFF7D2BF6C
:1078D00008130020F7B50C46019016461D46EFF33D
:1078E0001187202383F31288BFF36F8F084607F0B8
:1078F000C8FD55EA060309D101A92046FFF718FF84
:1079000087F31188BFF36F8F03B0F0BDE3680749B9
:1079100043F00803E360019BA36232462B4604F167
:10792000100000F0D3FC0120EAE700BFAFF4000034
:1079300001460148FFF7CEBF081300202DE9F041B2
:107940000546EFF31187202383F31288BFF36F8F6F
:107950000468A04223D014B3204607F0FEFD04F1D2
:10796000180007F042FF0026B046C4F88880204681
:1079700007F045FE2C68A54206F1010608D03CB18F
:10798000204607F0EAFD04F1180007F02EFFECE7AF
:107990000648394600F018FA3046BDE8F08187F312
:1079A0001188BFF36F8F0026F6E700BFDA280020AA
:1079B0002DE9F34105460C4617461E46EFF31188A4
:1079C000202383F31288BFF36F8F0846FFF7F4FC80
:1079D0002A46CDE900764146074800F061F90546A0
:1079E0004FF0FF324FF0FF332046FFF76DFC284683
:1079F00002B0BDE8F08100BFDA2800202DE9F04395
:107A0000073285B022F007020E461F461099017317
:107A100000F158037F32C0E916330446002322F0F8
:107A20003F020421836041733F2A0F98A073C4E989
:107A30000633E37306F14009A2F1400805D883F349
:107A40001188BFF36F8F084602DFB518294620461C
:107A5000FAF73AFA07300E9B20F00700A067C4E956
:107A60001C9802930D9B01932D1A0C9B00932A46A0
:107A70003B4631462046FAF7C7FD0023636584F88C
:107A80006C30044B9B6803B1DB6FE367284605B09D
:107A9000BDE8F0831C1D0020F0B587B000250595DA
:107AA000109D04950F9D03950E9D0295DDE91276BC
:107AB0000D9D01950C9D00950446FFF79FFFB6F1C3
:107AC000FF3F08BFB7F1FF3F05D056EA070305D1D6
:107AD000204600F06FFA204607B0F0BD3A46334624
:107AE00004F11800014900F0F1FBF4E785F600000D
:107AF00040F2011383810023C0E91C33C367014BAB
:107B0000986070471C1D00200A4A93686FF00A01B4
:107B1000C3F888100849C3F884004B6843F08053C9
:107B20004B60002383F31188BFF36F8F9368D3F802
:107B3000880070471C1D002000ED00E070B590F932
:107B40000D20437B002A36DBD90634D11B4C63F071
:107B50007F032246437352F8183FE169934207D1ED
:107B6000C0E900210860E06111E09942F8D01B688B
:107B7000002BF5D090F90E5093F90E60B542F4D079
:107B8000AE42F2DD5968C0E9003108605860A5696D
:107B9000954200D005B9E568A3685A7BD20604D1A6
:107BA000DA897F2A01D9AA6932B1AB4202D02846CC
:107BB00000F00CFB656170BD6361FCE71C1D0020DB
:107BC00038B590F90D20437B002A014604DA03F012
:107BD0007F03437307F0D9FC0D4D2A46AB6852F87A
:107BE000184F944200D004B9EC688B4207D05A7BFE
:107BF000D20604D1DA897F2A01D9A2692AB1A34227
:107C000002D0204600F0E2FA23466B6138BD00BF87
:107C10001C1D0020B3F1FF3F08BFB2F1FF3F03D0AE
:107C20000249183000F052BB704700BF85F60000D3
:107C300038B5194CA168E0690B68814214BF1A4637
:107C4000002249680B605960A368E1692AB9134AA8
:107C5000C3E900210B60E3610CE093F90E0092F997
:107C60000E50A84214D0854212DD5168C3E90021AC
:107C70000B605360A569094B9D4200D005B9E568CA
:107C8000A3689D4202D0284600F0A0FA656138BD85
:107C90009142DCD01268D9E71C1D0020341D002061
:107CA000F8B50E4B0C4611460D4A98681060DDE998
:107CB0000667EFF31182202282F31288BFF36F8FE1
:107CC0009D68284607F073FC284632463B46FFF77E
:107CD000A1FF2046BDE8F840FFF716BF1C1D00209D
:107CE000441D0020F8B50446EFF31187202383F3E9
:107CF0001288BFF36F8F437B03F01F02002A0CBF73
:107D00000126002649B239D103F07F03437307F0FF
:107D10003CFC2C4D437B817363F07F032A46437305
:107D200052F8183F934227D1E869C4E90020046063
:107D3000EC610FE09842F8D01B68002BF5D093F966
:107D40000EC06145F6D08C45F4DD5968C4E90031B8
:107D50000C605C60AC69944200D004B9EC68AB681C
:107D60009C4202D0204600F031FA6C6187F3118802
:107D7000BFF36F8F3046F8BDE869DEE79B071ED57D
:107D8000856807F002FC81732B689D4209D16B68FE
:107D9000C4E900531C606C60E8E76A689342F6D05F
:107DA0001B68002BF3D093F90E209142F5D08A4244
:107DB000F3DD5A68C4E9003214605C60D6E7817371
:107DC000D4E700BF1C1D002049B9EFF3058030B98E
:107DD000054B5A699B689A4201D0FFF795BE81F323
:107DE0001188BFF36F8F70471C1D0020034648B9F0
:107DF000EFF3058232B9064A51699268914201D087
:107E0000FFF782BE83F31188BFF36F8F704700BF07
:107E10001C1D0020EFF31181202383F31288BFF390
:107E20006F8F054B9A68D37B013BD37381F3118825
:107E3000BFF36F8F704700BF1C1D002070B5EFF3BC
:107E40001186202383F31288BFF36F8F144DAB6824
:107E5000DA7B0132DA732A4652F8184F944200D086
:107E600004B9EC685A7BD20604D1DA897F2A01D999
:107E7000A2692AB1A34202D0204600F0A7F9234606
:107E80006B6186F31188BFF36F8FEFF311802023AE
:107E900083F31288BFF36F8FBDE87040FFF7A6BF72
:107EA0001C1D0020024B03F11802C3E90622704793
:107EB0001C1D002070B5EFF31186202383F3128878
:107EC000BFF36F8F1B4CA168E0690B68814214BF40
:107ED0001A46002249680B605960A368E1692AB913
:107EE000154AC3E900210B60E3610CE093F90E0031
:107EF00092F90E50A84218D0854216DD5168C3E9A8
:107F000000210B605360A5690B4B9D4200D005B961
:107F1000E568A3689D4202D0284600F057F96561E4
:107F20003046BDE87040FFF7EFBD8A42D8D01268F6
:107F3000D5E700BF1C1D0020341D0020F8B550EA15
:107F4000010306460C4603D1FFF7B4FF0020F8BD3D
:107F5000EFF31187202383F31288BFF36F8F124D45
:107F6000124BA8681860FFF72BFEA868104923463B
:107F70003246183000F0AAF9AA68537B43F0040394
:107F8000537304463846FFF7BFFDAB68D3E90A23B5
:107F9000B3F1004F08BF002AD8D107F04EFC201AD9
:107FA00020EAE070D3E700BF1C1D0020441D002024
:107FB00085F6000038B50446EFF31185202383F3DE
:107FC0001288BFF36F8F437B5B070FD5183007F024
:107FD0000CFC637B23F0040320466373FFF7AEFDC4
:107FE00029460548BDE83840FFF7EEBE85F3118805
:107FF000BFF36F8F38BD00BFDA280020014B9868AF
:10800000704700BF1C1D00202DE9F8430446077B84
:10801000EFF31185202383F31288BFF36F8F437B27
:10802000190705D585F31188BFF36F8FBDE8F88375
:10803000D90943F008025DD14273A36813B1204609
:1080400007F0ABFA04F1180007F0CFFBA66D04F1BE
:108050005808B04511D04FF0000976B1304607F00E
:108060009CFA06F1180007F0C0FBC6F8889030466D
:10807000FFF764FDA66DB045EFD1DFF8C080D8F8FA
:1080800008309C423ED1EFF30589B9F1000918BFD1
:108090004FF00109D8F81860294A964200D00EB96D
:1080A000D8F80C60B34202D0304600F08FF820467A
:1080B000C8F8146004F09BFAB9F1000F02D021480F
:1080C000FFF716FDD8F808309C4231D1EFF3058355
:1080D00073BB227BD20718D42846FFF715FDFB0798
:1080E000A4D5002383F31188BFF36F8F04231846B0
:1080F00002DF9BE703F07F0343F00803437307F0BD
:1081000044FA9AE74FF00009C4E785F31188BFF3FA
:108110006F8F83F31188BFF36F8F0423184602DF3C
:10812000EFF31180202383F31288BFF36F8FD4E71E
:1081300085F31188BFF36F8FD1E700BF1C1D0020AE
:10814000341D002058120020D3B5DDE90667089CD5
:10815000CDE90067FFF7A4FD1CB1034B9B681B69C9
:10816000236002B0D0BD00BF1C1D0020427B12F076
:108170001F02034610D10A4988420DD009490868F8
:1081800068B1D9897F2909D893F90E20064B1B685D
:108190009A42B8BF002070470020704710467047D1
:1081A0003811002064080020481D0020044BC01A2C
:1081B000044BC0105843044B01221A54704700BFAF
:1081C000E8120020ABAAAAAADA28002070B50D4B4D
:1081D0000D4D1E7CFFF7CAFF06EB460305EBC305FA
:1081E0000446284607F001FB084B00229A553CB193
:1081F000621E28460649BDE87040D31700F066B8F5
:1082000070BD00BF1C1D0020E8120020DA280020ED
:10821000AD81000038B5EFF31185202383F3128878
:10822000BFF36F8F0F4B104A9C681068A04206D1B5
:10823000FFF7CCFF85F31188BFF36F8F38BD0021A6
:108240001B7C1160094AD35C002BF3D02046FFF75A
:108250008DFF0028EED0637BDB0601D1FFF7E8FC41
:108260002046E5E71C1D0020441D0020DA280020E0
:10827000024B1868984208BF002070476808002029
:10828000034B1B680BB9FEF733B80020704700BFE3
:108290004C1D002030B570B10B4B5B6898420AD082
:1082A000036843B1D3E90421D0E90445121941EB35
:1082B0000501C3E90421D0E9003213605A600023AC
:1082C000C0E9003330BD00BF68080020B3F1FF3FB4
:1082D00008BFB2F1FF3F2DE9F84F04469946154615
:1082E0001F467AD08160EFF31188202383F3128830
:1082F000BFF36F8FB9F1000FDFF8E4A020DBFFF7C9
:10830000BFFFDAE90027013549F100092D1849EBD3
:10831000E073C4E90453AD18064643EB07074FF07A
:108320000109FFF7A5FFDFF8BCE0DEF804A0034673
:10833000EBB9C4E900EACAF80040CEF8044028E0EE
:10834000DAE900126FF001035B1A4FF0FF3161EBC5
:1083500002025B1B62EB0902012B72F10001BCBF40
:1083600001230022C0E904324FF00009D9E7D3E924
:10837000041CD4E904208A4270EB0C0B24DA891A1D
:108380005A686CEB0000C3E90410C4E900321460C1
:108390005C60FFF76DFF84420ED1134B1B685BB925
:1083A000B9F1000F02D1FFF76BFF0646304607F028
:1083B00005FA0021FDF76EFF88F31188BFF36F8F78
:1083C00028463946BDE8F88F521A60EB0C009A45F2
:1083D000C4E90420ADD01B68AAE700252F46EFE7CB
:1083E00000130020680800204C1D00202DE9F047F4
:1083F000EFF31185202383F31288BFF36F8FDFF82B
:10840000A490DFF8A480C9F80000FFF731FF002630
:108410000027D9F80030D8E900ECD91750B1D0E9DD
:108420000442A34271EB020A1CDAE41A62EB010275
:10843000C0E9044213EB0E034FF000044CEB0101C2
:108440002046C8E90031C9F8004007F0B7F92146D5
:10845000FDF720FF85F31188BFF36F8FBDE8F0476C
:10846000FFF7D8BE14EB0E024CEBE473C0E90467CF
:10847000C8E90023FFF70EFF85F31188BFF36F8F64
:1084800083689847EFF31185202383F31288BFF3A5
:108490006F8FD9F800301B1BC9F80030FFF7E8FEDA
:1084A000B7E700BF4C1D00200013002010B5EFF30C
:1084B0001184202383F31288BFF36F8FFFF7E0FE50
:1084C000054A0346D2E90001181841EBE37184F331
:1084D0001188BFF36F8F10BD00130020F8B506465A
:1084E000EFF31187202383F31288BFF36F8F0268A5
:1084F00022B187F31188BFF36F8FF8BDD0E90A541A
:10850000691C44F10003022973F1000334D3013DD7
:1085100044F1FF34002CBCBF15462C4607F091F9FE
:10852000013041F10001401944EB0101012871F1D2
:1085300000014ADB07F085F9013041F100016FF0DD
:108540000203401944EB010183426FF000438B4169
:1085500040DB07F076F9013041F100016FF00102D4
:10856000401944EB01044FF0FF33121A63EB04038C
:108570001A493046FFF7AAFE336B01333363336A7F
:108580006BB187F31188BFF36F8F336A304698471A
:10859000EFF31187202383F31288BFF36F8F3346E5
:1085A00053F8184F9C42A4D0002CA2D0204607F0CC
:1085B00035F80023C4F8883087F31188BFF36F8F34
:1085C0002046BDE8F84007F01AB86FF001024FF0FE
:1085D000FF33CDE700224FF00043C9E7DD84000000
:1085E0002DE9F04105461C4690461F46EFF31186E3
:1085F000202383F31288BFF36F8FB4F1FF3F08BFCE
:10860000B2F1FF3F05D186F31188BFF36F8FBDE84C
:10861000F081002C09DB012A74F10003BCBF0122A8
:10862000002412F1FF3844F1FF37284607F0DDF847
:10863000DDE906010023C5E90A012B6342463B46FA
:1086400028460249FFF742FEDDE700BFDD84000057
:108650002DE9F04385B04FF000090546CDF80490B0
:1086600000F10C07EFF31188202383F31288BFF386
:108670006F8F8368594003EA02060A4053400E494F
:1086800001AACDE9023907F077F8019C3CB1C4F8A2
:10869000889020460021246E06F0D1FFF6E7DDE940
:1086A000023223EA02033846AB604146FFF78CFBF7
:1086B000304605B0BDE8F083A9F90000F8B50746DB
:1086C0000C46164606F056FF08B10020F8BD0D4BCB
:1086D0009B68DD6F002DF8D0221DF6D2EFF31184D8
:1086E000202383F31288BFF36F8F47F004012846DD
:1086F000B04784F31188BFF36F8F0028E5D040F8AE
:10870000045BE3E71C1D00200146024A0020FFF73E
:10871000D5BF00BFD3B8000007B5074B009307498A
:1087200007484FF0FF334FF48062FFF763F80020F3
:1087300003B05DF804FB00BFCC020100C044002080
:108740000813002010B50C4C236813B10B4B1B68A9
:108750002BB900F029FE30B9084B01221A60012321
:108760002360002010BD0138062801D9044810BD3F
:10877000044B53F8200010BD541D0020501D002054
:10878000FE8FFFFFD8020100BFF34F8F0549064B54
:10879000CA6802F4E0621343CB60BFF34F8F00BF9F
:1087A000FDE700BF00ED00E00400FA0510B4094B3E
:1087B00009490A4C4FF0FE32C3F800244968C3F857
:1087C0000424C3F80824C3F80C240023C4F800359B
:1087D00010BC084700B002507008002000A00250F2
:1087E000D0E90012014BC3E9001270477008002065
:1087F0002DE9F043134B144E002814BF04461C46C9
:1088000083B02368B34219D00D4620464FF4E0717F
:1088100004F10409174604F58E7800F0E9F848469B
:1088200000F0ACFC404600F0DBFA084900972B460C
:108830004A46404600F0EAFA08B92660002003B034
:10884000BDE8F083581D0020A5BCC95A0592000060
:1088500070B51D460C4B002818BF03460B481E6818
:10886000864282B00DD1002603F58E700096334605
:10887000144600F017FB002818BF34462C6002B0E5
:1088800070BD0348FBE700BF581D0020A5BCC95AB6
:10889000E88FFFFF10B5044650B1636813F0685FBE
:1088A00005D0064A934202D000232360626010BDC7
:1088B000034B04485B689847EFE700BF2C5F5CA957
:1088C00070080020F4020100C8B143680D4A9342C9
:1088D00013D013F0685F0ED0012350E8002F194623
:1088E00040E8001C9CF0000FF7D1012AF5D0BFF33F
:1088F0005F8F0020704704487047044870476FF44A
:10890000E04070472C5F5CA9E98FFFFFEA8FFFFF13
:1089100080B14368094A93420AD013F0685F05D0DA
:10892000BFF35F8F00230360184670470448704709
:10893000044870476FF4E040704700BF2C5F5CA9AB
:10894000E98FFFFFEA8FFFFF10B5044620B1044B0B
:1089500063600022226010BD0248FFF727FFF6E7A0
:108960003A00003A1C03010070B5D0E90023174C0F
:10897000174D6360D0E90230C4E9023022604868D4
:10898000D1F800C0134BC3E900C0D5F81801D1F8E5
:1089900008C0C3F808C010F0685FD1F80CC00969BE
:1089A000C3F80CC0196110D00B49C5F8BC110023E5
:1089B000C5E9453105F58A70C5F8B8319047236897
:1089C00005F5DC70BDE87040184770BD8C080020CC
:1089D000581D0020780800202C5F5CA938B131B107
:1089E000014400220346013081421A70FAD17047D7
:1089F00038B131B1014400220346013088421A7077
:108A0000FAD170472DE9F04FB2F5C07FB5B000F252
:108A1000D780DFF8B49114460D464FF4D072002190
:108A20000DF15C080746484607F016F8404601F08D
:108A300051F9002309F11806A9F8103063BA294644
:108A40002246A9F812303046202389F8173006F064
:108A5000DBFF5E4B079303F104338022089303F19D
:108A600004330993325503F1043307A940460A93AE
:108A700001F046F9824600287FD104F119030BAEBC
:108A80000FAC02930397019604940198DFF840B16C
:108A90001022002106F0E0FFDDF808A005940E9BEF
:108AA0005BF8044C5BF80C7C0B995BF8100C5BF8E2
:108AB000085CDDE90C625C40019B7E40554081EA28
:108AC00000071A4601214046CDE90B76CDE90D5449
:108AD00001F030F9BAF1100F94BFAAEB0A0AAAF11B
:108AE000100A0BF1100B002865D1BAF1000FD6D196
:108AF000059C01992046102206F086FF99F8033064
:108B000010340133A04589F80330BED1049C039F83
:108B1000019E80222146404601F0F2F8824670BB59
:108B200007F120093D4613AB1A460121404601F0EA
:108B300001F91022824613A928461544BAF1000F04
:108B40001DD106F061FF4D45EDD1404601F0D2F850
:108B50001D484FF4D071FFF74BFF20462021FFF74F
:108B600047FF07A81021FFF743FF30461021FFF70A
:108B70003FFF504635B0BDE8F08F0FAC0BAE40461E
:108B800001F0B8F810484FF4D071FFF731FF2046DC
:108B90002021FFF72DFF07A81021FFF729FF102143
:108BA0003046FFF725FF20213846FFF721FF5046CA
:108BB00035B0BDE8F08F039F019E049C8246DEE73E
:108BC0006FF0370AF3E700BF281F002000010203FF
:108BD000381F00202DE9F04188B004460D462022C0
:108BE0000021684606F038FF04F120066F46E27B5C
:108BF0000132D2B2E273002A4DD1A27B0132D2B24D
:108C0000A273002A47D1637B0133DBB26373002B6D
:108C100041D1237B0133DBB22373002B3BD1E37AB9
:108C20000133DBB2E372002B35D1A37A0133DBB21F
:108C3000A372002B2FD1637A0133DBB2637253BB73
:108C4000237A0133DBB223722BBBE3790133DBB22E
:108C5000E37103BBA3790133DBB2A371DBB96379A1
:108C60000133DBB26371B3B923790133DBB2237112
:108C70008BB9E3780133DBB2E37063B9A3780133D6
:108C8000DBB2A3703BB963780133DBB2637013B915
:108C90002378013323703B4622460121304601F000
:108CA00049F8804650BB103708AB9F429FD1029ACB
:108CB000AB68039F0799534002933046EE68009BD0
:108CC0007E400396049F2E697E4004966E69059F40
:108CD0007E400596069FAE697E400696EE6971401D
:108CE000079129684B40009301996B6880224B40A3
:108CF0006946019301F004F8804638B168462021A6
:108D0000FFF776FE404608B0BDE8F08110220DEB7B
:108D10000201204606F078FEF0E700BF2DE9F84397
:108D200004468069B0F5C07F52D81D46C0F5C073B7
:108D3000AB424DD3C5F5C0731B1A9342164647D3B9
:108D4000DFF898904FF4C0720F464846002106F0B5
:108D500083FED4F89430A269D4F898004946984725
:108D6000002838D1D4F818803DB1D4E925302A46FE
:108D700009EB0801984770BBA84407B1C6B9174969
:108D800042460846FFF73EFE054638B113484FF409
:108D9000C071FFF72DFE2846BDE8F8830F49204635
:108DA000FFF718FF05460028F0D101232361EDE706
:108DB00009EB08003946324606F026FE0749B04462
:108DC00042460846FFF71EFE05460028DED1E5E7CD
:108DD0006FF03705DFE76FF03305DCE7C8200020D0
:108DE00010B5A4220446002106F036FE064B4FF0D3
:108DF000FF314FF6F0722161E26104F19C001B68C3
:108E0000BDE81040184700BFDC0800202DE9F04302
:108E100085B005460F461646002110226846994641
:108E200006F01AFE1D4B05F19C081B68404698474A
:108E300020B10446204605B0BDE8F08305F12004CA
:108E4000204600F047FFAA69C5E925762E69E2B9F8
:108E50002022002EAA611FDB20466946802200F0F6
:108E60004FFF044630B90C9A334649462846FFF76F
:108E700055FF04460A4B40461B689847002818BF18
:108E80000446204605B0BDE8F083002EE4DA172A38
:108E900002D801325608DFE70026DDE7D8080020B7
:108EA000D40800202DE9F04F8DB0B2F5806F169FE9
:108EB00000F2E380B7F5807F00F2DC8004461546BF
:108EC0000E462022002104A8984606F0C5FD6C4BF2
:108ED00004F19C091B68484698478346002840F0E7
:108EE00092802269E3699A4200F391806369002BC2
:108EF00040F08D80002F40F0A980DFF888A16F46F8
:108F0000002D00F0988004F120086F460EE0102D2F
:108F1000AB4628BF4FF0100B30465A46394606F094
:108F200073FDB5EB0B055E4400F08580E37B0133F8
:108F3000DBB2E373002B4DD1A37B0133DBB2A37310
:108F4000002B47D1637B0133DBB26373002B41D12C
:108F5000237B0133DBB22373002B3BD1E37A013354
:108F6000DBB2E372002B35D1A37A0133DBB2A372FB
:108F7000002B2FD1637A0133DBB2637253BB237AA8
:108F80000133DBB223722BBBE3790133DBB2E37134
:108F900003BBA3790133DBB2A371DBB9637901337E
:108FA000DBB26371B3B923790133DBB223718BB9BF
:108FB000E3780133DBB2E37063B9A3780133DBB24A
:108FC000A3703BB963780133DBB2637013B92378C4
:108FD000013323703B4622460121404600F0AAFEA1
:108FE0008346002893D0DAF800304846984720217D
:108FF000034604A8002B18BF9B46FFF7F9FC10217D
:109000003846FFF7F5FC58460DB0BDE8F08F3A46FC
:10901000414600232046FFF781FEDFF868A00028C4
:109020003FF46DAFDAF80030484698478346002891
:109030003FF465AFE7E704A92046FFF7CBFD834681
:109040000028D0D1236901332361CCE73A46414659
:1090500004A8FFF7D7FC834618B1DFF828A06F46B5
:10906000C1E704A92046FFF7B5FD834600283FF479
:1090700044AFF2E76FF0370BC5E76FF0350BC2E78F
:10908000D8080020D40800202DE9F043202B8BB015
:109090001D4606468846914626D8DBB202AF8DF8BB
:1090A0000480B0468DF8053058F8041B21B94046BD
:1090B00000F084FE044640B901233360022201A976
:1090C000404600F08FFE044638B138462021FFF7B5
:1090D0008FFC20460BB0BDE8F0832A464946404647
:1090E00000F080FE0446F0E702AF19461046002368
:1090F0003A4600F0FDFF04460028E6D12023B94699
:109100001D46CCE7F0B5D0F8F830A7B0002BD8BF9B
:1091100002AE2CDDD0F80C410546002302AE0193CF
:10912000A4F10107D0F80001D5F8FC4001AB902272
:109130003146A047B7FA87F77F09044610B9019B6B
:109140003BB9A7B130469021FFF752FC204627B02B
:10915000F0BD014632462846FFF796FF50B9D5F8D4
:109160000431019A1344C5F80431002FEAD16FF09D
:109170003C04E7E70446204627B0F0BD70B5002563
:10918000044604F5887614222946C0F8F850FC30CD
:1091900006F062FC08222946304606F05DFC154BBD
:1091A00030461B689847204640F8045B00F0ECFD11
:1091B000114B30461B689847D8B9D4F8F830AB4209
:1091C00011DC03EB830204EB82022021C2F80811B8
:1091D0000121C2F80C1101330849C2F80001C2F89C
:1091E000FC10C4F8F830064B30461B68BDE87040F0
:1091F000184770BDDC080020D8080020D99B00006B
:10920000D40800202DE9F047202A88B079D83E4BB9
:1092100000F588791B6804464846174688469847F3
:109220000546F8B9D4F8F83040F20116002B64D0A6
:109230002046FFF767FF054638B9D4F8F830002B11
:1092400014DC013EF2D16FF03B056E462021304622
:10925000FFF7CEFB2D4B48461B689847002818BFE8
:109260006FF01D05284608B0BDE8F087D4E941320B
:10927000934203D3D4F80C21012A02D0013ED7D166
:10928000E1E71F2BFAD96E4601462022304604F151
:10929000040A06F0E1FB3146504600F0CDFD0546DC
:1092A0000028D3D1504600F083FD504600F06CFDFD
:1092B0002946504600F082FD05460028C6D150469A
:1092C0002022314600F08EFD05460028BED103461F
:1092D00032462021304600F00BFF05460028B5D16C
:1092E000D4F8F830002BC4BF0023C4F804313A4648
:1092F0004046314606F088FBA8E76FF03F056E4612
:10930000A4E76FF03B05ADE7D8080020D4080020A3
:1093100030B58DB00021282202A8019106F09CFBF7
:1093200002A800F00DFF044610B120460DB030BD7C
:10933000174D4FF0FF31286800F044F9044620B182
:109340001448FFF733FA012C18D0002000F06AF916
:10935000D0B9114A02A901A800F030FC044601204E
:1093600000F060F960B9286800F034F90028DCD01A
:109370000A48FFF71BFA20460DB030BD0524F2E77E
:109380000748FFF713FAEEE70648FFF70FFAE0E7A2
:10939000C00800204003010048220020980301007B
:1093A000780301005803010030B583B000F05CF889
:1093B00028B100F0ABF80324204603B030BD00F024
:1093C00077F8D8B900F02EF9E0B9224CD4F8283952
:1093D0001B0EF02B0AD1D4F8242A1F4B9A4231D00D
:1093E00000F044F8072400F091F8E5E700F03EF8BB
:1093F00000F08CF80624204603B030BD042420463B
:1094000003B030BD00F032F800F080F8FFF780FFC5
:10941000044698B9114D2B68002BCDD10246014668
:10942000FFF7E6F950B90E4901AB6822FFF710FAD1
:1094300020B90C4B2B60204603B030BD05242046DC
:1094400003B030BD012000F0EDF80028DAD1C4F8F7
:109450000C0ADBE700B002500000E0206824002086
:109460006C2400205AEA5A5A0020704700207047A6
:10947000430504D5044B4FF0FF32C3F80821024BDB
:10948000C3F8080A704700BF00B00250014BC3F890
:10949000040A704700B0025008B100F06BB84FF4F6
:1094A0007500704708B100F04FB84FF47500704771
:1094B00010B5114800F072F800B110BD0F4800F06F
:1094C0006DF80028F9D10E4C204600F067F800280E
:1094D000F3D10C4B0C481C6000F060F801460028EA
:1094E000EBD100F02DF8044608B1204610BD00F085
:1094F0007BF82046FAE700BFD0080020CC08002007
:10950000C8080020C0080020C408002008B508488A
:1095100000F04EF8074800F04BF8074800F048F814
:10952000064800F045F8BDE8084000F00BB800BF61
:10953000D0080020CC080020C8080020C408002063
:1095400000207047704700BF10B4094C0246D4F8A1
:10955000003A1342FBD021B1D4F804310B60C4F8B7
:109560000831034BC3F8082A002010BC704700BF25
:1095700000B00250044AD2F8003A1842FBD0C2F8B8
:10958000080A0020704700BF00B0025006F04ABA37
:1095900006F062BA0A46002106F05EBA08B5034B2F
:1095A00002681B6810689847002008BD8C080020DE
:1095B00008B5034B02685B6810689847002008BD37
:1095C0008C080020024B02689B681068184700BF97
:1095D0008C08002008B5034B0268DB6810689847C8
:1095E000002008BD8C08002070B5094C094D206989
:1095F000AB68984718B1084B08485B689847084A19
:10960000EB68206900211160BDE87040184700BF79
:10961000780800208C08002070080020B0030100AA
:10962000D4240020F8B51A4D1A4E0446B2682869B1
:109630009047E8B9184F3B684CB1A3B1012B19D042
:10964000013B3B602869F36898470020F8BD43B9A7
:10965000124A0121C2F800151149D1F81029002A37
:10966000FBD101333B60F368286998470020F8BDBF
:109670000C48F8BD0A4AD2F81039002BFBD1074A32
:109680006FF07E40C2F80035FFF700FF3B68D7E778
:10969000780800208C080020D424002000A002506C
:1096A00000B00250E98FFFFF014B1B68184700BF55
:1096B0008C080020014B9B68184700BF8C080020D5
:1096C000014BDB68184700BF8C0800202DE9F047EC
:1096D000002878D00C46002975D01D46002B72D08A
:1096E00007461AB1012200232A6003602B68002B71
:1096F00064D02946204600F0DBFD804600285FD17B
:109700002868214600F0BAFD8046002858D12B6811
:10971000082B6CD0042B6DD0A3F10209B9FA89F99A
:109720004FEA5919354E0121C6F8C411C6F8401147
:10973000C6F8C411636AC6F83031D6F830219342B6
:10974000F6D14FF0000A4FF0FF30C6F82CA1FFF71A
:109750008FFE6FF01B03C6F800315046FFF796FEF0
:10976000C6F80C91D6F8040A40F48060FFF78EFE2C
:109770000A23C6F83831089B012B29D02369204AD7
:10978000A2FB03231B09626A02FB03F303EB4303FF
:109790001A4ADB039B09C2F8D8310123C2F82C31E5
:1097A0003B682A6823F07F4343EA02633B602A68F0
:1097B00043EA02233B604046BDE8F087DFF844807F
:1097C0004046BDE8F087DFF840804046BDE8F087BE
:1097D0004FF08053D3F80C2C013206D0D3F80C3C58
:1097E000074AA2FB03231B09CDE71623CBE74FF063
:1097F000030997E74FF0020994E700BF00B0025059
:10980000ABAAAAAA310CF100350CF10050B34B1EE3
:10981000B3F5047F26D24FF0000C30B5CD00E646FC
:109820006446630904F01F0150F823301F2923FA0E
:1098300001F306D003F001031CB901249E46A4469F
:10984000EFE79E4504F1010406D09E464FF0010C5F
:10985000AC42E6D1002030BD0CF1010C9445F7D1AB
:10986000014830BD00487047360CF100C8B32DE9FF
:10987000F0434C1EB4F5047F1CD2DBB1D2B14FF0E3
:10988000000ECF007646F046754603F1FF396C09AD
:1098900005F01F0150F824401F2924FA01FC0CD0C8
:1098A0000CF0010C4DB90126E0463546B646EEE710
:1098B000964218D90D48BDE8F08373450CD0C445D5
:1098C00008BF0136F145F3D00EF1010E0135BD425E
:1098D000DDD10020BDE8F0834FF0010EE046764672
:1098E000F4E7024870479E46F0E700BF370CF100EE
:1098F0002DE9F04F91B00D46DDE91B41824600296C
:109900006ED1286906901A981C6000230360002A13
:1099100000F02E819C4B6A6AD3F83811D3F83031AD
:109920009A4269D10A2967D19AF80330089304F161
:10993000080306990793954B934CA3FB01239B08BF
:1099400003EB4303A1EB43030393042305931A9B07
:10995000069E1E60002E00F0E980002700F0B8FC93
:109960000997BAF1000F00F0D580DDF81C804FF0A8
:109970000109002D00F0CE80089B002B3ED008A9E5
:10998000284600F095FC00283AD0814B984220D020
:10999000089B082B00F0E4805B00002208930092F3
:1099A00008AB29465046FFF791FE7A4B984200F0EB
:1099B000D38070B9DAF80020130A03F47F0313434D
:1099C00023F07F43CAF80030059B013B0593BED1CD
:1099D0000020039000F07CFC039811B0BDE8F08FEC
:1099E0004FF08050D0F80C6C013614BFD0F80C0C3E
:1099F0004FF40470069086E76748EAE76548C4E7D5
:109A00000898294600F03AFC0028BED1089B082B94
:109A100000F0A880042B00F0A880A3F10203B3FAA1
:109A200083F35B090493C4F8C491C4F84091C4F86B
:109A3000C4916B6AC4F83031D4F830219342F6D126
:109A40004FF0000BC4F82CB14FF0FF30FFF710FDC2
:109A50006FF01B035846C4F80031FFF717FD049B55
:109A6000C4F80C31D4F8040A40F48060FFF70EFD0E
:109A70000A23C4F838312B69ABF1553BABFB032308
:109A80006A6A1B0902FB03F303EB4303DB039B0935
:109A9000C4F8D831C4F82C91DAF80030089923F0D2
:109AA0007F420B0243EA01631343CAF8003009A85E
:109AB00000F0D4FB099B03F01A0303437FF468AF63
:109AC000ABFB063BD4F814310A93D4F818310B934E
:109AD000D4F81C310C93D4F820310D93D4F82431F0
:109AE0000E93D4F828310F93B7EB9B0F01D1039B52
:109AF00093B9404618220AA9183EFFF747FD08F11E
:109B00001808013796B100F0E3FB00230993002DFC
:109B10007FF432AF214838E74046F61A1A460AA9C0
:109B200098440137FFF732FD002EECD1069F079EC7
:109B30006A6939463046FFF769FEAA6940B94FF4B1
:109B4000806339463046FFF791FE00283FF440AF6E
:109B50001A9A0023136018E72B6A002B3FF439AFE1
:109B60000F4836E7032304935DE7022304935AE783
:109B7000009108AB012229465046FFF7A7FD0028B7
:109B80003FF4D5AE25E700BF00B00250ABAAAAAAA9
:109B9000020CF100310CF100300CF100350CF10039
:109BA000320CF10010B4DDE901340194039C0294FD
:109BB0000024039410BCFFF79BBE00BF10B586B015
:109BC00005AB0124CDE901240093002204ABFFF78B
:109BD0008FFE06B010BD00BFF0B587B0002966D07B
:109BE0001E46002B63D01446002A60D0314F0D462C
:109BF00038684FF0FF31FFF7E5FC00284DD1002019
:109C0000FFF710FD002844D12B4800F099FA0346D5
:109C1000D8B101204FF0FF35FFF704FD002834D103
:109C200026484FF40871FEF7D9FE25480421FEF7B7
:109C3000D5FE21482821FEF7D1FE3868FFF7CAFC7F
:109C400000282ED1284607B0F0BD1C4A029205AA72
:109C5000019204AA03900092174919481A46FFF787
:109C6000A1FF03460028D4D128461D46059B049930
:109C70009C42224628BF1A4632600831FFF786FC14
:109C80000120FFF7CFFC0028CAD00E48FEF78EFD5A
:109C9000C6E70D48FEF78AFDB6E70C48FEF786FDDD
:109CA000ADE70B48FEF782FD284607B0F0BD4FF048
:109CB000FF35C7E7C0080020DC2400200425002071
:109CC000D82400207803010058030100400301005C
:109CD000D003010010B5044630B1002201236265B3
:109CE000A265E365236610BD0148FEF75FFDF4E75A
:109CF000E803010018B174220021FFF749BC704746
:109D000090B1A1B110B5802A4FF00004846380F8AF
:109D10003C4006D1102204631044FFF737FC204674
:109D200010BD6FF01F0010BD6FF0210070476FF085
:109D30001F00704728B322B31BB3012921D870B587
:109D40000446816B86B017D0012917D11025002158
:109D50000DEB0506616310460095019602AA29469F
:109D600000F0C2FA50B92B46324602A9204600F054
:109D700043FD18B906B070BD0029E7D06FF021008F
:109D8000F8E76FF02100704710B5044628B120466F
:109D9000F421BDE81040FFF7FDBB0448FEF706FDC7
:109DA0002046F421BDE81040FFF7F4BBFC0301009E
:109DB00010B1F421FEF712BE704700BF08B521B103
:109DC000012908D06FF0360008BD012100F058F8D5
:109DD0000028F7D108BD022100F052F80028F9D080
:109DE000F0E700BF30B505468818B0F5801FA1B078
:109DF0000B46144601D8802A0CD9B3F5801F17D919
:109E000022461946284600F07DF8044684B92046CB
:109E100021B030BD6846FFF7B9FB224669462846A7
:109E200000F070F8802104466846FFF7B3FBEDE7C9
:109E30006FF03604EBE700BF70B5E8B10E46D9B15C
:109E4000044600F031F80546B0B92368012B0BD069
:109E5000022B01D0284670BD1C2204F108013046B7
:109E6000FFF794FB284670BD202204F1080130461C
:109E7000FFF78CFB284670BD6FF03605EAE700BFA0
:109E800078B138B504460D46F021FFF783FB402337
:109E90002560E365204600F05BFA003818BF01201A
:109EA00038BD0120704700BF70B5056EA4B00446F0
:109EB00004AEE5B90122002362603046CDE90033EB
:109EC00002AA294600F010FA10B1012024B070BD9A
:109ED0002A4602A9204600F063FA0028F5D1204660
:109EE00000F074FB0028F0D1206624B070BD802DF6
:109EF0002A4600F1640128BF80223046FFF746FB66
:109F0000256ED7E7002800F0AE802DE9F04F14460B
:109F1000A5B0002A3DD00F46002949D0B2F5803FB8
:109F20000546006E20D34FF6FF7805F1640AEB6D0D
:109F30001A1AB2FBF3F103FB1122002A65D1834206
:109F4000B9464FF6FF7672D0B6FBF3FB03FB0BFB73
:109F5000BBF1000F30D1002E45D1A4F57F44FF3C6A
:109F6000B4F5803F4744E2D2EA6D161AB6FBF2F32D
:109F700002FB1366A64228BF2646002E75D18242F8
:109F800000F08D80B4FBF2F602FB06F62EB9002C31
:109F900079D1002025B0BDE8F08F0023CDE9003352
:109FA00002AA3146384600F09FF9002800F095805B
:109FB000012025B0BDE8F08F0023CDE9003302AACF
:109FC0005946484600F090F90028F1D102A95A46B6
:109FD000284600F0E5F90028EAD1A6EB0B06286E2A
:109FE000D944002EB9D01930494605EB80003246DD
:109FF000FFF7CCFAA4F57F44286EFF3C3044B4F55B
:10A00000803F4744286692D2AEE7424528BF424689
:10A01000504439461646FFF7B9FA286EEB6D3044C6
:10A02000834207EB06092866A8EB06068CD1802B35
:10A0300028BF80231A46514604A8FFF7A7FA002339
:10A04000CDE9003302AAE96D04A800F04DF900281B
:10A05000AED1EA6D02A9284600F0A2F90028A7D1E6
:10A06000EB6D286670E70120704705F164033946FF
:10A0700032461844FFF78AFA286EEA6D3044A41B72
:10A08000374428667BE72B6E193305EB83002246A5
:10A090003946FFF77BFA2B6E23442B6679E7802A3B
:10A0A00028BF802205F1640104A8FFF76FFA00239E
:10A0B000CDE9003304A8E96D02AA00F015F90028E3
:10A0C0007FF476AFEA6D02A9284600F069F900280E
:10A0D0007FF46EAFEA6D286654E702A9324628463F
:10A0E00000F05EF900287FF463AF3744A41B4EE70D
:10A0F000F8B51C46054611480E461746FFF744FEC4
:10A1000021460E48FFF75AFE044620B10B48FFF7E0
:10A110004FFE2046F8BD094832462946FFF762FE49
:10A1200004460028F2D139460448FFF785FE04466C
:10A130000248FFF73DFE2046F8BD00BF242700205F
:10A1400030B583B01C2301A90546019300F032F815
:10A15000044638B9019B1C2B07D0144C1C212846FF
:10A16000FFF718FA204603B030BDD5E90112131EDF
:10A1700018BF012300392A6818BF01219B0043EA58
:10A180004103002A18BF43F00103EA680120E86197
:10A190002AB9C5E90834002BE4D1054CDEE743F0C9
:10A1A00008032046C5E9083403B030BD370CF00081
:10A1B0000E0CF00018B111B10B681C2B01D001205E
:10A1C00070474FF08053D3F8102C013214BFD3F8EE
:10A1D000102C41F25C224FF080530260D3F8142C13
:10A1E000013214BFD3F8142C41F664124FF080539F
:10A1F0004260D3F8182C013214BFD3F8182C40F663
:10A20000D8624FF080538260D3F81C2C013214BF07
:10A21000D3F81C2C41F288324FF08053C260D3F83F
:10A22000002C013214BFD3F8002C90224FF0805341
:10A230000261D3F8042C013214BFD3F8042C51224C
:10A240004FF080534261D3F8082C013214BFD3F889
:10A25000083C40F2373383610020704708B501465F
:10A260004FF48060FFF71EF9034B0022C3F8C821AA
:10A27000C3F82C2108BD00BF00B0025001380728E8
:10A2800005D8DFE800F0100E040A040404060748AD
:10A290007047CB684B62002070478B684B62002090
:10A2A00070474B68F6E70B68F4E700BF310CF1002C
:10A2B0000B6802E0082B0B6006D8026A13424FEAD3
:10A2C0004303F7D00020704700487047310CF1007D
:10A2D000044B0022C3F82C214FF48060C3F8C42142
:10A2E000FFF7C6B800B00250F0B583B01D46B0F11C
:10A2F000005F4FF000038DF8073024D38C46844470
:10A30000BCF1804F04461ED817460DF10703012209
:10A3100000F064FE0646B0B9099A9DF807303C602B
:10A320003B7192B14DB1024608990DF107032846E1
:10A3300000F054FE38B99DF80730099A3046156090
:10A34000137103B0F0BD4FF47506304603B0F0BD95
:10A35000D8B108B50368012B04D0022B0FD043B14C
:10A360000B4808BD0B4920220830FFF70FF90020E9
:10A3700008BD094914220830FFF708F9F7E7074933
:10A3800020220830FFF702F9F1E74FF4730070471D
:10A390000100F3000C0401004C0401002C04010036
:10A3A0002DE9F843002900F0F9800446002800F068
:10A3B000F980036890460F46002B00F0C380013BF4
:10A3C000012B00F2D78079484FF0FF314FF002099E
:10A3D000FFF7F8F8002840F0BF800020FFF722F9CF
:10A3E0000646002840F0C280714AD2F81C39002B82
:10A3F000FBD16F4DD5F8203C002BFBD14FF0FF3047
:10A40000FFF736F8D5F8040A20F04000FFF73EF8D1
:10A4100001230722C5F81838C5F80029C5F8C43744
:10A42000A36CC5F8CC37E36CC5F8D037C5F8C09736
:10A4300023685BB1013B012B18D8636AC5F85C3611
:10A44000236AC5F85836E369C5F85436584BA269F3
:10A45000C3F850266269C3F84C262269C3F848261F
:10A46000E268C3F84426A268C3F84026504AD2F8EE
:10A470001039002BFBD1B8F1000F5FD06368012BBE
:10A4800008BFC2F884364A4B3A68C3F8282C4020EB
:10A49000C3F82C8CFFF700F80646454AD2F810396D
:10A4A000002BFBD1424AD2F8203C002BFBD1236881
:10A4B0005BB1013B012B18D8D2F85C366362D2F84D
:10A4C00058362362D2F85436E361394BD3F850261C
:10A4D000A261D3F84C266261D3F848262261D3F8F2
:10A4E0004426E260D3F84036A360314AD2F8CC1754
:10A4F000A164D2F8D017E16400230121C2F8C41787
:10A50000C2F88436C2F8C837D2F81039002BFBD114
:10A51000C2F81838002E3BD1254BD3F8040A40F07E
:10A520004000FEF7B3FF0120FFF77CF860BB1F4837
:10A53000FFF750F810BB3046BDE8F8830423C2F89B
:10A54000C837AAE719484FF0FF314FF00109FFF76C
:10A5500039F800283FF441AF1648FEF727F90020EC
:10A56000FFF760F8064600283FF43EAF1248FEF7BA
:10A570001DF939E7114E3046BDE8F8831048FEF763
:10A5800015F93046BDE8F8830E48FEF70FF9CEE71F
:10A59000102104F10800FEF7FDFFBDE70A4E30462A
:10A5A000BDE8F8834FF47306C5E700BFD00800206C
:10A5B00000B0025040030100580301000100F30005
:10A5C00098030100780301000300F30098B370B40E
:10A5D000D0E90241D0E9042326BA0DBA14BA19BA57
:10A5E000D0E9062312BAC0E904418261D0E90842E9
:10A5F000C0E902651BBA25BAC0E9073514BAD0E92B
:10A600000B23816A12BA09BAC0E90941C262D0E9D2
:10A610000D421BBA25BAC0E90C3514BAD0E9102393
:10A62000C16B12BA09BA1BBAC0E90E41C0E91023C6
:10A63000002070BC70474FF473007047002847D06B
:10A6400090F83C30002B34D0032B10B513D02248A7
:10A65000224C2268224B1268C3F8002422685268F8
:10A66000C3F8042422689268C3F808242268D268D8
:10A67000C3F80C2410BD016B006C184C00F0A8FB53
:10A680000028E6D12268164B1268C3F8002422681D
:10A690005268C3F8042422689268C3F80824226828
:10A6A000D268C3F80C2400F0A1FB0028D1D100200F
:10A6B00010BD0B4B0269C3F800244269C3F804249F
:10A6C0008269C3F80824C269C3F80C2400207047CB
:10A6D0004FF47100704700BF0900F100BC08002072
:10A6E00000B00250374A38B50446D2F81039002B72
:10A6F000FBD1344AD2F87034002BFBD1314AD2F866
:10A70000203D002BFBD12F4AD2F8203C002BFBD15F
:10A710002C4AD2F8383D002BFBD12A4DD5F8383CD5
:10A72000002BFBD14FF0FF30FEF7A2FE636BD5F894
:10A73000040A23F00403032BE36D39D0012B0CBF73
:10A7400020F0800020F02000FEF7A0FE1D4A01232B
:10A75000C2F80039D2F81039002BFBD1194AD2F8CF
:10A760007034002BFBD11749C2F8BC34D1F8103932
:10A77000002BFBD1134AD2F87034002BFBD1626B53
:10A7800022F00401032918BFA36B0E494FEA82028D
:10A7900018BF03F0010302F01C021A43C1F8C024E1
:10A7A000636B072B04BF0123C1F87C34002038BD44
:10A7B000012B0CBF20F0400020F01000FEF766FED9
:10A7C000C4E700BF00B00250094A0A4B116809688B
:10A7D000C3F8001411684968C3F804141168896843
:10A7E000C3F808141268D268C3F80C24704700BF7D
:10A7F000BC08002000B002502DE9F04F85B00029C0
:10A8000000F0EC809046002A00F0E8800546002821
:10A8100000F029819946C36D0E46002B52D1B9F53F
:10A82000805F54D295F83C30042B00F0FF80002765
:10A83000AD484FF0FF31FEF7C5FE002840F0D5804F
:10A840000020FEF7EFFE002840F0D880A748012343
:10A85000C0F81038D0F81049002CFBD16B6B032BDB
:10A860003ADC002B3BDAA24CA04AD2F81039002B7C
:10A87000FBD1002F40F0D1806B6BEA6D23F0040315
:10A88000032B9A4BD3F8040A00F09F80012A0CBFD7
:10A8900040F0800040F02000FEF7F8FD934B0022CE
:10A8A000C3F810280120FEF7BDFE002840F0B1805B
:10A8B0008D48FEF78FFE002840F0A480204605B0AA
:10A8C000BDE8F08F012BADD1B9F5803FAAD3894CFB
:10A8D000204605B0BDE8F08F063B012BC3D8AB6B1B
:10A8E000012B00F2BE80EB6D012B7CD82B6E012B6F
:10A8F00000F2E8802846FFF7F5FE04460028B3D1B1
:10A900002846FFF79BFE04460028ADD16B6B072B52
:10A91000A9D801229A4012F08A0F40F0D58012F097
:10A92000440F40F0BA80D2079DD523F00403032BD7
:10A9300032680DD02B6ED8F80010012B6B4B0BBF7B
:10A94000C3F8281DC3F8301DC3F82C9DC3F8349DEF
:10A95000EB6D012B654B0BBFC3F8282CC3F8302CD3
:10A96000C3F82C9CC3F8349C6B6B23F00403032BBB
:10A9700000F0A2802B6E012B14BF20208020FEF758
:10A980008BFD044600287FF46FAF584BD3F8104975
:10A99000002CFBD1696B072914D801228A4012F0E0
:10A9A0008A0F40F0BB8012F0440F0BD0D3F8602424
:10A9B0002A60D3F864246A60D3F86824AA60D3F8C4
:10A9C0006C34EB600123AB654EE7012A0CBF40F00D
:10A9D000400040F01000FEF759FD5FE7464C20466E
:10A9E00005B0BDE8F08F454C3EE74548FDF7DEFE7B
:10A9F0000020FEF717FE00283FF428AF4148FDF77E
:10AA0000D5FE23E74048FDF7D1FE204605B0BDE85E
:10AA1000F08F3E48FDF7CAFE4AE7042385F83C3034
:10AA2000202105F11000FEF7B5FD25E7296B286C04
:10AA300000F0C0F998B9364F2C4C3B681B68C4F83D
:10AA400000343B685B68C4F804343B689B68C4F816
:10AA500008343B68DB68C4F80C34296B31B101273A
:10AA6000E6E62C4C00E74FF4710427E72B6D0193C9
:10AA7000EB6C009305F1100A4FF0100BCDF808A015
:10AA8000CDF80CB0D5E91123286C00F0B9F90028F5
:10AA900051D1002385F83C30E1E7144B2A68C3F814
:10AAA00060246A68C3F86424AA68C3F86824EA6862
:10AAB000C3F86C246B6B38E7EB6D012B14BF1020CF
:10AAC00040205CE7144CCFE6084B2A68C3F84024CA
:10AAD0006A68C3F84424AA68C3F84824EA68C3F83B
:10AAE0004C246B6B21E700BFD008002000B002505F
:10AAF0000100F1000500F1000B00F1000300F1007E
:10AB0000400301005803010098030100780301008D
:10AB1000BC0800200200F1000400F100D3F840243A
:10AB20002A60D3F844246A60D3F84824AA60D3F892
:10AB30004C34EB6046E73B681B68C4F800343B6864
:10AB40005B68C4F804343B689B68C4F808343B680D
:10AB5000DB68C4F80C3459465046FEF71BFD98E7F5
:10AB60002DE9F04109B302B30446002800F0AF809C
:10AB70001D46436B072B0E461BD05DB9032B10D12E
:10AB8000836D73B900F1640345668566C566056724
:10AB90000B6010252B4631462046BDE8F041FFF7FB
:10ABA0002BBE2F463846BDE8F081764F3846BDE8CB
:10ABB000F081C36D002B40F08D80B5F5805F80F093
:10ABC00090801DB9A36D002B40F08B806E484FF034
:10ABD000FF31FEF7F7FC002840F08F800020FEF7E1
:10ABE00021FD002840F08580684A0123C2F8103812
:10ABF000D2F81039002BFBD1636B032B4FDD063BE2
:10AC0000012B4ED8A36B012B6DD8E36D012B78D8A7
:10AC1000236E012B77D82046FFF764FD07460028F6
:10AC200040D12046FFF70AFD074600283AD1626B63
:10AC3000072A36D80123934013F08A0F40F0818011
:10AC400013F0440F6FD1DB072BD5504B0122C3F813
:10AC50007C24C3F8BC543168002D56D1A16D09B9CC
:10AC6000C3F82425494BD3F81079002FFBD1616B31
:10AC7000072917D801228A4012F08A0F6FD112F0EB
:10AC8000440F0FD0D3F860242260D3F864246260AC
:10AC9000D3F86824A260D3F86C34E36002E0002BA0
:10ACA000B0DA3B4F394AD2F81039002BFBD1C2F849
:10ACB00010380120FEF7B6FCB8B93348FEF78AFC1D
:10ACC00000283FF46FAF3348FDF770FD6AE74FF49B
:10ACD000710767E7012B7FF474AFB5F5803FFFF490
:10ACE00070AF2D4F5EE72D4FDCE72D48FDF75EFD81
:10ACF000E3E72C48FDF75AFD76E72B48FDF756FDB4
:10AD00006CE72A4FCEE72A4FCCE7E26D012A33D019
:10AD1000C3F8301C1020C3F8345CFEF7BDFB0746B7
:10AD200000289FD0BEE7194B2268C3F860246268F0
:10AD3000C3F86424A268C3F86824E268C3F86C24EA
:10AD400083E7124B2268C3F840246268C3F84424A6
:10AD5000A268C3F84824E268C3F84C2475E7D3F826
:10AD600040242260D3F844246260D3F84824A260CF
:10AD7000D3F84C34E36095E7C3F8281C4020C3F8AF
:10AD80002C5CCAE70B00F100D008002000B0025094
:10AD90000100F100980301000500F1000200F1003C
:10ADA0007803010058030100400301000300F10093
:10ADB0000400F10029B9044B002814BF18460020F4
:10ADC00070470248704700BF0100F7000300F7001A
:10ADD00029B9044B002814BF1846002070470248C8
:10ADE000704700BF0100F7000300F700034B00208D
:10ADF0000122C3F8380AC3F87824704700B0025023
:10AE00002DE9F047CCB00024579DDDF858818246EB
:10AE100089461646214674220EA81F4604F01CFEE1
:10AE2000802221462CA82B9404F016FE8423B5F52D
:10AE30007F6FCDE90A44CDE90C44059363D8FFF751
:10AE4000C3FC05AB30462BAE01930295DDE95423DC
:10AE50003946009600F062F800284FD103238DF8A0
:10AE600013309DF813308DF87430072300221C90A6
:10AE700010210EA81B9301240123CDE92423CDF832
:10AE80006890CDF878A026940DF12009FEF782FB9A
:10AE9000102200920599CDF804900AAB304606AA1C
:10AEA000FFF722FA074670B11DE00EA908EB070074
:10AEB000FEF76CFB10210EA8FEF76CFB0134AD1BF6
:10AEC0003744E4B224D0102D4A46059B8DF8AC409F
:10AED00006A90EA82E4628BF1026FFF741FE3246CF
:10AEE0000028E2D007460EA874220021FEF750FB8E
:10AEF000FFF76AFC38464CB0BDE8F087054F38468E
:10AF00004CB0BDE8F087044F38464CB0BDE8F08740
:10AF10002F46E8E70E00F1000F00F1002DE9F041A7
:10AF200082B01E460A9D0023B5F57F6F01933ED87F
:10AF3000ED00B5F5807F174601F1FF3234BF0323E2
:10AF400004233F2A0C46009331D880B366BB089A8D
:10AF50006AB3099A116851B3A2191344994226D3CE
:10AF6000089B01462246581CFEF710FB089B04F183
:10AF700002081C440023637026BB089B0095FF2D2C
:10AF800003EB080017D92B029BB243EA15230222D8
:10AF900001A90193FEF7FAFA08F10203099A0020C9
:10AFA000136002B0BDE8F0810FB1402ECFD90A483E
:10AFB00002B0BDE8F08101226946FEF7E7FA08F128
:10AFC0000103EBE7089B324603EB08003946FEF726
:10AFD000DDFAB044D1E700BF060000800020187001
:10AFE000704700BF0CB430B589B005460C461C2232
:10AFF000002101A804F030FD02238DF806300E4B2D
:10B000000293059523462CB1B4F1004F28BF4FF0B1
:10B010000043013B1D440DAA0C99069501A800921E
:10B0200000F082F814B1059B00221A7009B0BDE847
:10B03000304002B0704700BF2FFB0000242A2DE9EA
:10B04000F041044601D8012A4CD104F079FD354B7A
:10B0500016221A5001B10C6000273846BDE8F08175
:10B0600035462E4616F8010B2028F9D0A0F1090725
:10B07000042F0346F4D92B2836D02D2837D14FF092
:10B08000010C6B78AE1C302B38D1307840F02000AA
:10B0900078282FD132F010002CD17378344610224A
:10B0A00002360CF1004001380027B0FBF2FE02FB33
:10B0B0001E08392B82BF03F1FF3343F02003263BE8
:10B0C000303B9A421ED9774502DC03D1984501D224
:10B0D0004CF0020C354607FB023715F8013B3446AD
:10B0E0002E46E6E70546BCE74FF0000CC9E74FF0F7
:10B0F000000CC8E7002A08BF0822D2E7002A08BFD0
:10B100000A22CEE701B10C601CF0010F18BF7F428C
:10B110001CF0020FA1D0074604F012FD014B2222C1
:10B120001A509AE70C0000002DE9F04F8DB04368EB
:10B130000293837815469A07804640F10D810024DA
:10B140000E78002E00F00A81252E0BD04B1C0393A5
:10B150000134029B4146304698470028C0F2F680F1
:10B160000399EDE74E788B1C252E0393F0D0002732
:10B17000B946BB46BBF11F0F38D8A6F12003102BF0
:10B180000AD8DFE803F02A09093009090921090969
:10B190000928092D09091F00A6F13003092B33D90D
:10B1A0002A2E37D11BF0400F55F8043B40F0828027
:10B1B000002BA7BF4BF0200B9946C3F100094BF0C1
:10B1C000280B01E04BF0010B039B13F8016B039379
:10B1D000002ECFD130E04BF0020B4BF0040BF3E725
:10B1E0004BF0080BF0E74BF0100BEDE7BBF17F0FD6
:10B1F00019D8A6F13003092BD2D81BF0400F03D089
:10B200000A2101FB0737DFE70A2101FB09394BF06F
:10B21000200BD9E72E2E06D11BF0400F40F09E8068
:10B220004BF0400BD0E76C2E31D02BD8682E36D0A7
:10B230006A2E3CD04C2E3AD0002F46F02003B8BFE7
:10B240002BF04002A3F16501BCBF1FFA82FB00276F
:10B25000022901D9612B2FD1073525F00705DFF829
:10B26000ACA2083507271BF0080F66D00AEB070BC6
:10B2700056465E4563D1A4EB0A0A06EB0A02A9EB27
:10B2800007096FE1742E9FD07A2E9DD0D4E71BF072
:10B29000800F18BF4BF4007B4BF0800B94E71BF43E
:10B2A000807F18BF4BF4007B4BF4807B8CE74BF422
:10B2B000207B89E71F4687E7A6F16301122900F288
:10B2C000F080DFE811F013004F00EE00EE00EE001A
:10B2D000EE004F00EE00EE00EE00EE00EE00FE008D
:10B2E000E900EE00EE001B00EE00AF0055F8043B55
:10B2F0008DF8183001270DF1180AB4E755F804ABA2
:10B30000834BBAF1000F08BF9A461BF0400F14BFE1
:10B3100039464FF0FF31504604F0A6FB0746A2E73E
:10B32000029B41462020984700280FDB013EB74290
:10B33000F6D34C44A41BB14698E74E46F7E716F8FF
:10B34000010B029B41469847002892DA98F8023098
:10B3500043F0040388F802304FF0FF3420460DB06C
:10B36000BDE8F08F1BF0800F34D01BF4007F2CD091
:10B37000073525F00705AA4669685AF8080B2BF02F
:10B3800010050029ADB237DA404261EB410145F4C6
:10B3900080650DF1180B0A235A4604F071FBA0EBEF
:10B3A0000B0301936B0662D5019B25F001019F42BF
:10B3B00089B240F3A180002E00F0998015F01002B0
:10B3C00040F09C80BB460D4623E0AA465AF8040B89
:10B3D000C117D4E7AA461BF4807F5AF8041B01D199
:10B3E0000846F5E71BF4007F15BF48B208B241F3E9
:10B3F000C01141F3C031C2E750EA0103C9D11BF0CB
:10B40000400FC6D0002FC4D12BF0110295B2BB461D
:10B41000019740F2064115EA01021CBF0BF1010B36
:10B4200000222CE02BF010021FFA82FB0A231BF0F3
:10B43000800C49D01BF400711DBF073525F00705AE
:10B44000AA46AA461ABF5AF8080B69685AF8040BAC
:10B4500050EA010545D12BF016051BF0400FADB2A7
:10B4600042D0002F40D12BF0170295B2019715F072
:10B47000100248D0019B002E42D103F1010B290795
:10B480005AD4EB0706D5D9456FDD0199A9EB0B031B
:10B490005F18CB465B4649E04BF0100B1023782633
:10B4A000C5E7782B04D1C6F1780343F01003BEE75B
:10B4B000029B4146252098470028FFF647AF0234FB
:10B4C00047E608230026B2E7AA461BF480715AF823
:10B4D000040BBDD01BF400711ABFC0B2614680B22C
:10B4E000B6E72BF0060295B20DF1180B54E725F0E4
:10B4F0001105ADB2BB468CE70D46B8E73B460D469D
:10B5000003F1020BBBE7DDF804B082E72D13010065
:10B5100026130100CDE904324146029B20209847C2
:10B520000028FFF613AF049B059A01339945F1DC1F
:10B53000A4EB0B01CC189B460AB3029B414630207A
:10B5400098470028FFF602AF8EB901342744019BCB
:10B55000391B994224DC1D465DBB019AA9EB0B09FE
:10B56000224455461446914435E0019F92E7023447
:10B5700041463046029B98470028E7DAE6E640F26B
:10B5800006410D42E2D015F0020F14BF2B202020FF
:10B5900015F4806F04F10104414618BF2D20E9E73E
:10B5A000029B414630209847002804F10104CEDA7E
:10B5B000CCE606AB013D4146585D029B984700280A
:10B5C000CADAC3E6029B414620209847002804F1CE
:10B5D0000104FFF6BBAEA9EB0403002BF2DCBFE5D0
:10B5E000F0B589B005460C46164600211C2201A87C
:10B5F0001F4604F031FA02238DF806300B4B0293FC
:10B60000059520462CB1B4F1004F28BF4FF0004003
:10B61000013805443A46314601A80695FFF784FDF6
:10B6200014B1059B00221A7009B0F0BD2FFB000079
:10B63000704738B5002120EAE0744FF4004540F22D
:10B64000E7304FF47A720023C4FB0501F4F758FD8C
:10B65000BDE8384004F04CB80FB400B5B3B034AB1B
:10B66000C02153F8042B019302A8FFF7B9FF02A8E9
:10B67000F4F710FF33B05DF804EB04B0704700EB53
:10B68000C100408840087047F8B50346FFF7F7FF50
:10B69000B0FA80F0C0F11F0003EB800CCA00DCF8A8
:10B6A0001060171D0C4606328DB256B9012101FA01
:10B6B00000F0D9680143D960CCF81040DD539D52A9
:10B6C000F8BDF1000431585AD85303EBC0009E5224
:10B6D000C5805D52F4E710B500EBC104E3889942E0
:10B6E00002F104010AD1012303FA02F2C36823EA3A
:10B6F0000203C360002340F8213010BDA28840F847
:10B70000213000EBC20100EBC300CB808280F4E764
:10B7100008B50346FFF7B3FFB0FA80F2C2F11F028B
:10B720001846BDE80840FFF7D6BF2DE9F843B1FA47
:10B7300081F5C5F11F0900EB89080346D8F81020F0
:10B740000E46C2B10327D8F8104018462146FFF72D
:10B7500096FFB04206D34A461846FFF7BCFF204684
:10B76000BDE8F88303EBC404013FE088C8F810008B
:10B7700001D08242E7D1C5F120024FF0FF3494405E
:10B78000DA681440EBD094FAA4F2B2FA82F2111DF6
:10B7900053F821402146DFE738B50346FFF76FFF36
:10B7A0000D46044611461846FFF769FF03EBC50531
:10B7B0000444600068801846FFF761FF014423F8E5
:10B7C000314038BD38B50346FFF759FF0C46A51A7E
:10B7D000511A03EBC40405444800608003EBC20027
:10B7E0006C00448023F8321018461146FFF747FFDB
:10B7F000014423F8315038BD38B50546FFF73FFF07
:10B800000C46014405EBC1035B88DA070AD42846DD
:10B81000FFF77EFF21462846FFF731FF2218284612
:10B82000FFF7BAFF35F83410611A05EBC1035B88E6
:10B83000DB070CD42846FFF76BFF35F8341022469F
:10B84000611A2846FFF7A8FF35F83430E41A21467C
:10B850002846BDE83840FFF717BF61B100680439DA
:10B86000091A21F007030344C9085A8822F001028B
:10B870005A80FFF7C1BF704770B5056809B900204D
:10B8800070BD01F007030B33CC0804EBD304AB68A5
:10B890009C4228BF1C4621462846FFF746FF064625
:10B8A0000028ECD001462846FFF7E9FEA04207D960
:10B8B00032192846FFF786FF11462846FFF7E4FEB7
:10B8C00005EBC6021046538843F001035380043051
:10B8D000D6E71146FFF7D0BF2DE9F84301F1FF3954
:10B8E00019EA010906680F4614460CD04B420B407A
:10B8F000042B1A464F4628BF0422994664B90025F6
:10B900002846BDE8F883042904D8BDE8F843114669
:10B91000FFF7B2BF0422F1E7BA1A04F0070302F0FE
:10B9200007010B330B44E10801EBD20101EBD3011A
:10B93000B368994228BF19463046FFF7F6FE8046A5
:10B940000028DCD009F1040505EBC0057B1E354459
:10B950001D44B5FBF7F57D43A5EB09052C442B1FD2
:10B9600007349B1B24F00704A41BB0EBD30F4FEA52
:10B97000D3074FEAE40408D201463A463046FFF7BF
:10B9800021FF41463046FFF77FFE39463046FFF73C
:10B9900076FE3844844207D230462246FFF712FF33
:10B9A00021463046FFF770FE06EBC706738843F06A
:10B9B00001037380A4E7043A2DE9F041CC1D114442
:10B9C00024F0070421F007010E1BF708B7FA87F2ED
:10B9D000C2F12405AD004FF000080735C2F1200286
:10B9E000ED0804604146A760C4F80C80920004F1A1
:10B9F000100004F031F86B0043F00103638004EBA6
:10BA0000C5027B1B5900A4F800805180A21924F8BC
:10BA10003550A2F80280A35304EBC70329465A8885
:10BA200042F001025A802046BDE8F041FFF72CBEEB
:10BA30002DE9F04706460D46174698462BB398F871
:10BA4000004093F80190DB78A40004EB430498F8DD
:10BA500002301C4444444FF0000ACA4509D3D8F8C8
:10BA6000042008F1080339463046AC46BDE8F047EB
:10BA7000604714F8013B48F823402046F4F764FB84
:10BA8000013004440AF1010AE7E76FF01500BDE850
:10BA9000F08770B5002502462846144614F8013B8D
:10BAA0000BB9184609E098B18D4207D1702B04D02C
:10BAB000A3F140023A2A0BD8002070BDA3F1400642
:10BAC0003A2E05D853780135941C002BE9D000207C
:10BAD000252B08BF80F001002246DEE700207047DA
:10BAE0000FB407B504A951F8040B0191F5F748F913
:10BAF00003B05DF804EB04B0704710B5036902466B
:10BB000013F0080009D11368D4689C4297BF126AE9
:10BB1000E31AD31A01200B6010BD00231846FAE780
:10BB200013B501A90446FFF7E8FF20B1019BE268C5
:10BB3000013B13440193206A019BC01A013802B0F3
:10BB400010BD10B5044650182269236AD20702D5E9
:10BB5000013B184010BD984228BFC01AFAE710B543
:10BB600004460A46C168FFF7ECFF2369E06023F052
:10BB70000803236110BD38B50D46C2698B0001680A
:10BB800043F0020342F82130044601682A46FFF7D9
:10BB9000D8FFE36861682060984202BF236943F0E0
:10BBA000080323612A462046FFF7CBFF606038BDBB
:10BBB0002DE9F74FC768C6699B4606EB87030093DC
:10BBC00016F8273003F00303022B044688469146FB
:10BBD0004FF000030BD01360CBF8003023699B07B4
:10BBE00013D44FF0000A504603B0BDE8F08F56F86A
:10BBF000271013608908CBF80030EFD0FFF7AFFFB4
:10BC0000E368A3604FF0010AEDE7A36906EB870044
:10BC1000984716F8272012F0010A0546E1D012F0E5
:10BC200002021FD0B8F1000F03D041462046FFF7B3
:10BC3000A2FF61682A462046FFF783FFD4E902216C
:10BC40009142606006D12A462046FFF77AFF4FF006
:10BC5000000AA060A2682260E260226942F0080245
:10BC60002261C0E7014620460192FFF778FFE368B2
:10BC7000A360B8F1000F04D02168E369019A43F88A
:10BC8000212005EB0802CBF8002021682046FFF7B1
:10BC900058FF2369206043F00803236116F827301A
:10BCA0006FF3000306F82730009BC9F80030A9E7BE
:10BCB00070B504461546FFF744FF2368834205D15B
:10BCC0002369216023F00803236170BDE269AB00A2
:10BCD00043F0020342F82130204661682A46FFF70C
:10BCE00030FF6060F1E738B503695B07044606D5AD
:10BCF000456AFFF715FF85422CBF6562606238BD5B
:10BD000038B50D4604461C22002103F0A5FEEB6861
:10BD1000A361AB6863612B68E3616B6823620022F7
:10BD200062622A6923B1591E194208BF42F001021A
:10BD30002261012204F128000021BDE8384003F00F
:10BD400089BB2DE9F04F87B000250093036A039566
:10BD50008B4204460E4692460595A94639D3EFF329
:10BD6000118B202383F31288BFF36F8F059AD84677
:10BD70002AB129462046FFF79BFF0023059304A91B
:10BD80002046FFF7BAFE0499B14207462AD322683B
:10BD9000E36913F8221021F0030103F8221003EBEA
:10BDA0008209216832462046FFF7CBFEE368206017
:10BDB000984212D0002788F31188BFF36F8F039940
:10BDC00029B162690AB12046904700230393002FEE
:10BDD000C5D1484607B0BDE8F08F236943F008039A
:10BDE0002361E7E718B12046FFF7C5FEE3E7009BB4
:10BDF0005AEA03021CD0019103F0BCFB0199B8B9C7
:10BE0000BBF1000F14D187F31188BFF36F8F009B34
:10BE1000524604F12800FBF785FBEFF3118820233D
:10BE200083F31288BFF36F8FB0FA80F77F09C2E700
:10BE300005AB03AA20462568FFF7BAFE0746BAE716
:10BE400070B50446836908460D4698470246EFF3ED
:10BE50001186202383F31288BFF36F8F2B7843F072
:10BE600001032B7061682046FFF76BFE606020467F
:10BE7000FFF739FF86F31188BFF36F8F70BD2DE98F
:10BE8000F041044620270020EFF3118687F3128843
:10BE9000BFF36F8F236913F0080FA36802D16268A4
:10BEA000934200D9226AE169D21A5AB986F31188FD
:10BEB000BFF36F8F18B104F12800FBF7FFFA4FF0C2
:10BEC000000834E011F8232012F0030501EB830889
:10BED000ECD0022D03D151F82350AD0805D1D00785
:10BEE00013D4A369404698470546A1682A462046D0
:10BEF000FFF727FE2946A0602046FFF730FE86F3B5
:10BF00001188BFF36F8F0120BEE742F0020201F8F3
:10BF100023204046A369A568984729460246204643
:10BF2000FFF70FFEA06086F31188BFF36F8F4046C6
:10BF3000BDE8F081F8B50446836908460D46984788
:10BF40000646EFF31187202383F31288BFF36F8F28
:10BF50002B786FF300032B7023699B0705D5E268EC
:10BF6000E36903EB82039D421AD12B786FF34103FF
:10BF70002B70D4E90231994204D132462046FFF7B2
:10BF8000E0FDA06031462046FFF7E9FD87F3118808
:10BF9000BFF36F8F04F12800BDE8F840FBF78EBABD
:10BFA0002B6860F39F032B60F0E7EFF311812023F0
:10BFB00083F31288BFF36F8F036913F0080F836850
:10BFC00002D14268934200D9026AD31A81F31188E0
:10BFD000BFF36F8F181E18BF01207047036800223F
:10BFE0000BB9184670478B4210D10B6842B94268B2
:10BFF0000360914200D1436000230B600120704731
:10C0000013604368994208BF4260F5E71A461B680F
:10C01000E6E7038B13F0070305D10368002B0CBF81
:10C02000002003207047022B05D1408BB0FA80F02E
:10C03000400980007047012B05D10368002B0CBF1D
:10C040000020052070470020704710B50C4600B155
:10C0500011B96FF0150010BD081D00F0D2F80028CE
:10C06000F9D1A368032BF6D9F3E72DE9F0410D468A
:10C0700007461946281D90461E4600F0D3F8044690
:10C0800038B13346424629463846A446BDE8F04119
:10C090006047BDE8F08110B4EFF31182202484F3EF
:10C0A0001288BFF36F8F416110BC0121F4F79ABE73
:10C0B00038B50C46054658B151B10B6843B14B68D1
:10C0C00033B11C22002103F0C7FC2C61002038BDD5
:10C0D0006FF01500FBE770B505460E46FFF7B5FF9C
:10C0E000041E14DBEFF31182202383F31288BFF3C5
:10C0F0006F8F6B8B2C8B4FF6FF718B4204F0070414
:10C1000007D182F31188BFF36F8F6FF00A042046C6
:10C1100070BD022C0CD101336B8382F31188BFF305
:10C120006F8F0023224631462846FFF79EFFEEE739
:10C13000062C14D8DFE804F004131313041A0400C7
:10C14000002333606B683BB9C5E90066ACB90221D6
:10C150002846F4F747FEDAE71E606E60F6E782F3E2
:10C160001188BFF36F8F6FF00404D0E782F311885A
:10C17000BFF36F8F6FF08504C9E782F31188BFF3B7
:10C180006F8FC4E710B5EFF31182202383F3128879
:10C19000BFF36F8F048B04F00704022C0AD0012C2C
:10C1A0000CBF6FF004006FF0850082F31188BFF3BD
:10C1B0006F8F08E0438B013B9BB2438323B9214639
:10C1C000F4F710FE204610BD2046EEE738B5A8B1C2
:10C1D000A1B1EFF31185202282F31288BFF36F8F94
:10C1E000048BFFF7FBFE30B104F0070085F31188E4
:10C1F000BFF36F8F38BD6FF07700F7E76FF0150072
:10C20000F8E7034658B1426802F00302012A03D05E
:10C21000032A04D1026812B10020986070476FF0C1
:10C22000150070474268816002F00302032A4FF054
:10C23000000203460CBF006810465A60704770B594
:10C240000C8806468888241A3069A4B2844285B2D4
:10C2500024BF641BA4B22D1BA8B2984228BF184665
:10C260003368234413600B8803440B8070BD70B4A3
:10C27000838985880669ED1AADB2731B934228BF86
:10C28000134670BC0A46011DFFF7D9BF70B40E46B5
:10C290000146C58831F80A3FEC1AA3B2934228BF81
:10C2A0001346324670BCFFF7CABF10B54B880C88E6
:10C2B000E41AA4B294420ED31A4492B28B884A80F4
:10C2C0000A800069D21A92B2824201D2002010BDC7
:10C2D00003448B80FAE76FF01500F8E72DE9F3418E
:10C2E00006460F4615464FF000082A4601A930467B
:10C2F000FFF7BDFF044640B102463946019803F0FE
:10C3000083FB2D1BA0442744EFD14246311D30460C
:10C31000FFF7CBFF404602B0BDE8F0812DE9F341C5
:10C3200007460E4615464FF000082A4601A9384632
:10C33000FFF7ACFF044648B12EB1024601993046E2
:10C3400003F062FB26442D1BA044EED1424607F1C8
:10C350000A013846FFF7A9FF404602B0BDE8F08168
:10C36000704703785B075FBF03684288C3F34A23C3
:10C3700003EB12105DBF173020F00700800800208B
:10C3800070470020704702F008BB0346BFF35B8F85
:10C3900053E8000F421C43E800210029F8D1BFF305
:10C3A0005B8F70470120F4F701BF0020704743689E
:10C3B000DA7143681960436801225A71F4F7E8BEE4
:10C3C00070B515460C4669B1D2E901369B1B9942FE
:10C3D0000AD813680A460146981903F015FBAB68A2
:10C3E0002344AB60204670BD6FF01B00FBE770B5C7
:10C3F0000E4615461946044618B9BDE87040F4F7D4
:10C40000D5BE33B1C2F34A231030120D184403F0E5
:10C41000FBFAC4E900562046BDE87040F5F774B851
:10C420002DE9F3415F1C4FEA8708064608F1170023
:10C4300020F0070080080C461546F4F739FF00236A
:10C44000ADF805308DF807308DF8047068B10346FB
:10C45000019A43F8102FA8F104012A46294452F802
:10C46000045B43F8045F8A42F9D1A20102F4E0724E
:10C4700042EA482222F07F4222F47002002322F096
:10C480003F02314602B0BDE8F041FFF7B0BF07B54B
:10C490000123019201AAFFF7C3FF03B05DF804FB7B
:10C4A00007B5CDE9002302236A46FFF7B9FF03B0C1
:10C4B0005DF804FB1FB5CDE90123069B039301AA98
:10C4C0000323FFF7ADFF05B05DF804FBF8B50646A2
:10C4D0000D4614461F4604B9F8BD214628463A4683
:10C4E000B047241A0544F6E710B54268816804464F
:10C4F000D2E900230068FFF7E9FF636800221A60B1
:10C5000010BD38B54B681A68CB689A4205460C4690
:10C5100002D10846FFF7E8FF6368BFF35B8F53E87B
:10C52000002F511C43E800100028F8D1BFF35B8FA7
:10C53000A3689D54002038BD0A2838B504460D462E
:10C5400002D10D20FFF7DDFF29462046FFF7D9FF76
:10C55000002038BD2DE9F043054687B008460E8817
:10C5600091F80090D1F808800C461746F5F770F85E
:10C57000011EC6F38216C9F3C2091EDB4846F4F752
:10C58000D5FF03462146608851F8102B0196C2F36F
:10C590004A22002A01EB0204C0F30B1008BF00215D
:10C5A0000022CDE90407CDE9021400924146284655
:10C5B000F5F77AF807B0BDE8F0830023E2E7FEE77D
:10C5C00003F04ABA03F020BA01460068F5F71CBC34
:10C5D00008B5F5F775FCBDE80840F5F795BC0A46C7
:10C5E0000121FFF754BF00210120F5F70DBC6FF0CA
:10C5F0008500704761B662B680F31188BFF36F8F14
:10C60000704772B6002383F31188BFF36F8FBFF3B7
:10C610004F8F30BF62B6BFF36F8F704772B6002383
:10C6200083F31188BFF36F8FBFF34F8F20BF80F369
:10C630001188BFF36F8F62B67047202809D9B0F117
:10C64000004F08D80138B0FA80F0C0F11F00400058
:10C650007047082070473E20704708B5D1E9043183
:10C660009847002008BD002303824369C3607047D8
:10C67000027A01320272704710B508B14B6843600C
:10C680004C68002308464B60F6F788FA204610BD38
:10C690008388026819448180D018704730B4848838
:10C6A0000568A3188380281930BC03F0ADB910B514
:10C6B000838802685C1C8480D154D01810BD8388A4
:10C6C000026830B5D4189D1C8580D154090A617068
:10C6D00030BD83885B1A9BB2838000681844704722
:10C6E0008288521A034682800068084418607047A6
:10C6F0008388C2888168D21A03685B1AD01A70478F
:10C700000022F6F7ABBA4FF0FF324FF0FF330430A0
:10C71000FAF7DABDFAF750BE90F86C00C0F341109A
:10C720007047F8B504461E460D461746FFF7EBFF67
:10C7300094F86C309B0715D425B1012D10D06FF003
:10C74000150508E0216F0029F9D09DF818300F7108
:10C750004E718B710025201DFFF7DCFF2846F8BDC8
:10C76000616FF0E76FF07705F5E790F86C00C0F3C4
:10C770008000704738B50446FBF74CFB2046FFF7B6
:10C78000C2FFA06940B96FF01205201DFFF7C2FF7C
:10C79000FBF754FB284638BD94F86C30DB0716D401
:10C7A00002F0AFFC0028EED02046F7F7D7F8054698
:10C7B0000028EAD10146242204F1280003F04CF9B4
:10C7C00094F86C3043F0010384F86C30DDE76FF0CF
:10C7D0007705DAE770B50446FBF71CFB2046FFF748
:10C7E00092FF94F86C30DA0731D5C3F340019B0710
:10C7F00030D4A06901F0C6FB0646A06901F031FC07
:10C800000546B0B9A36F4BB13146204600F084F91C
:10C810000546A8B1A06901F050FC0AE0A06901F04A
:10C82000C8FBA0670028EFD1A06901F046FC6FF0BB
:10C830000B05201DFFF76EFFFBF700FB284670BDC0
:10C8400094F86C3043F0020384F86C30F1E74FF059
:10C85000FF35EEE76FF07705EBE70246034652F847
:10C86000640F904201D1002070470028FCD0027A6A
:10C870008A42F9D09A6E8242F5D000680028F6D13B
:10C88000704738B504460D46FFF73DFF94F86C300D
:10C89000DB0718D42B690BB9EB68BBB1636E1BB90E
:10C8A00004F16403C4E919332B6893B9A26E04F14F
:10C8B0006401C5E900121560A5661D46201DFFF73D
:10C8C00029FF284638BD4FF0FF35F7E76FF0150513
:10C8D000F4E76FF07705F1E710B50446034654F826
:10C8E0004C0FA0420DD100200DE0447D8C4204D1BC
:10C8F000032909D1047A944205D01C6DA042F2D0DC
:10C9000000680028F1D110BD0F29F5E72DE9F041AD
:10C9100005460C46061D4FF0FF324FF0FF33304600
:10C92000FAF7D2FC2F6F002F6DD095F86C30DB0733
:10C9300069D4EB6C1BB905F14C03C5E913332368CB
:10C94000002B63D1637D0F2B09D1237A012B0CD0EF
:10C950002B6D05F14C02C4E900231C602C65637D3E
:10C96000032B0FD04FF0000806E0E1682846FFF7E0
:10C9700088FF80460028EBD03046FAF71DFD404680
:10C98000BDE8F081EA6C05F14C0090421ED1002315
:10C9900029E091F815C0BCF1030F10D001332372C8
:10C9A0004B68C4E900131C604C60637A022B24D0EE
:10C9B000032B25D0012BD5D1237ABB73D2E791F875
:10C9C00008C00CF1FF3C6345E8D11268002ADED0B4
:10C9D000537D296D032B0DD18A42137A02D0116841
:10C9E0000029D6D1013323722B6DC4E900031C60EA
:10C9F0002C65DAE78A42E8D1C9E7237AFB73B1E70D
:10CA0000237A3B74AEE74FF0FF38B5E76FF0770855
:10CA1000B2E70346006800B1187A70470346C08841
:10CA200008B11878C009704770B50C46154600F07B
:10CA300006FB40B1406883681B6823B12A46214643
:10CA4000BDE87040184770BD38B580210446806944
:10CA500001F0D2FA054650B10146204600F099FC9B
:10CA6000044610B12846F6F799F8204638BD6FF015
:10CA70000B04FAE738B50446806FFFF7F9FD054669
:10CA8000FFF7F1FD2046294600F083FC044610B173
:10CA90002846F6F783F8204638BDF8B5036986685E
:10CAA000BFF35B8FD3F8A030BFF35B8F9B070446C7
:10CAB0000D4617460ED5B36A7BB1F36B9847B36A40
:10CAC00029463A4620469847336C05462046984703
:10CAD0002846F8BD4FF0FF35FAE76FF08505F7E718
:10CAE00070B503698668BFF35B8FD3F8A030BFF3DE
:10CAF0005B8F9B0704460D460BD5F36B9847736A13
:10CB0000294620469847336C0546204698472846D4
:10CB100070BD4FF0FF35FAE710B5044619B9002093
:10CB200084F8300010BDFFF7A5FF0028F7D0F9E723
:10CB300038B590F83030022B0D4604D100F079F969
:10CB400008B1C46804B938BD2B78032B07D0052B76
:10CB50000CD0022B08D1606883689B6902E0606892
:10CB600083685B6903B198472468EBE76068836872
:10CB7000DB69F7E70B0644BF21F080011031C840A4
:10CB800000F0010070472DE9F8434FF00108054619
:10CB90000C4646462068002839D068F07F02D2B2A1
:10CBA00011465FFA88F7FFF7E5FFB0B1D5F80090BE
:10CBB00011464846FFF7DEFF18B96FF01500BDE8D3
:10CBC000F88322F08002103206FA02F229EA020308
:10CBD0002B60236823EA0203236020683946FFF7AD
:10CBE000C9FF78B12A6839461046FFF7C3FF00280D
:10CBF000E3D006FA08F122EA01022A60236823EA58
:10CC00000103236008F10108B8F1100FC2D1002020
:10CC1000D5E72DE9F04F8369026F1B6993F88030E7
:10CC2000C3F34113022B8DB081460ED0032B0ED0DF
:10CC3000012B0CBF10230823D371D9F85480002690
:10CC4000B8F1000F05D14246ABE02023F4E74023C2
:10CC5000F2E7D8F80430D8F80C4003930A9604960B
:10CC60007CB9049B039A09339BB293701B0AD3705F
:10CC70001671D8F80C40002C40F0AF80D8F8008036
:10CC8000DDE7606883681B6B00250B95002B00F0C7
:10CC9000A28029469847002800F09D80031FC4E920
:10CCA000035502933546029A52F8043F02920BB1A3
:10CCB0001A7822B9B54278D86FF0150271E05A7827
:10CCC0000B2A08BF9D70029B1B685A78042A10D15A
:10CCD000E2680B990A43E260DA78002A55D19D7028
:10CCE00023690122AA40134301352361EDB20023D9
:10CCF0000B93029B1F687B78052BD4D1D9F8183091
:10CD000007936FF012024FF0010B79793B7943EAF8
:10CD10000123ADF8263097F902305FFA8BFA002B29
:10CD20000A9B0593B8BF4AF0800A51461846FFF7A0
:10CD300021FF88BB0B9B069351461846FFF71AFF4D
:10CD400050BBBB79FA780798009351460DF1260342
:10CD500000F0EEFF0246F8B91AF0800F18BF2AF073
:10CD600080014FF001031CBF10318B4005980699DC
:10CD7000BDF8262087F802A008BF03FA0AF319437A
:10CD80001843CDE90A01BA808DE76A1E9A700BA993
:10CD90000AA8FFF7F8FEAAE70BF1010BBBF1100F91
:10CDA000B3D110460DB0BDE8F08FE3680B9A134382
:10CDB000E360606883689B6ADBB19847024600289D
:10CDC000EFD10146606800F001F9049B2468034438
:10CDD00004932E4644E73546EBE7E368A36004F18D
:10CDE0000C010AA8FFF7CFFE02460028D9D124681B
:10CDF00041E76FF08502D4E74FF0FF324FF0FF3389
:10CE00000430FAF761BAFAF7D7BA21B101290DD087
:10CE100000231B68FFDE5430006848B143685B792B
:10CE2000934205D000680028F8D170475C30F3E7E2
:10CE3000704710B590F83030022B044609D1FFF747
:10CE40006BFC94F8382001462046BDE81040FFF7FF
:10CE5000DCBF002010BD08B5FFF7D7FF003818BFB2
:10CE6000012008BD2DE9F04104460E46FFF754FCB1
:10CE700094F838308046CBB9002E3BD0324641463C
:10CE80002046FFF7C2FF0746A8B10246204600F041
:10CE9000D6F9054688B984F83860FC6864B36068E0
:10CEA00083681B6A03B198472468F7E72046FFF7B9
:10CEB000C0FF074620B96FF03C052846BDE8F08169
:10CEC0000146204600F091F910220546002104F1A8
:10CED0003A0002F0C1FD002384F83830FF6817B92A
:10CEE000002DC9D0E9E7786883685B6A03B1984789
:10CEF0003F68F4E784F838600025DEE7F8B50446BB
:10CF00000E4657681546FFF777FF94F86C30D9073F
:10CF10004FD4012E08D0FB799A060CD5A3691B6962
:10CF2000D3F880309B0706D46FF08506201DFFF7ED
:10CF30006AFF3046F8BD002EF6D1E36D53B9626D3D
:10CF400062B9236F6A685B7C0133DBB25371226F75
:10CF500053740EE09D422FD01B68EFE7954222D11B
:10CF60002A68D3B9A36D62659D4200D1A2650023F2
:10CF70002B60A96849B12046FFF7C8FC0646002887
:10CF8000D4D1A868FFF745FDB87100232B60A36DCD
:10CF900063B9C4E915550026C8E71A60A26D954229
:10CFA00008BFA365E3E713461268C9E71D60A565DE
:10CFB000F1E76FF00F06B9E76FF01506B6E74FF02F
:10CFC000FF324FF0FF330430FAF77EB908B58368BB
:10CFD0001B6B0BB198470346002023B153F8042B79
:10CFE0000AB1127802B908BD1044F6E710B51C4624
:10CFF000FFF70BFF48B10122C06802FA04F320B129
:10D000000269134201D10068F9E710BD10B50C4662
:10D01000FFF70FFF48B10123C06803FA04F120B104
:10D020000369194201D10068F9E710BDD1F81A006F
:10D0300083681B6903B118476FF08500704770B5AE
:10D0400001F07F0311F0800F18BF103301259D40C0
:10D0500090F83030022B044601D0002070BD90F8CB
:10D060003860FFF759FB324601462046FFF7CDFEF8
:10D070000028F2D0C0680028EFD083681D42EDD1AF
:10D080000068F8E738B50C46FFF7D3FE80B1C068FA
:10D0900070B14368DA681AB111790023994201DC52
:10D0A0000068F5E71568ED5CA54201D00133F5E7AE
:10D0B00038BD2DE9F04105461E460846002A45D1F7
:10D0C000F6F764FC0446002840D02846FFF777FFB7
:10D0D00095F86C30DA0730D46768BFF35B8F63690B
:10D0E000BFF35B8FDB0704F1140829D47B680BB115
:10D0F000AB4225D1324600212846FFF786FE10B309
:10D10000002323600369ABB9C0E90344BFF35B8F1D
:10D1100058E8003F43F0010348E80032002AF7D105
:10D12000BFF35B8F00247D60281DFAF745F9204688
:10D13000BDE8F0811C600461E8E76FF00F04F3E7DD
:10D140006FF07704F0E76FF03C04EDE76FF0120446
:10D15000EDE72DE9F8434C689DF820900D46984680
:10D1600006461746FFF7D8FAA3681B6B01461BB9A2
:10D170006FF01500BDE8F883204698470028F7D0E7
:10D18000041F0C35002054F8043F0BB11A782AB95B
:10D1900000280CBF6FF03C000020EBE75A78042A0F
:10D1A0000BD100BB9A784245EDD1DA784A45EAD1F5
:10D1B0001B79002BDED00120E5E7052AE3D100280A
:10D1C000E1D0012F997806D0022FF4D1B0692A4618
:10D1D00000F0C4F804E0B0692A46194600F0A2F84D
:10D1E0000028E8D0C6E70020C4E7F8B5CC680646BA
:10D1F0000CB9204622E004F10C070125E268AAB12F
:10D2000065F07F03D9B203F07F031033DA40D20711
:10D210000ED4E368EB40DB0705D5B0693A46E9B2C6
:10D2200000F09CF850B90135102DE7D12468DFE7F4
:10D23000B0693A4600F092F80028EAD0F8BD2DE92E
:10D24000F3475768002497F8058005460E46A14627
:10D250003B79A34203DC002002B0BDE8F0875FFA0F
:10D2600084FA3146534642462846FFF7BFFE014640
:10D2700050B1CDF80090534601222846FFF769FFD0
:10D280000028E9D10134E3E76FF03C00E4E72DE941
:10D29000F74380460D461746FFF7B8FE064628B905
:10D2A0006FF00104204603B0BDE8F0830F2DF7D8DE
:10D2B00008EB0509014699F83A4000972B460022F1
:10D2C0004046FFF746FF0028EAD100942B46022291
:10D2D00031464046FFF73DFF04460028E2D1009763
:10D2E0002B46012231464046FFF733FF0446002813
:10D2F000D8D1706883685B6813B13A46294698476D
:10D3000089F83A70CEE711F0800F18BF21F0800144
:10D3100002684FF0010318BF10318B4022EA03036B
:10D320000360704737B58B7900938B880C461546A0
:10D33000CA78897800F041FD70B994F90230A1787B
:10D340002A68002BB8BF21F080014FF00103B8BF5D
:10D3500010318B4013432B6003B030BDF8B5064647
:10D360000D46174600F052FD044658B92946384686
:10D37000FFF7C9FF29463046F6F70AFD044608B90B
:10D38000FAF798FD2046F8BD0A468069802100F032
:10D390001FBE2DE9F0410B7E5E0605460C462FD1DF
:10D3A000190624D5FFF7E1F970BB2846D5F870803F
:10D3B000268AEF8DFFF7B0F9F8B1421E5342534170
:10D3C0009B01228A9AB1BE42E98D324628BF3A4675
:10D3D00091420CD9B2FBF3F103FB11223AB994F953
:10D3E0001830002BBEBF637E43F008036376A86944
:10D3F0002146BDE8F04100F07FBD98F80730E0E736
:10D400006FF01500BDE8F0814FF0FF30FAE7436898
:10D410009869F6F7EDBC70B591F918304668002BA5
:10D4200005460C4607DBC4F81A50B0692146BDE832
:10D43000704000F061BD3046FFF797F90028F2D048
:10D440004FF0FF3070BD806900F0E7BD38B505468C
:10D4500080690C4600F0F6FC60B914F0800F18BF2C
:10D4600024F080046A6B4FF0010318BF1034A3400E
:10D4700013436B6338BD70B5054680690E4600F0F6
:10D480000BFD044620B9314605F13400FFF73BFFA0
:10D49000204670BD0B0648BF21F08001406B48BF9D
:10D4A0001031C84000F00100704782B0C3698DF8A8
:10D4B000001001922BB102AB13E9060002B0F6F79F
:10D4C000C3BA02B0704782B0C3698DF800100192F0
:10D4D0002BB102AB13E9060002B0F6F7B5BA02B001
:10D4E0007047704703695B68D86870474368036199
:10D4F000037A63B1012B0CBF022303234375437AE4
:10D500005A1E032A05D8DFE802F0050505050123A8
:10D51000F4E700230375837A062B09D0072B09D083
:10D52000052B0CBF002303238375837EC3757047CF
:10D530000123F9E70223F7E7036993F8400030B1CC
:10D54000DA6B9388918910695B1A9BB2C01A704795
:10D55000036993F838007047036993F8402012B9C3
:10D5600093F838007047012070470369C3E9071238
:10D570007047BFF35B8F0068BFF35B8F084100F01B
:10D580000100704738B50469BFF35B8F04F188056B
:10D5900055E8003F43F0040345E80032002AF7D184
:10D5A000BFF35B8F636B5A89DB889A4203D004F127
:10D5B0002400FAF719F904212846FFF7DAFF28B901
:10D5C00004F17800BDE83840FAF70EB938BD10B55F
:10D5D0000469606BFEF7A2FE10B1012384F83930B4
:10D5E00010BD10B50469606B4289C3889A4202D1AC
:10D5F0004FF0FF3010BD0122FEF790FE0028F7D05B
:10D6000004F17800FAF7F0F80020F3E738B5046980
:10D61000EFF31185202383F31288BFF36F8FE06B44
:10D62000FEF75CFE85F31188BFF36F8F10B1012305
:10D6300084F8413038BD38B5034640681B695D68E1
:10D64000AC68A37A84F8223094F82D3084F8233023
:10D65000696841B1237C33B9FFF758F918B9686894
:10D66000FFF7D7F92074002038BD01238B40DB433E
:10D67000BFF35B8F50E8002F1A4040E800210029DB
:10D68000F8D1BFF35B8F7047006902218830FFF744
:10D69000ECBF006903218830FFF7E7BF08B50369D5
:10D6A000186900218830FFF7E0FFBDE8084001213C
:10D6B000FFF7DBBF0369186901218830FFF7D5BF89
:10D6C0002DE9F04750F8483C00F140055B680746FB
:10D6D00000212846D3F80080FFF74BFF00284DD0EB
:10D6E00001212846FFF745FF002847D1BFF35B8F94
:10D6F00055E8003F43F0200245E800210029F7D11A
:10D70000BFF35B8F9B0639D4D8F810305B689B68F9
:10D71000402293F836104046FFF779FE064650B98E
:10D7200028460521FFF7A1FF38462122BDE8F04732
:10D730000023FAF7C9B88146428A59F80C1F57F8F6
:10D740000C0CFEF7EBFD044601464846FEF7A0FF31
:10D7500024B114F03F0F0CBF0124002407F82D4C16
:10D7600031464046FFF757FE40B13046F5F716FA0E
:10D7700028460521BDE8F047FFF777BFBDE8F087F1
:10D78000F8B5036947681C695B689B680D4693F8A8
:10D790003D30097E06462AB3994204D1042104F1A2
:10D7A0008800FFF762FF33692A7E5B689B6893F805
:10D7B00036309A4204D1052104F18800FFF755FF65
:10D7C00033692A7E5B689B6893F826309A4203D1BE
:10D7D00004F18C00F9F7CCFE29463846BDE8F84044
:10D7E000FFF731BE994214D12A8AE968606BFEF7CF
:10D7F00075FD28B1E3691BB104F12400F9F7F4FFCA
:10D8000004F188000421FFF730FF04F17800F9F7F4
:10D81000EBFF33692A7E5B689B6893F836309A4247
:10D8200015D1E3691BB104F12400F9F7DDFF0521EF
:10D8300004F18800FFF719FFE36B5A89DB889A42ED
:10D8400005D00022002304F14800FAF73DF83369BF
:10D850002A7E5B689B6893F826309A42BCD104F11B
:10D860008C00F9F72BFEB7E738B550F8783C5B68C9
:10D870001D6800F11003024600211846FFF779FEEB
:10D88000002836D001211846FFF773FE88BB52F8F6
:10D89000441C8A8888890969121A92B28A1A3F2A16
:10D8A00027D9BFF35B8F53E8002F42F0100143E804
:10D8B00000100028F7D1BFF35B8FD30619D42B6972
:10D8C0005B689B68402293F83D102846FFF79FFD58
:10D8D000044670B1438A402B28BF4023438201464F
:10D8E0002846FFF798FD20B12046BDE83840F5F7FF
:10D8F00055B938BD38B550F8243C5B681A6850F803
:10D90000083C0446002B4BD0002300F164058382C1
:10D91000838302212846FFF72CFEB8B154E9023177
:10D9200010699847637D1BB104F15400F9F75CFF5F
:10D9300005212846FFF71DFE98B9637F6BB10022D1
:10D94000002304F12400F9F7BFFF0AE00321284671
:10D95000FFF70FFE0028E1D1E4E714F8093C002BA3
:10D96000EDD102212846FFF704FE38B123695A8918
:10D97000DB889A4202D02046F9F736FF0321284679
:10D98000FFF7F7FD60B1A2699388918912695B1A6C
:10D990009BB29A4204D02046BDE83840F9F724BF34
:10D9A00038BD08B5036903F1880202211046FFF76C
:10D9B000E0FD28B1596B4889C988401A18BF012079
:10D9C00083F8380003211046FFF7D3FD40B1DA6B2E
:10D9D000908891891269401A80B2801A18BF01207C
:10D9E00083F84000012008BD03691B69BFF35B8F0A
:10D9F000883353E8001F41F0020143E80012002A77
:10DA0000F7D1BFF35B8F704770B503691C69BFF333
:10DA10005B8F04F1880555E8002F42F0010245E8CC
:10DA200000210029F7D1BFF35B8F02212846FFF7C1
:10DA3000A0FD10B11846FFF7A5FDE36BDA885B89FE
:10DA40009A420AD103212846FFF793FD68B104F1F9
:10DA50002400BDE87040F9F7C7BE04F14800002279
:10DA6000BDE870400023F9F72FBF70BD0069BFF318
:10DA70005B8F00F1880353E8001F41F0080143E881
:10DA80000012002AF7D1BFF35B8FC26B9388918994
:10DA900012695B1A9BB29A4202D02430F9F7A4BEF5
:10DAA000704710B5807A0C46F4F7F2FFC36921463F
:10DAB0005868BDE8104001F081BBF7B50D46807A8B
:10DAC00017461E46F4F7E4FF2C68C369033424F0BC
:10DAD000030258682A600421CDE90076F9F7D8FAE4
:10DAE00000B9286003B0F0BD38B50446807AF4F779
:10DAF000CFFF6169054649B1637ADB0704D4C36986
:10DB00001B6820469B68984700236361214628468E
:10DB1000BDE8384001F090BC30B50906847C05466C
:10DB200018D414F040001AD0298AC3F30A00C1F3B4
:10DB30000A01884222D802F0030002280DD00328EF
:10DB40000ED0012815D114F0080217D013F4C05FCD
:10DB500005D00BE014F02000E5E7C4F3800030BDF1
:10DB600014F00200FBD013F4C05F05D0C4F3001022
:10DB7000F5E704F00100F2E70120F0E70020EEE70E
:10DB8000BFF35B8FD0F8A000BFF35B8F00F0010004
:10DB90007047BFF35B8FD0F8A000BFF35B8FC0F37B
:10DBA0004000704701F00F030906026948BF1033B7
:10DBB00052F823007047007DC0F300107047037DCA
:10DBC00061F304130375704708B502691046FFF747
:10DBD000D7FF60B9087E00F00F03000648BF10337E
:10DBE00042F82310084601F014FC002008BD6FF035
:10DBF0000C00FBE700220023F9F72EBC01F026BC45
:10DC000001F00FBC407EC0F3C0007047437E6FF34D
:10DC1000C303437670471FB504698DF80410CDE93E
:10DC20000220D4F8983001A9984704B010BD1FB560
:10DC30000469034606208DF804002046CDE902134E
:10DC4000FFF79EFF40B1C1F81E20D4F8982001A92B
:10DC50001846904704B010BD4FF0FF30FAE738B5D2
:10DC600005460C462046FFF7C5FF014600B938BD02
:10DC70006FF070022846FFF7DAFFF3E72DE9F8436B
:10DC800006690746D6F80090D6F840800D464FF05A
:10DC9000FF324FF0FF3306F18400F9F715FB4046E1
:10DCA000FFF7A8FF014618BB4846FFF7A3FF04464D
:10DCB00020BB99F814306FF3041389F8143098F8E6
:10DCC00014306FF3041388F8143024BB012286F853
:10DCD000B020EDB12B68C6F8A8306B68C6F8AC3040
:10DCE00086F8B12038698430BDE8F843F9F764BBA1
:10DCF0006FF067023846FFF79AFFD0E7637EDB07D5
:10DD0000D7D46FF0670221463846FFF790FFCBE784
:10DD100086F8B150E6E72DB10822294604F10C003F
:10DD2000FEF7BCFC002221463846FFF780FFD9E70A
:10DD30002DE9F84304468668894615461F46FFF7D5
:10DD400031FF8046002835D0F36B204698473B884A
:10DD50002A4649464046FFF7DFFE28B38BB92369C0
:10DD6000D3F88030DB0758BF402305F0030546BFDA
:10DD70004FF480634FF400711946022D07D0032D34
:10DD80000CD02046336C98470020BDE8F883B8F8E3
:10DD900010208A4228BF0A463A80F2E7B8F81020DD
:10DDA0009A4228BF1A46F7E72046336C98476FF02F
:10DDB0008500EAE76FF01200E7E72DE9F3411F461F
:10DDC0004B06D0F8088004460D4616461BD0D8F8FE
:10DDD0003C3098472069FFF7DCFE88B19DF8203081
:10DDE000009329463B4632462046F5F763FF054639
:10DDF000D8F8403020469847284602B0BDE8F08168
:10DE00004FF0FF35F4E76FF01505F5E770B54B06F9
:10DE1000866804460D4612D0F36B98472069FFF7D9
:10DE2000AFFE48B129462046F5F788FF0546336C1A
:10DE300020469847284670BD4FF0FF35F7E76FF052
:10DE40001505F7E770B586680546F36B0C469847ED
:10DE50002869FFF79EFEB0B121462846FFF7A2FED3
:10DE6000014698B1037DDB0710D5437E03F0030321
:10DE7000012B0ED0F3682846984704462846336C99
:10DE80009847204670BD4FF0FF34F7E76FF012045B
:10DE9000F4E76FF08504F1E7F8B587680646FB6B99
:10DEA0000C4698473069FFF774FEE0B121463046D2
:10DEB000FFF778FE0546C8B1037DDB0716D5437E24
:10DEC00003F00303012B14D001463B693046984709
:10DED000044618B92B7D60F341032B7530463B6C2B
:10DEE00098472046F8BD4FF0FF34F7E76FF0120473
:10DEF000F4E76FF08504F1E72DE9F04186680769E2
:10DF0000F36B05460C4698472869FFF742FE98B325
:10DF100094F8188028464146FFF744FE014670B346
:10DF2000037DDA072BD518F07F0F20D197F8B0309A
:10DF3000EBB1637EDB0717D597F8B13033B1082218
:10DF400007F1A80104F10C00FEF7A8FB002287F8F6
:10DF5000B02021462846FFF76AFE04462846336C67
:10DF600098472046BDE8F0816FF06702F1E77368DB
:10DF7000224628469847F0E74FF0FF34EEE76FF06F
:10DF80001204EBE770B5866805460C46F36B9847BC
:10DF900021462846FFF706FE48B101F057FAB0FACD
:10DFA00080F464092846336C9847204670BD0124EC
:10DFB000F8E708B503691B6800215A8BF5F718FFCD
:10DFC00028B1437E23F0070343F00103437608BDE5
:10DFD00008B539B903691B685B8B013A1A44B2FB77
:10DFE000F3F25A43F5F704FF28B1437E23F0070309
:10DFF00043F00203437608BD08B561B903691B68A5
:10E000005A8BF5F7F5FE28B1437E23F0070343F062
:10E010000403437608BD0022F3E770B586680D4619
:10E02000F36B044698472846F4F7B8FD2046336C56
:10E030009847002070BD70B586680546F36B984719
:10E040002869FFF7A6FD044620B133683BB1284696
:10E05000984704462846336C9847204670BD0124F3
:10E06000F8E7F8B587680669FB6B044698472069AE
:10E07000FFF786FDD8B12069FFF78BFDD0B9FB6AA9
:10E0800020469847054668B9BFF35B8F06F1A003A9
:10E0900053E8001F41F0020143E80012002AF7D1C3
:10E0A000BFF35B8F20463B6C98472846F8BD4FF086
:10E0B000FF35F7E76FF07705F4E7F8B5876806698D
:10E0C000FB6B044698472069FFF763FDB0B13B6BDB
:10E0D00020469847BFF35B8F054606F1A00353E83F
:10E0E000001F21F0020143E80012002AF7D1BFF31C
:10E0F0005B8F20463B6C98472846F8BD6FF077054C
:10E10000F7E72DE9F0410546D0F808800669144686
:10E110000F4631B32AB3D8F83C3098472869FFF747
:10E120002FFDD8B9C6E926742846D8F83430984768
:10E13000044660B9BFF35B8FA03656E8003F43F05A
:10E14000010346E80032002AF7D1BFF35B8FD8F80D
:10E150004030284698472046BDE8F0816FF07704AC
:10E16000F5E76FF01504F6E7F8B587680669FB6B0D
:10E17000044698472069FFF70CFDD0B92069FFF7E6
:10E18000FFFCC8B1BB6B20469847BFF35B8F0546C9
:10E1900006F1A00353E8001F21F0010143E800123B
:10E1A000002AF7D1BFF35B8F20463B6C9847284687
:10E1B000F8BD6FF00F05F7E76FF07705F4E7C3439D
:10E1C000C3F3C01300F00F0000EB03107047FEF71D
:10E1D0005EB94A09012301F01F018B4000EB820068
:10E1E000BFF35B8F50E8002F1A4340E8002100295D
:10E1F000F8D1BFF35B8F704700698430F9F7DCB862
:10E20000006984304FF0FF324FF0FF33F9F75CB80C
:10E210000369C9B20C2201FB0233186C00F007003D
:10E22000704770B5C9B20369EFF31185202484F3F8
:10E230001288BFF36F8F0C2606FB0134246C14F098
:10E24000C00408D0A24206D085F31188BFF36F8FB7
:10E250004FF0FF3070BD71430B4401221A6485F307
:10E260001188BFF36F8F43680B445B6898470020A9
:10E27000F0E78022FFF7D5BFF8B5069F0469C9B261
:10E28000EFF31186202585F31288BFF36F8F0C25DD
:10E2900069430C44256C05F0070CBCF1010F0BD150
:10E2A000276486F31188BFF36F8FC4E90E23436898
:10E2B0005B5898470020F8BD05F0C005AF4286F3D3
:10E2C0001188BFF36F8F0CBF6FF077004FF0FF30F6
:10E2D000F1E713B580240094FFF7CEFF02B010BD24
:10E2E00010B40069CBB21C2403FB0400002110BC55
:10E2F00010471046F9F7E2B800F0E6BBF8F7EEB9C0
:10E30000002208B511461046FAF772FA002818BF25
:10E310006FF0150008BDF7B50F4616464FF480653F
:10E320000024A64203D816D0162003B0F0BD331B3C
:10E33000B3F5806F38BF1D462A4601AB391900205E
:10E34000FAF786FA20B9019BAB4201D12C44E8E7E9
:10E350006FF01500E9E70020E7E743685B68D3F852
:10E3600010350B600020704743685B6802EA0100CB
:10E3700021EA0201C3F80805C3F80C150020704714
:10E3800043685B680020C3F80815704743685B6802
:10E390000020C3F80C15704743685A68D2F804355A
:10E3A00021EA03000B40C2F80805C2F80C35002032
:10E3B000704710B503695868F8B1884219D19C6854
:10E3C00008685860A14200D19860002008602AB116
:10E3D0005A680A609A68596002B99960002010E092
:10E3E000814206D10868206098688142EDD19C6026
:10E3F000EBE7044600680028F2D1002AE8D16FF06C
:10E40000150010BDF8F77EBA13B54FF080520829F9
:10E41000136E526E28BF082112BA00921BBA0C4626
:10E420000A466946019301F0EFFA204602B010BD9A
:10E4300030B543681360057A446804EBC504A34211
:10E4400002D36FF0010030BD5C798C4201D00833FB
:10E45000F0E70020F7E710B50469204600F051FF0F
:10E460000023636110BDF8B587687C6806469CB1DF
:10E47000436893F82630DB071DD405694FF0FF335E
:10E480004FF0FF322846F8F71FFF6B69002B05DCC1
:10E4900000242846F8F790FF2046F8BD013B6B6149
:10E4A000002BF5D17B6830469847041EBEBF6B69D0
:10E4B00001336B61EDE70024EEE7F0B4D0E90163CE
:10E4C0001B693BB177688F4208DB3568954205DCF4
:10E4D000F0BC18476FF05700F0BC70476FF01500A4
:10E4E000FAE7F0B4D0E901631B6A3BB137698F42A8
:10E4F00008DBF568954205DCF0BC18476FF0570063
:10E50000F0BC70476FF01500FAE770B4D0E9016213
:10E51000956A03460C46A5B196F8242012B92B46FD
:10E5200070BC1847306A024410F8011BA14202D1A6
:10E5300021461846F3E79042F6D16FF0850070BC93
:10E5400070476FF05700FAE72DE9F341D0E9014732
:10E550000E4694F825100569FF2980460FD194F8DE
:10E560002610C1F38101022914D0D8F808301B6BA2
:10E57000003918BF01214BB96FF0570003E0FFF7D6
:10E58000C4FF0028EBDA02B0BDE8F08140469847AE
:10E590000028F8DBA268B2F1004F05D011464046D2
:10E5A000FFF78BFF0028EEDB6269B2F1004F05D068
:10E5B00011464046FFF795FF0028E4DB2368B3F1DE
:10E5C000004F14D0D8F808305B69002BD4D001A9D3
:10E5D000404698470028D6DB2268019B9A421CDD02
:10E5E00011464046FFF769FF002805DACBE762686D
:10E5F0006FF000439A42E5D19EB994F826309B070C
:10E6000016D03B68404698470028BCDBA069F7F766
:10E6100007FB6B6901336B610AE062689342EBDDD3
:10E62000DEE76B6901336B6194F82630DA0601D4BA
:10E630000020A8E74046FFF716FFA4E7012303FAEE
:10E6400001F103691B68194218BF82F0010212B17F
:10E650008368DB68184783681B69FBE708B5436874
:10E66000986A38B193F82C100122FFF7E7FF00EA0F
:10E67000E07008BD6FF08500FBE743681868B0F1F3
:10E68000004018BF012070470346084631B95B6857
:10E690001B68B3F1004F01D0136070476FF0150095
:10E6A000704743681B68B3F1004F1ABF00200B602E
:10E6B0006FF0010070474368986A20B193F82C10FE
:10E6C0000022FFF7BBBF6FF08500704743681B68EF
:10E6D000D3F88004C3F88004704742681368D3F805
:10E6E000100150B1D269002012780A70C3F81001ED
:10E6F000D3F8102101221A6070474FF0FF307047A5
:10E70000002A0FDD42681368D3F8100158B10020C9
:10E71000C3F81001D269D3F8100112780A700120F1
:10E72000186070470020704710B543681C68036983
:10E73000EFF31180202282F31288BFF36F8F1A68E3
:10E74000D17B39B991731B680122DA734FF48003CE
:10E75000C4F8043380F31188BFF36F8F10BD0369D1
:10E760001A68D17B21B1012191731B680022DA73F1
:10E770007047026911680346C87B40B15B681B683B
:10E78000D3F8580118B100230B61136898897047BA
:10E7900043681B68D3F81001003818BF0120704788
:10E7A00043681B68D3F80423D2065CBF1022C3F869
:10E7B0000423704743681B68D3F80423D20644BF80
:10E7C0001022C3F80823704743681B684FF4007297
:10E7D000C3F80423704743681B684FF40072C3F802
:10E7E0000823704738B543681D68D5F804335B02C9
:10E7F000044605D4D5F8040310F0100006D138BD46
:10E80000FFF7B7FF0028F5D00120F8E72046FFF713
:10E81000BFFF003818BF0120F1E7012070470369EE
:10E82000186801601B685A60704702680346D2F896
:10E83000580140B95B68DB0706D4D2F820010038E4
:10E8400018BF012070470120704710B44368026967
:10E850001B68D3F80413C90517D5D3F82011A1B14B
:10E86000EFF31181202484F31288BFF36F8FD3F864
:10E87000204134B10024C3F82041D3F820410124C1
:10E88000DC6081F31188BFF36F8F1168D3F85841B2
:10E8900071B17CB100240C611168C97B19B94FF4C6
:10E8A0008001C3F8081311688C7B1CB100238B73A3
:10E8B00010BC7047D3F8241121B10021C3F82411F2
:10E8C000D3F8243112681368002BF1D0516810BCC2
:10E8D000184713B501AA0446FFF7AAFD002805DB77
:10E8E000019B226819791868F7F7C8F802B010BDC3
:10E8F0002DE9F041066933689C89BFF35B8F944230
:10E900000546A8BF14461033012753E8002F002AFC
:10E9100003D143E800700028F7D1BFF35B8F0CBF31
:10E920003B4600232BD133682246986801F06CF8EF
:10E93000EFF31188202383F31288BFF36F8F696888
:10E940000846FFF772FF326840B91061044688F349
:10E950001188BFF36F8F2046BDE8F0810B68926885
:10E96000C3F844250022C3F84845C3F82021D3F852
:10E970002011C3F85821D3F858219F60E7E71C46BF
:10E98000E9E700F150039B009BB203F1804303F5DC
:10E99000883300221A601B68704708B5F7F70EFB32
:10E9A00008BDF9F7CFBE08B5F3F71AF9F3F7EEF99A
:10E9B000BDE80840F9F7C6BE03460020184700F03E
:10E9C00084BB10B502461168B1B1BFF35B8FB1FAD9
:10E9D00081F3C3F11F000123834021EA030352E8BE
:10E9E000004F8C4204D142E8003CBCF1000FF6D14C
:10E9F000BFF35B8FE7D110BD6FF00B00FBE710B5E5
:10EA00000368CB40DB0714D401238B400268BFF3BB
:10EA10005B8F43EA020150E8004F944204D140E882
:10EA2000001CBCF1000FF6D1BFF35B8FEED10020CC
:10EA300010BD6FF01500FBE770B50C4600210546D0
:10EA400008461646F7F75CFD00280ADB3378DB0042
:10EA500003F1804303F5F8330020C3F81055C3F8E1
:10EA6000144570BD10B1012802D07047F7F736BECB
:10EA7000F7F7E6BD18B1012803D100F00AB800F09D
:10EA800023B8704708B5F7F7F7FDBDE80840F7F77A
:10EA900065BEF7F79BBD38B54FF080440223C4F83C
:10EAA00008330123E3600023C4F80431D4F80431AF
:10EAB00042F21075D4F81834DB0304D50120FFF7B7
:10EAC0007EFF013DF6D138BDFFF7E5BFF7B50190F8
:10EAD00001A8DDE9084716461D46F7F777FE019BBA
:10EAE000B6F1000C18BF4FF0010C00EB83000B1EB9
:10EAF00018BF0123002D43EA4C0314BF4FF00C0C48
:10EB00004FF0000C002C43EA0C0314BF4FF4E06CF0
:10EB10004FF0000C002F43EA0C03D0F8002714BF7D
:10EB20004FF4403C4FF0000C43EA0C0322EA03038D
:10EB300001B109780EB13678760019430DB12D7800
:10EB4000AD0031430CB12478240229430FB13F7842
:10EB50003F040C433C43C0F8004703B0F0BD1FB571
:10EB60000DF10F03019300238DF80F1000931A4647
:10EB70001946FFF7ABFF05B05DF804FB10B504467E
:10EB80000846F7F733FE04EB4004A08AC0F34010B8
:10EB900010BD10B504460846F7F728FE04EB400404
:10EBA000A08AC0F3400010BD10B504460846F7F730
:10EBB0001DFE04EB4004A08A400B10BD70B5044656
:10EBC00008461646F7F712FE08300D4634F81030A6
:10EBD000DA0509D5C3F3432304EBC302314654F8E5
:10EBE0003330526828469847A3682BB1E268314613
:10EBF0002846BDE87040184770BD10B50446084669
:10EC0000F7F7F4FD00B204EB4000838ADA051DD566
:10EC1000C3F3432123F4F853838204F1120204F175
:10EC2000720032F8023F13F4807F03D0C3F3432312
:10EC300099420BD08242F4D104EBC10300225A6006
:10EC400004F17800BDE81040FFF7D9BE10BDF0B563
:10EC5000034600F58074002005460127844695424E
:10EC60000AD1D3F87C2132B10022C3F87C21D3F839
:10EC70007C3140F00040F0BD25F0404607FA06F632
:10EC8000314209D0D4F800E0BEF1000F04D0C4F83E
:10EC900000C0D4F800E0304301350434DFE738B574
:10ECA00004460D46FFF76AFFB0B12046FFF771FF3B
:10ECB00090B92046FFF778FF226801238340C2F80D
:10ECC0000833236800B203EB8003D3F8102522F049
:10ECD0000302C3F8102538BD28460021BDE838409E
:10ECE000FFF73DBF2DE9F043174685B004460846BF
:10ECF000F7F77CFDD7F800800E460546B8F1000F07
:10ED00001FD02046FFF745FF18B12046FFF736FF1A
:10ED100030BB0023CDE900338DF80E308DF80F3075
:10ED20000DF10F0243460DF10E013046FFF7CEFE06
:10ED30002AB204EB4202938A23F0020343F0010358
:10ED400093827B68002B34D03146204693F80080B4
:10ED5000D3F80490FFF71DFF28B1B9F1000F1FD0C1
:10ED60006FF0150028E028B204EB4000838A23F4FA
:10ED7000604323F020038382B9F1000F10D0B8F173
:10ED8000030FEDD87B6821685B6893F800C001EB46
:10ED90008C01B8F1000F12D1C1F81085C1F81085AF
:10EDA0002AB204EB4202938A23F01C0343EA88034D
:10EDB0009382BB684BBB002005B0BDE8F083D1F85F
:10EDC000102522F00302C1F81025226802EB8C0303
:10EDD000D3F8102522F44F3222F44072C3F81025E4
:10EDE0003202D3F8101502F47C5242EA08420A4378
:10EDF000C3F8102504EB4C03A3F87C60838A43EA34
:10EE00004C3343F020038382CAE7D3E900783146CC
:10EE10002046FFF7F2FE002FCDD063689F4206D058
:10EE200004F17800FFF7CDFD002804DAC4E7A368F9
:10EE30009845F5D1002004EBC003C3E901782DB259
:10EE400004EB4505C0B2AB8A43EA402343F4807328
:10EE5000AB82B0E72DE9F043054685B0084617467A
:10EE60001E46F7F7C3FC0C46804637B32846FFF72B
:10EE700090FE18B92846FFF781FE28BB0FFA88F9E3
:10EE800005EB4909B9F8143013F01C0F02D07B7858
:10EE9000012B19D001238DF80F300023CDE9007329
:10EEA0007A1CBB1C0DF10F012046FFF70FFEB9F8CD
:10EEB000143043F00303A9F81430002E41D021464A
:10EEC0002846FFF766FE20B96FF0150005B0BDE8D3
:10EED000F08337782B6803EB87030022C3F81025F3
:10EEE000C3F810250FFA88F205EB42024FEA870CAF
:10EEF000938A23F4604323F020039382707800B355
:10EF00002968B67861440004D1F8103523F49913C8
:10EF100023F4F853C1F81035230200F4403003F411
:10EF20007C5303433005D1F8105500F4801003439F
:10EF30002B43C1F81035938A43EA473343F020034B
:10EF400093820020C2E7C0E90312704770B50446FF
:10EF50001546FFF713FE48B10846F7F747FC04EBE8
:10EF600040040020A38A5B0B2B7070BD6FF015006E
:10EF7000FBE738B590F88C4005469CB960222146E5
:10EF8000143000F069FD2868C0F87C41D0F87C316D
:10EF900040F30730F3F7CEFA012385F88C30AB67E6
:10EFA000204638BD6FF07700FBE790F88C00003802
:10EFB00018BF01207047F7F755BC2DE9F34104460F
:10EFC0001746FFF7DBFD0D46266800B32046FFF726
:10EFD000E0FD8046D8B92046FFF7E6FD05B2AD005A
:10EFE00005F5807246F802802168B2582944D1F8AC
:10EFF000102542F00102C1F810252FB1216801222D
:10F0000002FA00F3C1F8043302B0BDE8F081D6F88B
:10F010000433002BA4BF4FF00043C6F80433284646
:10F02000F7F7E4FB04EB4004A38AC3F38203042B49
:10F0300012D0052B12D001A80195F7F7C7FB019B51
:10F04000D0F81015D94001F001010231284602B074
:10F05000BDE8F041FFF783BD0321F7E70221F5E7A3
:10F06000FFF71DBE00F180431A68002A1FBF00226F
:10F070001A601B68012008BF002070474FF08043D2
:10F080004FF46072C3F8042370474FF080434FF48D
:10F090006072C3F80823704708B5F7F767FDBDE84D
:10F0A0000840FFF7EFBC08B5F7F72EFE002008BDBB
:10F0B000EFF31180202383F31288BFF36F8F704723
:10F0C00080F31188BFF36F8F704708B1F3F7A6BDC7
:10F0D000704710B5436904463BB90020E268537895
:10F0E00043F001035370404210BD98470028F4D00C
:10F0F0000028B8BF4042E368FF28A8BFFF2018706F
:10F10000ECE740B1C368587810F001001EBF1878D2
:10F11000B0FA80F040097047EFF31183202383F3A6
:10F120001288BFF36F8FFEE72DE9F04F89B0DDE95C
:10F130001268054605924346324606A80F4600F07F
:10F1400082FBDDE9063405F1140ACDE90234EFF360
:10F1500011844FF0200989F31288BFF36F8F05F1F6
:10F160000C0B059A149B39462846984730B184F316
:10F170001188BFF36F8F09B0BDE8F08F56EA08061B
:10F18000F5D0DDE9022306A800F082FBDDE9066880
:10F190005A46CDE9006821465046F8F781FDEFF365
:10F1A000118489F31288BFF36F8FDAE710B400F18E
:10F1B0000C04C0E9034410BCFCF7FDBB38B50446A1
:10F1C000EFF31185202383F31288BFF36F8FFCF7D1
:10F1D00044FB04F10C0000F077FA30B1294604F149
:10F1E0001400BDE83840F8F7EFBD85F31188BFF390
:10F1F0006F8F38BD4169826842EA010313F003034F
:10F200000FD1C3600369013B03FB0122002B01DA2C
:10F2100000207047C16811604169C260013B521A09
:10F22000F4E76FF01500704710B5C0E90432002311
:10F23000816083610446FFF7DDFF0028A8BFC4E9B1
:10F24000004410BD2DE9F04105460F46EFF311884B
:10F25000202383F31288BFF36F8FC668FEB904685A
:10F26000A0421CD0DCB1D4E9003213605A60637B49
:10F27000A66023F002036373C4E9006604F118007A
:10F2800000F0B3FA2046C4F88860276100F0B7F9AF
:10F29000414605F10800BDE8F041F8F795BD3E6034
:10F2A000AB69EF60013BAB6188F31188BFF36F8FEF
:10F2B000BDE8F08108B52024EFF3118384F31288B0
:10F2C000BFF36F8FFDF79DF9F6E7D0E900321360C9
:10F2D0005A60427B002322F00202C0E900334273ED
:10F2E0008360704713B501240094F7F71FFF02B045
:10F2F00010BD90F90E308B4201D0F8F7F3BC00201E
:10F30000704703460020C3E90200C3E90033704799
:10F31000D0E9003213605A60427B002322F00202DF
:10F32000C0E900334273836070472DE9F84390468B
:10F3300004469DF820200D4600F10809EFF31187DF
:10F34000202181F31288BFF36F8F02B14568A66850
:10F35000B14516D0AEB13046FFF7DAFF002406F112
:10F36000180000F042FA3046C6F88840C6F810800F
:10F3700000F045F948463946F8F726FD2046BDE835
:10F38000F883A3B10820F9F7BFF9002832D0012291
:10F39000C0F804800260016801F003015DB92268D1
:10F3A0000A430260626820606AB960600BE0C8F8D6
:10F3B00000304046EFE72A68032A10D801606168F0
:10F3C00039B9C4E90000002087F31188BFF36F8FBB
:10F3D000D5E70A6802F0030202430A60E5E722F07B
:10F3E00003020A4302602A6802F0030240EA0203B1
:10F3F0002B60E8E76FF00B00E6E710B5044630B18C
:10F400000268930703D0446809B100F0F5FA20467A
:10F4100010BD0023C0E9003300F10803C0E9023346
:10F42000704707B50123009300230A461946FFF7EA
:10F430007CFF03B05DF804FB07B500230A46009388
:10F440001946FFF772FF03B05DF804FB0068002166
:10F45000FFF7D3BF3AB18A4205D3C0E90212C0E92F
:10F460000000002070476FF015007047026801230C
:10F470008B4022EA0303036022FA01F000F001004E
:10F48000704710B5032104460C30FFF7EFFF30B191
:10F4900004F1100000F0A9F9B0FA80F0400910BDA5
:10F4A00020B1002211469C3000F043B9704773B57B
:10F4B0000446EFF31185202383F31288BFF36F8F87
:10F4C0000023A0F11006032104380193FFF7CEFFBB
:10F4D00028B1A369019301A93046F8F729F985F30A
:10F4E0001188BFF36F8F02B070BD38B504460D466A
:10F4F0001022002100F0B0FA656038BD13B501900C
:10F500000846EFF31184202383F31288BFF36F8F33
:10F5100001A9F8F70DF984F31188BFF36F8F02B0DA
:10F5200010BD10B5FFF7EAFF041E08DDEFF31180F0
:10F53000202383F31288BFF36F8FF8F757FC204620
:10F5400010BD38B5302204460D46002100F084FA83
:10F550004FF480736560E36038BDD0E9003213601A
:10F560005A60427B002322F00202C0E9003342735A
:10F5700083607047EFF30580003818BF01207047A3
:10F580006FF05700704700207047D0E900321360D9
:10F590005A600023C0E90033704708B5FFF7F5FF54
:10F5A000437B23F0020343730023836008BD38B517
:10F5B00004460D46F8F704FB637B43F002036373D4
:10F5C000E5B1A5602B689D4209D16B68C4E9005381
:10F5D0001C606C6012E06A689A42F6D01B68002BCF
:10F5E000F3D094F90E2093F90E108A42F3D0914291
:10F5F000F1DD5A68C4E9003214605C6038BD10B5B2
:10F60000EFF31184202383F31288BFF36F8FF8F791
:10F6100095FA84F31188BFF36F8F10BD08B5EFF32F
:10F620001181202282F31288BFF36F8F83680BB1A0
:10F63000FFF7B3FF81F31188BFF36F8F08BD38B5B3
:10F64000EFF31184202383F31288BFF36F8F90F8B8
:10F650006C50427B002380F86C302DB121B184F3D3
:10F660001188BFF36F8F38BD12F0280FF7D1836870
:10F670000BB1FFF792FF437B23F004034373F8F7CA
:10F680005DFAECE701211838FFF7D9BF08B503464A
:10F69000EFF31181202282F31288BFF36F8F00688D
:10F6A000834207D008B1FFF778FF81F31188BFF3D9
:10F6B0006F8F08BD0020F8E710B5FFF7AFFFBDE87A
:10F6C0001040183000F091B838B504680546AC42D7
:10F6D0004FF0000000D138BD002CFCD02046FFF7D1
:10F6E000EBFF2046FFF78BFF2C680120A542F1E7D6
:10F6F00070B505460E46F8F721FCB6F1FF3F08BF8E
:10F70000B5F1FF3F0446284612D04FF47A7147F610
:10F71000FF730022C4FB0132D80B40EA4240B0F133
:10F72000004F4FEAD23272F1000228BF6FF0004062
:10F7300070BD38B5EFF31185202383F31288BFF332
:10F740006F8F0468A04213D0A4B1C4F8881022615E
:10F750002046FFF722FF04F1180000F046F820468B
:10F76000F8F7ECF9012085F31188BFF36F8F38BDEE
:10F770000020F8E72046F6E72DE9F04105460E4661
:10F780001746EFF31188202383F31288BFF36F8F9E
:10F790000468A0420FD1002088F31188BFF36F8F57
:10F7A000BDE8F08139462046B0470028F4D16B68A7
:10F7B000A342F0D02468002CF4D1ECE708B502464F
:10F7C000F8F756FD70B1D0E904319B1A61EBE27293
:10F7D000B3F1004F72F1000104DA002AACBF184601
:10F7E000002008BD6FF00040FBE738B50246EFF39C
:10F7F0001185202383F31288BFF36F8F0368CBB189
:10F80000F8F736FD04461046F8F744FD00224FF0A5
:10F8100000438442C0E9042306D1F8F731FDFFF725
:10F82000CDFF0021F6F736FD002085F31188BFF3E8
:10F830006F8F38BD6FF01500F7E708B5F8F736FEA3
:10F8400008BDF8F733BEB3F1FF3F08BFB2F1FF3F89
:10F8500070B506461D46144614D01A4316D0002B28
:10F8600008DBF8F723FE041941EB0501C6E9004166
:10F87000304670BD6FF001031C1B4FF0FF3363EB8C
:10F880000501F3E74FF0FF342146EFE70024FBE7E3
:10F89000B3F1FF3F08BFB2F1FF3FF8B50746164688
:10F8A0001C4610D054EA020311D0F8F7FFFDB04215
:10F8B0000A46A14103460AD2F31A64EB0204C7E9DF
:10F8C00000343846F8BD4FF0FF331C46F7E70023FD
:10F8D000FBE70023C0E9081200F11802C0E9062284
:10F8E000C0E9003303634363704710B50446FFF774
:10F8F0007CFFA8B9636A0BB12046984704F1180051
:10F90000FFF7C4FE60B1FFF77AFEEFF3118020230A
:10F9100083F31288BFF36F8FBDE81040F8F766BA23
:10F9200010BD2DE9F3470446DDE90A9815460E4659
:10F9300059B302F0010AF8F761FB0746EFF31181B2
:10F94000202383F31288BFF36F8FA80744BF0023DF
:10F95000A360A36803EA0600BAF1000F0CD0864248
:10F960000CD16A0744BF8343A36081F31188BFF3BE
:10F970006F8F02B0BDE8F0870028F2D159EA080382
:10F9800005D181F31188BFF36F8F0020F1E7C7E93C
:10F9900019652246CDE9009804F10C00F8F780F9CA
:10F9A0000028F2D1786EE4E710B5D0E919424B682F
:10F9B00012F0010F03EA040301D09C4210D17BB185
:10F9C0004366520744BF8A681A430B6848BF8A607F
:10F9D00003660123086080F86C301830FFF705FFDC
:10F9E000002010BD0A46F8F733BE0A460021F8F79A
:10F9F0002FBE5200FFF795BF20B1011F50F8040C35
:10FA0000FFF7DCBB704770470A44914200F1FF33B7
:10FA100000D1704710B511F8014B03F8014F914226
:10FA2000F9D110BD884210B501EB020402D984421D
:10FA3000234607D8431EA14208D011F8012B03F832
:10FA4000012FF8E7024401468A4200D110BD13F8A5
:10FA5000014D02F8014DF7E702440346934200D1FD
:10FA6000704703F8011BF9E710B5024601448A42CA
:10FA7000134603D01C780132002CF8D1181A10BD9F
:10FA8000F0B5C3F137070446FFB203F01F03104679
:10FA9000082BE6B233D0102B3ED06508A40844EA08
:10FAA000817445EAC1752D194FEA910242EB51026A
:10FAB000290941EA02716D1842EB1212290A41EA42
:10FAC00002616D1842EB1222290C41EA02416D18C5
:10FAD00042EB1242AD1842F10002EC0844EA4274D3
:10FAE000D10804EB8402A6EB4205EDB2092D0CD936
:10FAF0000134A5F10A0541F10001EDB212E0E4087C
:10FB000044EA417406F00705C908303554EA010299
:10FB100000F8015BBCD1F0BD240944EA017406F091
:10FB20000F050909092D84BFED19EDB2EDE7D1E903
:10FB3000043293421EBF5A1C0A61187070470000BD
:0CFB400001480068704700001419002004
:08FB4C00E805FF7F0100000045
:10FB5400412C000000000000D92B00000000000030
:10FB64000000000014FC0000A7F0000000000000EA
:10FB74006D70000000000000AD7000000000000087
:10FB84000000000030FC0000000000004CFC0000FD
:10FB9400A3E900000000000000000000A0FC000039
:10FBA4000000000084FC000000000000BCFC000019
:10FBB4000000000068FC000031610000000000004B
:10FBC4006510000000000000312A00000000000061
:10FBD400A7E90000000000001987000000000000F1
:10FBE40000000000D8FC000000000000F4FC00004D
:10FBF4000000000010FD0000B93800000000000003
:10FC0400C51B000000000000391B000000000000BC
:10FC14000A110100B4010100D8FE000044090020CB
:10FC2400081C0020015200000000000053110100D4
:10FC3400D4010100B4FE00004A090020A01C0020E9
:10FC4400A15800000000000061110100E80101005A
:10FC5400B4FE00004C090020AC1C0020A158000098
:10FC6400000000009F0E01002801010034FF000085
:10FC740040090020F0040020D53B000000000000F3
:10FC84003311010000000000ACFE00004609002012
:10FC94005C1C0020715600000000000043110100AC
:10FCA40000000000CC010100480900200000000011
:10FCB40001E3000000000000E31101005C02010008
:10FCC40078FF00005209002038080020CD5D0000B4
:10FCD40000000000E41001009C0101005801010033
:10FCE40042090020840700202D430000000000008A
:10FCF4008F110100FC010100F4FE00004E090020F8
:10FD0400B81C00204D5C0000000000009E110100A2
:10FD14002C020100F4FE000050090020D01C002039
:08FD24004D5C0000000000002E
:10FD2C0099F00000B9E9000000000000E7C50000F0
:10FD3C00BCFC00004BE8000000000000E7C5000020
:10FD4C0000000000E7C5000000000000E7C500004F
:10FD5C005806002005E4000000000000E7C5000084
:10FD6C0000000000E7C5000000000000E7C500002F
:10FD7C0000000000E7C5000000000000E7C500001F
:10FD8C0000000000E7C500005C1C0020DD560000F0
:10FD9C0000000000E7C5000000000000E7C50000FF
:10FDAC0000000000E7C5000000000000C161000079
:10FDBC0000000000E7C5000000000000E7C50000DF
:10FDCC0000000000E7C5000000000000E7C50000CF
:10FDDC0000000000E7C5000000000000E7C50000BF
:10FDEC0000000000E7C5000000000000E7C50000AF
:10FDFC0000000000E7C5000000000000E7C500009F
:10FE0C0000000000E7C5000000000000E7C500008E
:10FE1C0000000000E7C5000000000000E7C500007E
:10FE2C0000000000E7C5000000000000E7C500006E
:10FE3C0000000000E7C5000000000000E7C500005E
:10FE4C0000000000E7C5000000000000E7C500004E
:10FE5C0000000000E7C50000894A0000B9E9000075
:10FE6C0000000000E7C5000000000000E7C500002E
:10FE7C0000000000E7C5000000000000E7C500001E
:10FE8C0000000000E7C5000000000000E7C500000E
:10FE9C0000000000E7C5000000000000E7C50000FE
:08FEAC00195600007155000019
:10FEB400DD5800005BE3000069E3000081E300001B
:10FEC4008DE3000099E3000051570000B3E3000004
:04FED400000000002A
:10FED8005952000073E20000D3E200000000000065
:0CFEE80011E2000000000000000000001B
:10FEF4005DE60000B7E600007BE6000089E600004E
:10FF040000000000A3E60000000000000000000064
:10FF140000000000000000000000000000000000DD
:10FF240000000000000000000000000000000000CD
:10FF3400E3D50000613B0000000000000DD6000086
:10FF4400CFD500006DDA000093D6000039D500004B
:10FF540085D5000089D600000000000051D50000BE
:10FF6400000000000000000059D50000A3D90000E3
:10FF74006BD50000DBE60000155D0000CDE6000057
:10FF8400F1E8000001E7000029E700005FE7000056
:10FF940073E70000A1E70000B5E7000073E7000085
:10FFA40091E70000C9E70000D7E70000E5E700009B
:08FFB4001BE800001FE800003B
:10FFBC0006080100030000002511010003000000E9
:10FFCC002A080100030000002E08010003000000B5
:10FFDC000C0E010003000000680E0100030000007D
:10FFEC00700E010003000000FA1001000300000075
:04FFFC001A130100D3
:020000021000EC
:1000000003000000B41101000300000056070100C6
:1000100003000000850E0100030000001708010026
:1000200003000000F1110100030000006D0F01004A
:0C00300003000000F210010003000000BB
:10003C00A4000100E01300200A09010001000000E7
:100050000338FDD870470000B80B002000010000F5
:10006000A5C3000063C300000200000055C50000E6
:100070000000000000000000000000000000000080
:10008000EA080100F2080100000000000000000082
:1000900000000000FA080100FE080100020901004A
:1000A00006090100251A0000191A0000491A00006B
:1000B000011A0000000000000D1A000000000000FE
:1000C000A51A0000E81300209C2800201000000062
:1000D00000000000BFC500005006002048060020B8
:1000E000400600200000000038060020F91C000037
:1000F000ED1B0000411C0000A11C0000C0040020FA
:100100000000000000000B060200000010010100CA
:1001100000000000590E0100260002060000002029
:10012000610E010022000B111007002000000000EA
:10013000FC08002024070020000000004C01010002
:10014000AC0900200000000000000000BBDA000045
:1001500000000000A3DA000000000000B14400002D
:10016000E9420000F9400000D9440000000000000E
:1001700099400000F94400004D4F0000C9420000C2
:1001800000000000C54F0000494900001142000076
:10019000F141000001E20000F9E100000000000070
:1001A000030000006D420000BD5100008D510000B1
:1001B000000000000D5300008D52000019110100D5
:1001C000FDE20000F9E200001F11010017E300004A
:1001D00000000000FFFF0000000300505806002050
:1001E0000000000001000000FFFFFFFF00000050C2
:1001F0005806002000000000000000000000008001
:10020000FFFFFF7F0000008000000080FFFFFF7FF6
:1002100000000080B80B000000000000C4110100C5
:1002200000FF0A0030FC000008000002000000800F
:10023000FFFFFF7F0000008000000080FFFFFF7FC6
:10024000000000800000000000000000C411010058
:1002500000FF080030FC00000A00000200200040FF
:1002600001000000000000007C0201000000D60137
:1002700000000000B6280020B52800200020004023
:10028000880201000100000090020100020000004D
:100290002B0000002C0600010800000003000000F5
:1002A000CB120100D9120100ED120100FC12010075
:1002B0000813010054FB00005CFB0000BCFB0000C5
:1002C000C4FB000004FC000014FC00001D1301002E
:1002D0000001000000000000FF8FFFFFFF8FFFFF05
:1002E000FE8FFFFFFE8FFFFFFD8FFFFFFC8FFFFFE5
:1002F000FC8FFFFF6D757465785F667265652063BE
:10030000616C6C65642077697468204E554C4C2094
:10031000706172616D6574657200000043616E27E3
:100320007420696E697469616C697A65206D757491
:1003300065782C20776173204E554C4C0D0A0000D7
:100340004661696C20746F20616371756972652004
:100350006D757465780A00004661696C20746F20C1
:10036000696E63726561736520504D20636F756EB1
:100370007465720A000000004661696C20746F2089
:10038000646563726561736520504D20636F756E9F
:100390007465720A000000004661696C20746F2069
:1003A00072656C65617365206D757465780A00000F
:1003B000436F756C64206E6F74206C6F636B20707C
:1003C0006F7765722073617665206D75746578004E
:1003D0004661696C20746F20756E6C6F636B206D65
:1003E000757465780A0000006374782063616E6E2E
:1003F0006F74206265204E554C4C00000A6374787F
:10040000206973204E554C4C0A00000067E6096ACB
:1004100085AE67BB72F36E3C3AF54FA57F520E5125
:100420008C68059BABD9831F19CDE05BD89E05C1B5
:1004300007D57C3617DD703039590EF7310BC0FF08
:1004400011155868A78FF964A44FFABE01234567B8
:1004500089ABCDEFFEDCBA9876543210F0E1D2C30E
:10046000090472756E6E696E670073746F707065E3
:1004700064005541525420646576696365206E6F4F
:100480007420726561647900525454206665656415
:100490006261636B206669726D7761726520737447
:1004A00061727465642E00426F6172643A20257334
:1004B000007869616F5F626C652F6E7266353238E5
:1004C00034302F73656E7365000D0A53696D706C5F
:1004D00065205541525420434C492072656164792E
:1004E0002E2054797065202768656C70272E0D0AC0
:1004F0000068656C7000436F6D6D616E64733A0DDA
:100500000A202068656C700D0A202070696E670DE6
:100510000A20206563686F203C746578743E0D0A7C
:100520002020636F756E74203C73746172743E207A
:100530003C656E643E0D0A2020636F756E746572B3
:10054000205B6F6E7C6F66665D0D0A20207570748F
:10055000696D650D0A2020696E666F0D0A202064A2
:10056000656C6179203C6D733E0D0A202072616ECE
:1005700064205B6D696E5D205B6D61785D0D0A00C6
:1005800070696E6700706F6E670D0A006563686F53
:100590000055736167653A206563686F203C746538
:1005A00078743E0D0A00636F756E74005573616751
:1005B000653A20636F756E74203C73746172743E8B
:1005C000203C656E643E0D0A00496E76616C69647C
:1005D000206E756D6265720D0A00636F756E7465CD
:1005E0007200436F756E7465722025732C207661DE
:1005F0006C75652025750D0A0055736167653A2095
:10060000636F756E746572205B6F6E7C6F66665D7E
:100610000D0A00436F756E74657220737461727495
:1006200065640D0A006F666600436F756E746572CF
:100630002073746F707065640D0A00757074696D55
:100640006500557074696D653A202575206D730DD0
:100650000A00557074696D653A2025752E25303372
:100660007520730D0A00696E666F00426F617264D7
:100670003A2025730D0A0030303A30303A303000DD
:100680004A616E2020312031393830004275696C62
:10069000642074696D653A2025732025730D0A0066
:1006A00064656C61790055736167653A2064656CB7
:1006B0006179203C6D733E0D0A0044656C61796977
:1006C0006E6720666F7220256C64206D732E2E2E4F
:1006D0000D0A00446F6E650D0A0072616E64004978
:1006E0006E76616C6964206D696E0D0A00496E76E4
:1006F000616C6964206D61780D0A00496E76616CE9
:1007000069642072616E67650D0A0052616E646FE4
:100710006D205B256C642D256C645D3A20256C642E
:100720000D0A00556E6B6E6F776E20636F6D6D6195
:100730006E642E2054797065202768656C70272EB2
:100740000D0A00082008005469636B3A20257520C3
:1007500072783A2575007274745F666565646261CB
:10076000636B0028756E7369676E65642920636822
:100770006172202A207573656420666F72202525BA
:100780007020617267756D656E742E2049742773D1
:10079000207265636F6D6D656E64656420746F2093
:1007A0006361737420697420746F20766F696420AC
:1007B0002A2062656361757365206974206D6179B3
:1007C000206361757365206D697362656861766920
:1007D0006F7220696E206365727461696E20636F49
:1007E0006E66696775726174696F6E732E205374DB
:1007F00072696E673A2225732220617267756D6592
:100800006E743A25640063627072696E74665F701C
:1008100061636B616765007379735F6765746F709F
:1008200074006C6F6767696E67006C6F67006C6F50
:10083000675F6D676D74004D657373616765202830
:1008400022257322292064726F70706564206265AE
:100850006361757365206974206578636565647389
:100860002073697A65206C696D69746174696F6E53
:100870002028257529001B5B306D00257320005B47
:100880002530386C755D20005B253032753A253097
:1008900032753A253032752E253033752C2530339C
:1008A000755D200025732F003C25733E20002573C5
:1008B0003A2000253032782000202020007C0025BE
:1008C0006300206D657373616765732064726F7078
:1008D000706564202D2D2D0D0A1B5B306D001B5B98
:1008E000313B33316D2D2D2D20001B5B313B3331DE
:1008F0006D001B5B313B33336D00657272007772A4
:100900006E00696E6600646267006C6F675F6261AB
:10091000636B656E645F727474006364635F6163CC
:100920006D5F3000465320436F6E66696775726174
:1009300074696F6E004344432041434D20736572D8
:1009400069616C206261636B656E64005A657068F2
:1009500079722050726F6A656374006364635F61CB
:10096000636D5F73657269616C002A2A2A20426F89
:100970006F74696E67206E524620436F6E6E6563BA
:10098000742053444B2076332E332E302D62613148
:10099000363764396633646234202A2A2A0A002AE8
:1009A0002A2A205573696E67205A6570687972200B
:1009B0004F532076342E332E39392D666439323038
:1009C00034613032643532202A2A2A0A006D757467
:1009D00065785F696E69742063616C6C656420770B
:1009E000697468204E554C4C20706172616D65745D
:1009F000657200436F756C64206E6F7420616C6C5F
:100A00006F63617465206D75746578206265666FCB
:100A1000726520696E697469616C697A696E6700D4
:100A200072302F61313A20203078253038782020FC
:100A300072312F61323A20203078253038782020EA
:100A400072322F61333A20203078253038780072A6
:100A5000332F61343A2020307825303878207231B5
:100A6000322F69703A202030782530387820723162
:100A7000342F6C723A202030782530387800207876
:100A80007073723A202030782530387800466175CE
:100A90006C74696E6720696E737472756374696FC4
:100AA0006E206164647265737320287231352F7013
:100AB00063293A2030782530387800556E68616EA9
:100AC000646C6564204952516E3A202564002A2ADC
:100AD0002A2A2A20425553204641554C54202A2A7E
:100AE0002A2A2A002020537461636B696E6720658F
:100AF00072726F72002020556E737461636B696E41
:100B000067206572726F720020205072656369738E
:100B100065206461746120627573206572726F7202
:100B20000020204246415220416464726573733A4A
:100B30002030782578002020496D707265636973D4
:100B400065206461746120627573206572726F72D2
:100B5000002020496E737472756374696F6E206231
:100B60007573206572726F72002020466C6F61741D
:100B7000696E672D706F696E74206C617A7920736D
:100B80007461746520707265736572766174696FE3
:100B90006E206572726F72002A2A2A2A2A20555303
:100BA000414745204641554C54202A2A2A2A2A00EA
:100BB00020204469766973696F6E206279207A65B6
:100BC000726F002020556E616C69676E6564206DE0
:100BD000656D6F7279206163636573730020204EC9
:100BE0006F20636F70726F636573736F7220696ECD
:100BF000737472756374696F6E73002020496C6C36
:100C00006567616C206C6F6164206F662045584396
:100C10005F52455455524E20696E746F2050430008
:100C20002020496C6C6567616C20757365206F6668
:100C3000207468652045505352002020417474652B
:100C40006D707420746F20657865637574652075A8
:100C50006E646566696E656420696E73747275632F
:100C600074696F6E002A2A2A2A2A204D5055204680
:100C700041554C54202A2A2A2A2A002020537461E4
:100C8000636B696E67206572726F722028636F6E86
:100C9000746578742061726561206D69676874207D
:100CA0006265206E6F742076616C69642900202073
:100CB00044617461204163636573732056696F6C8E
:100CC0006174696F6E0020204D4D46415220416491
:100CD00064726573733A2030782578002020496E5D
:100CE000737472756374696F6E20416363657373A7
:100CF0002056696F6C6174696F6E0052657365721E
:100D000076656420457863657074696F6E2028008D
:100D100053707572696F757320696E746572727540
:100D2000707420284952512000535053454C20697B
:100D30006E20746872656164206D6F646520646FF5
:100D40006573206E6F7420696E64696361746520D9
:100D5000505350002A2A2A2A2A2048415244204629
:100D600041554C54202A2A2A2A2A002020427573F1
:100D7000206661756C74206F6E20766563746F7287
:100D8000207461626C652072656164002020446596
:100D9000627567206576656E740020204661756C0B
:100DA0007420657363616C6174696F6E202873656C
:100DB000652062656C6F772900415243485F455852
:100DC00043455054207769746820726561736F6E73
:100DD0002025780A002A2A2A2A2A20446562756773
:100DE000206D6F6E69746F722065786365707469C9
:100DF0006F6E202A2A2A2A2A002A2A2A2A2A20250D
:100E00007320256429202A2A2A2A2A006D70750059
:100E10004661696C656420746F20616C6C6F6361FE
:100E20007465206E6577204D505520726567696F37
:100E30006E2025750A00506172746974696F6E20A6
:100E400025753A2073616E69747920636865636BF8
:100E5000206661696C65642E00464C4153485F30E2
:100E6000005352414D5F30006E65745F62756600DD
:100E70006E65745F6275665F73696D706C650000A6
:100E80000001000000736F630030313233343536B7
:100E90003738394142434445460075736264006205
:100EA0006F6172645F6364635F61636D5F756172DC
:100EB0007400726573756D650053707572696F7536
:100EC00073202573206576656E7400657020307818
:100ED0002530327820616C726561647920656E61BD
:100EE000626C656400456E64706F696E7420307862
:100EF000253032782076616C69646174696F6E2088
:100F00006661696C656400657020307825303278E0
:100F100020616C72656164792064697361626C65DB
:100F20006400657020307825303278206973206E37
:100F30006F742068616C7465647C64697361626C51
:100F40006564004661696C656420746F20616C6C37
:100F50006F63617465206E65745F62756620257AC3
:100F6000642C2065702030782530327800756463F9
:100F70000073687574646F776E00496E6974696197
:100F80006C697A656400556E6B6E6F776E20706F5A
:100F9000776572206576656E7420256400507265F1
:100FA000696E6974007564635F6E7266780046618D
:100FB000696C656420746F2072656769737465720B
:100FC00020656E64706F696E740053555350454EC2
:100FD000442073746174652064657465637465642A
:100FE00000524553554D494E472066726F6D207330
:100FF000757370656E640052656D6F7465207761FE
:101000006B65757020696E697469617465640065EB
:1010100070203078253032782071756575652069CB
:101020007320656D707479006570203078253032DA
:1010300078206F6B2C20717565756520697320654C
:101040006D707479004661696C656420746F20640A
:10105000697361626C6520636F6E74726F6C20657A
:101060006E64706F696E74004661696C65642074AB
:101070006F2073746F70204846584F2025640052CB
:10108000657365740062756666657220746F6F20A3
:10109000736D616C6C3A20723A2025752C206C3A85
:1010A000202575004661696C656420746F20656E4B
:1010B00061626C6520636F6E74726F6C20656E6424
:1010C000706F696E74004661696C656420746F208E
:1010D0007374617274204846584F202564000001E3
:1010E00001010101757362644034303032373030B1
:1010F00030007564635F6E7266006E72665F757352
:1011000062645F636F6D6D6F6E00636C6F636B40E5
:101110003430303030303030006866636C6B006CD7
:1011200066636C6B00636C6F636B5F636F6E74728E
:101130006F6C0072616E646F6D40343030306430BB
:1011400030300063727970746F4035303032613006
:101150003030006770696F403530303030333030B8
:10116000006770696F40353030303030303000000B
:10117000010203040506074750494F20706F72743F
:101180003A202573206E6F74207265616479006C5B
:10119000736D3664733374722D632D656E006D73D9
:1011A0006D3236316433353236686963706D2D6364
:1011B0002D656E00726567756C61746F725F66692C
:1011C000786564004661696C656420746F20616CA9
:1011D0006C6F6361746520505049204368616E6E86
:1011E000656C0075617274403430303032303030AC
:1011F00000756172745F6E7266785F756172746596
:1012000000000000000001010000000000010101D9
:10121000000000002030303030303030303030309E
:1012200030303000010000010000005465726D692B
:101230006E616C00000000000000545452205245C2
:10124000474745530048616C74696E672073797332
:1012500074656D00556E6B6E6F776E206572726F80
:101260007200756E6B6E6F776E003E3E3E205A4583
:101270005048595220464154414C204552524F52F9
:101280002025643A202573206F6E20435055202579
:1012900064004661756C7420647572696E672069BC
:1012A0006E746572727570742068616E646C696EBC
:1012B000670A0043757272656E74207468726561A6
:1012C000643A202570202825732900435055206555
:1012D0007863657074696F6E00556E68616E646CDA
:1012E000656420696E746572727570740053746100
:1012F000636B206F766572666C6F77004B65726EFC
:10130000656C206F6F7073004B65726E656C20703A
:10131000616E6963006D61696E006F73007379734C
:10132000776F726B7100286E756C6C29002A666C81
:081330006F61742A0000000047
:1013400000000000B93900000000000000010000AA
:10135000000000000000000000000000000000008D
:10136000000000000000000000000000000000007D
:1013700068FC000000C2010000000800000000003E
:10138000000000000000000000000000000000005D
:10139000000000000000000000000000000000004D
:1013A00000000000FC06002000000000E80600200D
:1013B000000000000000000000000000000000002D
:1013C000000000000000000000000000000000001D
:1013D000000000000000000000000000000000000D
:1013E00000000000000000000000000000000000FD
:1013F0000000000000000000000000007C0500204C
:101400007C0500200000000001000000000000003A
:101410003850002000000000000000000000000024
:1014200000010000DDBA000083C3000000000000DE
:10143000E1080020C00500200000000000000000BE
:101440000000000000000000000401000000000097
:101450002409010022030000000000000000000039
:101460000003030000000000000000000003000073
:101470000000000000000000000201000000000069
:10148000350901002E0300000000000000000000EC
:1014900000010100000000004C0901001E030000D3
:1014A000000000000000000000000000000000003C
:1014B0006004010004030000D40900203A00000089
:1014C000E80900203A000000C00900203A000000AE
:1014D000FC0900203A00000000600040000000000D
:1014E00000000000000000000000000000000000FC
:1014F00000000000000000000000000000000000EC
:1015000000000000000000000000000000000000DB
:1015100000000000000000000000000000000000CB
:1015200000000000000000000000000000000000BB
:1015300000000000000000000000000000000000AB
:10154000000000000000000000000000000000009B
:10155000000000000000000000000000000000008B
:1015600000000000000000003851002000000000D2
:1015700000000000000000000004000038550020BA
:101580000000000000000000000000000004000057
:101590001A090100000000005007002000000000B0
:1015A00068FC0000FC080020040900200D09002050
:1015B00012090020170900201B0900202009002023
:1015C0002709002030090020370900203E090020AB
:1015D00000000000E3D40000B93A0000193B00000D
:1015E00081D70000E9D90000B5D600000000000056
:1015F00009DA00009DD6000037D600000000000088
:10160000E5D4000000000000000000000000000021
:1016100000000000000000000000000000000000CA
:1016200000000000000000000000000000000000BA
:1016300000000000000000000000000000000000AA
:10164000000000000000000000000000000000009A
:10165000000000000000000000000000000000008A
:10166000000000000000000000000000000000007A
:10167000000000000000000000000000000000006A
:1016800000000000000000000808002008080020FA
:1016900000000000000000000E000000000000003C
:1016A000000000000000000000000000000000003A
:1016B00000000000000000004808002000000000BA
:1016C000000000000000000000000000000000001A
:1016D000B728002020000000000000000090D00388
:1016E000FF00000090020000680800206808002049
:1016F0000000000089870000B4080020AC0800202A
:10170000A4080020000000009C0800204989000077
:1017100095880000C988000011890000181F00206A
:101720003A00003A1C1F00203A00003A201F002017
:101730003A00003A241F00203A00003A6C240020AE
:10174000C808002088080020800800207C080020AD
:1017500078080020C1960000B5960000A996000008
:101760000109020000000100807D12010002EF0269
:101770000140E32F0400030400000000080B0002F6
:10178000020200000904000001020200000524001A
:1017900010010524010001042402020524060001B1
:1017A0000705810310000A09040100020A00000075
:1017B000070582024000000705010240000000000A
:1017C0000000000000000000000000000000000019
:0417D0000000000015
:1017D4000000000000000000000000000000000005
:1017E40000000000000000000000000000000000F5
:1017F40000000000000000000000000000000000E5
:081804000000000000000000DC
:04180C0000000000D8
:101810009009002090090020784900200000000075
:0C182000080000001000000000000000A4
:10182C0000000000F8490020000400000000000047
:04183C0000000000A8
:10184000C0090020C00900200000000000000000C6
:101850000E000000D4090020D40900200000000080
:10186000000000000E000000E8090020E809002048
:1018700000000000000000000E000000FC09002035
:10188000FC09002000000000000000000E00000025
:10189000100A0020100A00200C0000000A000000BE
:1018A000004900207849002000490020004900201C
:0818B000000000000000000030
:1018B800380A0020380A002001000000010000005A
:1018C800480A0020480A002000000000010000002B
:0C18D800580A0020580A00200000000000
:0818E400640A0020640A0020E0
:1018EC000000000000000000740A0020740A0020B0
:1018FC00100010000A000000E9DA00003C010100B1
:04190C00F84D002072
:101910005B09010000000000000000000000000062
:101920000000000000000000D8FC000000000000E3
:1019300000000000000000000000000000000000A7
:101940000000000000000000000000000000000097
:101950000000000000000000000000000000000087
:101960000000000000000000000000000000000077
:101970000000000000000000000000000000000067
:0C198000EA080020000000000000000049
:10198C000000000010070020000000000000000014
:08199C00000000000000000043
:0419A40015E015E055
:04000003000023A531
:00000001FF
