:10000000C0360020C12200009B9D0000AD220000F0
:10001000AD220000AD220000AD2200000000000073
:100020000000000000000000000000002D2400007F
:10003000AD22000000000000C9230000AD22000036
:10004000ED250000ED250000ED250000ED25000068
:10005000ED250000ED250000ED250000ED25000058
:10006000ED250000ED250000ED250000ED25000048
:10007000ED250000ED250000ED250000ED25000038
:10008000ED250000ED250000ED250000ED25000028
:10009000ED250000ED250000ED250000ED25000018
:1000A000ED250000ED250000ED250000ED25000008
:1000B000ED250000ED250000ED250000ED250000F8
:1000C000ED250000ED250000ED250000ED250000E8
:1000D000ED250000ED250000ED250000ED250000D8
:1000E000ED250000ED250000ED250000ED250000C8
:1000F000ED250000ED250000ED250000ED250000B8
:1001000053B94AB9002908BF00281CBF4FF0FF317E
:100110004FF0FF3000F00CB8ADF1080C6DE904CEE3
:1001200000F01AF8DDF804E0DDE9022304B07047BE
:10013000704700BF10F8012B11F8013B012A28BFBE
:100140009A42F7D0D01A7047034613F8012B002AC1
:10015000FBD1181A013870472DE9F04786468C46C6
:100160000846089E154674461946002B40F0C2808A
:100170008542B2FA82F245D94AB1C2F1200300FAAF
:1001800002FC2EFA03F3954043EA0C0C94404FEA2C
:10019000154EA8B2BCFBFEF8230C0EFB18CC08FBD6
:1001A00000F943EA0C43994528D9EB1808F1FF37C9
:1001B00004D2994502D9A8F102072B44A3EB090305
:1001C000A4B2B3FBFEFC0EFB1C330CFB00F044EAB4
:1001D0000344A04214D92C190CF1FF3304D2A042DD
:1001E00002D9ACF102032C44241A43EA07401EB1A1
:1001F000D440002334607360BDE8F0874746DDE7F4
:100200006346F1E792BB431B01214FEA154EAFB2A3
:10021000B3FBFEFC200C0EFB1C330CFB07F840EA82
:100220000343984562D9EB180CF1FF3004D298458E
:1002300002D9ACF102002B44A3EB0803A4B2B3FB38
:10024000FEFC0EFB1C330CFB07F744EA0344A742F9
:100250004ED92C190CF1FF3304D2A74202D9ACF1CC
:1002600002032C44E41B43EA0040C0E7C2F1200330
:1002700020FA03F1954090402EFA03F303434FEA2E
:10028000154EAFB2B1FBFEFC0EFB1C10190C0CFBA3
:1002900007F841EA0041884504FA02F422D96918B6
:1002A0000CF1FF3004D2884502D9ACF10200294498
:1002B000A1EB08019BB2B1FBFEFC0EFB1C110CFB79
:1002C00007F743EA01439F420ED9EB180CF1FF31C7
:1002D00004D29F4202D9ACF102012B44DB1B41EA5C
:1002E000004192E76046E3E76146F7E76046A3E72F
:1002F0006346B7E7834206D916B9002108467BE773
:10030000C6E900E0F9E7B3FA83F78FB9834201D376
:10031000724508D8BEEB020460EB030301209C4643
:100320001EB9002168E73846FAE7C6E9004CF8E74D
:10033000C7F1200CBB4022FA0CF41C432EFA0CF13E
:1003400020FA0CF3B84001434FEA14490EFA07F5BE
:10035000B3FBF9F81FFA84FE09FB18300B0C08FBFD
:100360000EFA43EA00439A4502FA07F240D9E3182D
:1003700008F1FF3004D29A4502D9A8F102002344C3
:10038000A3EB0A0389B2B3FBF9F809FB183308FBA6
:100390000EFE41EA03418E452CD9611808F1FF3366
:1003A00004D28E4502D9A8F10203214443EA004059
:1003B000A0FB0298A1EB0E014145CE46434602D375
:1003C00006D14D4504D2B9EB020E68EB04030138A7
:1003D000002EA6D0B5EB0E0261EB030101FA0CFC76
:1003E00022FA07F34CEA0303F940C6E9003198E723
:1003F0004046C5E74346D9E72DE9F0411C4800AF28
:1004000008F00CFF6C4688B06A461A4B53611A4BD1
:1004100093614FF400739383184B42F8103F1848D0
:10042000DFF86080184E164D00234FF4E65100F0BF
:10043000B7FFA54600240CF00CFE4FF47A72A0FB27
:10044000020302FB0131C00B40EA41412246404613
:1004500008F0E4FE032123463246284609F0CCFB8F
:10046000013400214FF400400CF04AFDE3E700BFE7
:100470003EDB00005EDB000068DB000003000001E3
:10048000B0D7000080DB0000A2DB00002DE9F04FB8
:1004900091B08407009302F004030293C2F3C203F5
:1004A00003F10103DDF86880039205460E460593CB
:1004B00040F0BA81041D30B1072909D86FF01B0044
:1004C00011B0BDE8F08F01F007063444C6F108060C
:1004D000009B4FF00009591E4FF0040A4FF0FF3304
:1004E0000193CDF810904F46CB4653460DB1009A7C
:1004F00022600598002800F3E8809848009A82421C
:1005000003D397488242C0F0E080039AA4EB050E23
:1005100092074FEA9E0000F103810F2F00F2B18095
:10052000002D00F0058107F140020DEB020C019A4D
:100530000CF8200C0CF8102C049801300490E7E023
:100540007A285DD84B280ED8472859D829282DD885
:10055000252852D054D820287AD02338D0F1000B47
:100560004BEB000B74E04C382E2849D8DFE800F044
:100570007048484848484848484848484B484848D0
:10058000484848484859484B4B595959704B6D4851
:100590007048184B184848827F4B48484B487F00AA
:1005A00000204FF0000B4FF0040A38E02A38C0B2A8
:1005B000012202FA00F010EA0E0F49D110F0625C3D
:1005C0002FD110EA020B43D06046013C5444B4FBE7
:1005D000FAF40AFB04F4002D61D0A3EB050CA4444B
:1005E000B4453FF66BAF002868D1042B47D158F8CB
:1005F000043B2360043404232AE0019A013A019267
:100600004FF0000B24E011F8010C6C2834D111F8E4
:10061000023C00206C2B8346C5D14FF0080A53469C
:10062000D3E708F1070828F007080734F8E802AB19
:1006300024F0070435B106982044B0423FF63EAF9F
:10064000C4E900AB08344FF0000B4FF0080A5346E2
:1006500011F8010F002878D0BBF1000F7FF470AFC4
:100660002528F5D1019B013301934FF0010B4FF089
:10067000040AECE7584694E700208346A5E7082BD8
:1006800002D06FF015001BE708F1070828F00708F3
:10069000F8E80223C4E9002308340823D8E768B93E
:1006A000042B02D108F10408A4E7082BE9D108F1D2
:1006B000070828F0070808F10808EDE7059A013A4D
:1006C000059258F8042B009210E7039A900720D562
:1006D000A4EB050E4FEA9E004FF0010CBEF5007F23
:1006E000CFD20F2FCDD8F5B107F140020DEB020E9E
:1006F000C0B2019A0EF8200C0EF8102CBCF1000FBD
:100700003FF41AAF60F07F000EF8200C09F10109E8
:100710000137C5F10802043406924FF6DA7E97E7F6
:100720004FF0000CDAE7BCF1000F01D00136EFE723
:10073000029802360028EBD10098CDE90631FFF788
:1007400003FDDDE906310644E2E7631BB3F5806F84
:1007500097D23DB9A6F10804E018B1E630D3000005
:10076000C0E70000029A28609B082B709DF81030AB
:10077000C2B1EB7085F80290B9F1000F05D008A85E
:100780000022C5F1010C97420ED1C5F101030DF114
:1007900020084FF0000A01930DF1300B574512D19C
:1007A000601B8DE66B70E5E710F8013B190608D574
:1007B0000CEB040EB64503F07F033FF67FAE04F862
:1007C000013B0132DFE7B9F1000F03D098F90020B7
:1007D000002A17DB029BD3B11AF80B2004F8012B77
:1007E0000022019B18191044B0423FF667AE98F8FA
:1007F000000004F8010B0099039220460CF00CFD58
:10080000039A14440AF1010A08F10108C6E798F8AE
:10081000002055F822300093029B45F822300098C2
:10082000FFF792FC421CDCE76FF00D0048E600BFCA
:100830002DE9F04F97B000AF90F802A0D7F880B044
:100840003B62CBF3C0030446FA62BB61894641B9FF
:10085000457800780AEB800020444D4517D8A0EB7E
:100860000409E378FB61BAF1000F02D01BF0010F1D
:1008700016D1FB6953BBFB6A1BB13A6A4946204655
:1008800098474D4628465C37BD46BDE8F08F461C6C
:100890003046FFF759FC0130304409F10109DCE72B
:1008A000237862687A62FA6A9900796104EB8301BD
:1008B000002A40F000814D460E4601EB0A094FF038
:1008C00000084E454CD101EB0A0610E01BF0020F68
:1008D000D1D023789A007A6162687A62FA6A04EB6E
:1008E0008301002A77D14D4601EB0A0690461BF0A2
:1008F000050F0CBF02230123FB62FB6906EB430AD1
:100900000BF00203BB625645BCD016F8021B16F86A
:10091000013C54F82390994B994502D3984B994543
:1009200036D3BB69002B40D0786A08F050FC002811
:100930003BD0E9468AB06A46924B53617B6AC2E972
:1009400006314FF4007313848F4B42F8103F8F48E9
:1009500000234FF4125100F023FD023DCD46D2E7B3
:1009600016F8013BF96254F82300FFF7EDFBD7F8C6
:100970008430F96A01304BB1D7F8883098453EBFD2
:10098000D7F8843023F8180008F10108054498E7E7
:10099000BB6923B1786A08F01AFC0028C9D11BF0A2
:1009A000010F05D1FB6AED1AADE7BB6A002BAAD097
:1009B0004846FFF7C9FBD7F8843053B1D7F88830E1
:1009C00098453FBFD7F88420431C22F8183008F11F
:1009D0000108054497E7BAF1000F72D01BF0040636
:1009E00072D0D046002607F1480052463B61B962FA
:1009F0000CF012FCB96A3B6901EB0A02BA62FA69AF
:100A0000F9695200FA60BA6A02EB41023A610BF0EE
:100A10000202BA603A69B96A8A4257D162787A6248
:100A20001BF0020F32440CBF4FEA580100211BF0AB
:100A3000010FD2B240F09F801BF0040F14BF40465C
:100A40000020BB616270A070E1703A6A7969FB6A4C
:100A500020469847051EFFF615AFBB6923707B6AD9
:100A60006370FB69E37041463A6AFB6A84F802A04E
:100A700007F148009847B0F10008C0F2BB807B69DD
:100A80003A6AA9EB0A01C91AFB68C91AD7E90A032D
:100A900098470028C0F2B080A84408EB00054FF04A
:100AA000000B07F1380AB34572D300213A6AFB6A9A
:100AB00008469847E6E656464FF0000807F138002A
:100AC00093E75646D04697E7B04695E7BA6A12F8DC
:100AD000021BBA6212F8015C284A54F825009042C1
:100AE00002D3274A90421ED3BA6932B1786A7B603A
:100AF00008F06DFB7B6800288CD1BA6802BB08F156
:100B0000280207F1300C08F10100944407F1580263
:100B100052FA80F008F102080CF8101C5FFA88F80D
:100B200000F8105C76E7BA693AB1786A7B6008F041
:100B30004EFB7B6800287FF46DAF1BF0010F09D0DE
:100B400006F1280207F13000711C161806F8205C27
:100B5000CEB25FE71BF0040F3FF45CAF08F1280250
:100B600007F1300008F1010102EB000808F8105C01
:100B70005FFA81F84EE7002063E700BF30D3000042
:100B8000C0E70000B8DB00000400000158D70000F7
:100B90001BF80A3087F8373054F82390D7F88430A0
:100BA0002BB3D7F888309B4521D2D7F8843033F85F
:100BB0001B803A6AFB6A012107F137009847002839
:100BC0001ADB0544B8F1000F06D14846FFF7BCFA1E
:100BD00000F101081FFA88F83A6AFB6A4146484664
:100BE0009847002808DB05440BF1010B5BE74FF049
:100BF0000008DEE7454645E6054643E6014B18603A
:100C0000704700BF9005002080B505460E46174688
:100C1000984607F0B5F803460CF080FBDFF8189013
:100C2000044649F80030424630463946A84754F851
:100C3000090001F0B3FB00BF080000002DE9F047F8
:100C4000058B04462807904611D4022905F00705B4
:100C500040F0CC80204608F07AFD78B10138218B35
:100C6000042811D8DFE800F0C2106D859500012935
:100C70000CBF45F0100545F02005258388F3118849
:100C8000BFF36F8FBDE8F08701F0070AAA4500F0B7
:100C9000A5800027B9463E46A368002B00F0BC8023
:100CA00041F00801218388F31188BFF36F8FA16899
:100CB000002900F0BA800D68002900F0B680D1F854
:100CC0000480334652462046C047002D76D02B681C
:100CD00029461D46F0E701F007035A1F012A1BD8D9
:100CE000002221F00701062B276889B2C4E90022FF
:100CF00009D13B4603E0628B013262831B68002B03
:100D0000F9D141F002012183204608F020FD00289E
:100D10007AD041F0200176E0042B0AD121F00701BE
:100D200089B22183204608F012FD10B141F0200164
:100D30002183218B01F0070AAA454FD00027B9462D
:100D4000AAE7236921F0070141F00601062DD3F837
:100D5000009021832DD1B9F1000F3FD041F008015F
:100D6000218388F31188BFF36F8F3A492046C84723
:100D700029E021F00701236941F0040189B2042D23
:100D8000D3F804902183E6D000273E464FF0040AB2
:100D900082E721F00701236941F0050189B2052DA1
:100DA000D3F808902183D6D000273E464FF0050A9D
:100DB00072E700273E464FF0060A6DE72B4687E7AD
:100DC000B9F1000FD1D1EFF31188202383F31288FA
:100DD000BFF36F8F238B23F008032383258BEA0651
:100DE0002ED525F01003238305F007056669218BB6
:100DF000002EBFF670AF00232768C4E9003321F04E
:100E0000070141F001012183218B01F0070AAA4566
:100E10004FF000097FF440AF002F9CD041F0080153
:100E2000218388F31188BFF36F8F002FC8D03D68EE
:100E3000394633465246204608F0B5FC2F46F4E7C3
:100E4000AB067FF51BAF25F02003238305F00705D4
:100E500000E700BFD39700002DE9F047DFF8588086
:100E6000044607464FF0010914B93846BDE8F0873B
:100E700094FAA4F5B5FA85F509FA05F32E0108EB05
:100E800005156FEA030A24EA03042B7B002BEBD041
:100E900058F806301B694BB946440422736828464B
:100EA000196807EA0A0708F02EFEDDE7284698478A
:100EB0000028D9D1F0E700BFE0D7000030B51049D5
:100EC000104889B000220CF00CF90F4D0F494FF477
:100ED00000320023CDE9062300240E23CDE903349C
:100EE000CDE901440A4B00944FF44072284606F0C5
:100EF00095FC084928460BF04BFF204609B030BD51
:100F0000190F0000B00F0020180B0020401F002018
:100F10004512000077DC0000014806F091B900BFDF
:100F2000380A00202DE9F047804621480F4608F096
:100F3000CAFD0646002833D000252846BDE8F087C4
:100F4000237B83B12368DB680BB120469847636835
:100F500083F8069023681B69D3B963680422196873
:100F6000204608F0D0FD013610345445E8D3B8F1DE
:100F7000000FE2D0002DDFD02846FFF76DFF0546B9
:100F8000002FF7D000214FF4A4700BF0B9FFF1E768
:100F9000204698470028E0D009FA06F31D43E2E70F
:100FA000044CDFF814A005464FF00109DDE700BF4F
:100FB000B8130020E0D7000000D80000014B53F820
:100FC000200070471CD8000008B5034608462BB126
:100FD000044A136000F07AFC002008BD6FF0150091
:100FE000FBE700BF9405002010B5044C237813B92B
:100FF000034806F025F90123237010BDF01E0020E0
:10100000380A002010B504460B4808F05CFD5CB1BE
:10101000BFF35B8F094B53E8001F013943E800120F
:10102000002AF8D1BFF35B8F05480CF066F805483D
:10103000BDE8104006F004B9B0130020B41300203E
:10104000B00F0020380A00200020064BBFF35B8F52
:10105000014653E8000F43E80012002AF9D1BFF31C
:101060005B8F7047B013002070B5FFF7EDFF084CA1
:10107000084E0546B44200D370BD63685B792BB15E
:1010800023685B6813B12946204698471034F1E77E
:10109000E0D7000000D8000010B5044C04492046F9
:1010A00008F0CCF9034B1C6010BD00BF44090020C0
:1010B00008D80000A81300200D4A0E48002310B5E0
:1010C00013700D4A13600D4A4FF400411360FFF78F
:1010D0007BFFFFF7E1FF0A4B0A4918468B4200D31A
:1010E00010BD1A1A5C681211013222711033F5E733
:1010F000F11E0020C39A0000B0130020B41300209A
:10110000E0D7000000D8000001460022014800237B
:1011100008F0B5B944090020014808F04EBA00BFF4
:1011200044090020024B0146186808F0A1BA00BF2C
:10113000A8130020014808F0D6BA00BF44090020D7
:1011400070B5294B187800284DD0FFF7E5FF05460C
:10115000002845D1254B264C1B68002B19DD0BF0D0
:1011600078FF4FF47A72A0FB020302FB0131C30B3C
:10117000D4E9002043EA41439B1A4FEAD13140F2BF
:10118000E93261EB0001934271F1000101D3FFF7F5
:101190006BFFD4E9003213F57A7342F10002C4E91F
:1011A0000032BDE87040FFF7C5BF63685B7923B1CB
:1011B000236829461B68204698471034B442F4D36C
:1011C0002846FFF7AFFFBFF35B8F0A4B53E8001FC2
:1011D000013943E80012002AF8D1BFF35B8FB9E769
:1011E000054C064EEAE770BDF01E0020B01300204B
:1011F000A80F0020B4130020E0D7000000D80000A2
:1012000070B50D4D297861B90120FFF78BFE0B4CAD
:101210000B4EB44206D3FFF793FF0028FBD1012306
:101220002B7070BD63685B791BB1236820469B6897
:1012300098471034EDE700BFF11E0020E0D7000012
:1012400000D8000000212DE9F0470846FFF76AFEAC
:10125000044658B340F267684FF000090CF05EF89E
:101260001B4B1C4A1B58136033B11B4B1B68092BCB
:1012700002DD1A4805F0E4FF194FDFF860A00025F1
:1012800044B12046FFF7E8FD044618B94FF0FF3897
:101290004FF0FF39FFF754FF064628B9B5B942466B
:1012A0004B46504606F000F83546E9E74FF0FF3868
:1012B0004FF0FF39D2E72B689B691BB10022114622
:1012C000284698471035BD42F5D3E8E7054DFAE7C3
:1012D00008000000AC130020B4130020380A0020DE
:1012E00000D80000E0D7000013B5184808F0EBFB69
:1012F000174B1B7873B1EFF31184202383F312880B
:10130000BFF36F8FFFF71CFF84F31188BFF36F8F5C
:1013100002B010BD0F4B1B68002BF9D050B9002252
:101320000023CDE900230C484FF40042002307F0CE
:1013300019F8EDE70928EBD107480BF0DEFE074866
:1013400002B0BDE8104005F07BBF00BFB413002021
:10135000F11E0020AC130020B00F0020380A00203E
:1013600010B5064B1B68044698472146A060044808
:1013700008F004F9BDE81040FFF7B6BF940500205F
:1013800044090020044A054B9B1AB1EBD30F34BF2C
:1013900052F831000020704758D70000E0D7000015
:1013A0002DE9F04F8FB004AFC1F34A28B8600D4665
:1013B00091467B600C0DB8F1000F63D0002607F159
:1013C00014034FF0040B4FF00A0AC7F80C80C7E96A
:1013D00007667E620193CDF808B0CDF800A007F152
:1013E0001C03F96832464846FFF722FAB0F5006F51
:1013F00003461CD36C468AB0D9F8041004AB2648C7
:10140000C3E9050140F2FF71D9611A464FF400713A
:101410001984224B42F8103F214833464FF41251B1
:10142000FFF7BEFFA5462C37BD46BDE8F08FC0F3E1
:101430000A0804F11700184420F0070080083B60F8
:10144000FFF762FE68F35325044690B13B68154AE6
:10145000C7E9083600F1100107F11403F961CDE97D
:1014600000A3CDF808B0F96807F11C034846FFF760
:10147000DFF968F353257B68B9682A46204608F0EF
:1014800062FBD0E704F1170020F007008008FFF7A7
:101490003BFE0446EDE700BF8CDC000004000001C9
:1014A00068D70000199B00002DE9F04F87B0DDE9F7
:1014B0001279DDE9105A0446039193469846BFB16C
:1014C000CDF800903B46524610210020CDF81490F4
:1014D000FEF7DCFFB0F5006F06460AD3184A19483C
:1014E00040F2FF73022107B0BDE8F04F08F084BB63
:1014F0003E4605F11700304420F0070004F00704D1
:101500008008FFF701FE0BF0070BE40044EA8B14A0
:1015100044EA462444EA0554054640B13FB1CDF8BB
:1015200000903B46524631461030FEF7AFFF03991C
:1015300043462246284607B0BDE8F04F08F003BBFB
:10154000CBDC000068D70000406820B1034BC01A14
:1015500040F3CF0070474FF0FF30704758D700007E
:101560000EB403B503AB014653F8042B04480193B2
:1015700001F0D0F902B05DF804EB03B0704700BF92
:101580005B9C0000CA0605D48B064CBF0249034988
:10159000FFF7E6BF704700BF04DD000003DD000079
:1015A0002DE9F04F89B09B46149B06939DF84CA003
:1015B000159B0593169B179E049304460D46904673
:1015C000BAF1000F00F09D8006F48073079308F0D5
:1015D00098FA06F00209024600283ED091492046BA
:1015E000FFF7BEFF0746B9F1000F08D016F0440F11
:1015F00035D18D492A462046FFF7B2FF074406F051
:10160000010353B1894B8A4953F82A20894B20465C
:10161000002A08BF1A46FFF7A3FF06F48073002BC9
:1016200049D006F00803002B63D1B8F1000F66D053
:10163000814942462046FFF793FF0546069B3D44FD
:10164000002B6DD1049B002B73D1F30700F1E480D4
:1016500031462046FFF796FFD8E00746C3E7774BB1
:1016600018680028CAD0764B4FF47A791B68B5FB0E
:10167000F3F54FF46163B5FBF0F100FB115509FB85
:1016800005F54FF03C0CB1FBF3F203FB1211B5FB77
:10169000F0FEB1FBFCF300FB1E550CFB131109FB24
:1016A00005F50091B5FBF0F56649CDE901E5204669
:1016B000FFF756FFA2E706F00803EBB1624B634960
:1016C00053F82A202046FFF74BFF0546B8F1000FDC
:1016D00005D0594942462046FFF742FF0544BBF179
:1016E000000FABD05A495A462046FFF739FF054450
:1016F000A4E74FF0000BE1E706F00805E6E74546F2
:101700009CE7BBF1010F069B06D1002B64D1049B23
:10171000002B7BD000250CE0002BF8D04D485CE07E
:101720004D48069B4D49224607F020FD049B002BA7
:1017300068D0DFF82C81DFF82C91049F3146102F00
:10174000204628BF1027FFF71DFF4FF0000B5D4517
:1017500045DC059B49461A782046FFF701FF4FF00C
:10176000010B1BF0070F03D141462046FFF7F8FE9F
:101770005F453BD9059B494613F80B202046FFF7F0
:10178000EFFE0BF1010BBBF1100FEAD136492046F9
:101790004FF0000BFFF7E4FE5A46059B9A5CA2F15E
:1017A00020015F2928BF2E2230492046FFF7D8FEAE
:1017B0000BF1010BBBF1100F1DD01BF0070F03D174
:1017C00041462046FFF7CCFE5F455A46E5D84146E4
:1017D0002046FFF7C5FEEBE71F485546A1E7414607
:1017E0002046FFF7BDFE0BF1010BB0E72049204674
:1017F000FFF7B6FEC5E7059B3B440593049BDB1B47
:1018000004939AD1BAF1000F7FF41FAF204609B0BC
:10181000BDE8F04F08F014BA064A05492046FFF724
:101820009FFE15E70BDD00000FDD00002CD8000047
:1018300065DB000006DD000034DD0000C013002081
:10184000BC13002018DD000040D8000038DD000087
:101850003EDD0000919C00005B9C0000152900000B
:101860004BDD000043DD00004DDD00004FDD0000DA
:1018700049DD000073B542F20F738B4228BF0B465F
:1018800005680F4A04460521684607F00DF86368AD
:101890000C495B6806460B22284608F0C3F96368CA
:1018A0003246694628465B6808F0BCF96368064919
:1018B0005B681B22284608F0B5F902B070BD00BF76
:1018C00075DF00006EDD000052DD0000074A0021D8
:1018D0000123904206D8064A01B901231360054B43
:1018E0001860704740085B000121F2E740420F009A
:1018F000BC130020C0130020014B01221A70704756
:10190000F21E0020014B002019607047D813002000
:101910000148FFF7AFBF00BF70D8000010B5064BFD
:1019200018680C46FFF74AFB21460346BDE8104005
:1019300002480F22184700BFD813002070D80000BB
:10194000F8B5094D094B0A4ED5E9004701221A7036
:101950000CB92C60F8BD214630463A4600F01EF81E
:10196000241A0644F4E700BFCC130020F31E002025
:10197000F41E002010B9074B18707047064B1B78F7
:101980001BB141F288300AF0A8BFA42000210BF05F
:10199000B7BA00BFF21E0020F31E00202DE9F04769
:1019A000DFF878901E4F80460E46042499F80050C8
:1019B000A5B90AF085FF324682464146284604F022
:1019C000D1FF054650460AF083FFE5B101233B7085
:1019D00099F8003073B93046BDE8F0873246414689
:1019E000002004F0BFFF0546EFE72046FFF7C2FFE7
:1019F000651E2C46002005F03FF80028EBD03B7810
:101A0000002BF2D1E7E73B78002BE4D0013C2046E5
:101A1000FFF7B0FF3B78002BC8D1DCE7F31E0020B6
:101A2000F21E0020F8B5074F0D4604464618B44292
:101A300001D12846F8BD14F8011BBB6801485B685A
:101A40009847F4E744D40000014B0360002070473E
:101A5000B4D8000007B51B491B4808F03EFB70BB1B
:101A60001A49194808F039FB48BB1949164808F0CB
:101A700034FB20BB1749144808F02FFBF8B9014686
:101A8000154A114808F021FEC8B9024613490E480C
:101A9000012308F0F5FE90B90123009301460223CB
:101AA0000948EF2208F024FA48B9074808F049FA33
:101AB00028B9054803B05DF804EB08F072BA03B02A
:101AC0005DF804FB14060020800A0020FC050020BD
:101AD000E4050020CC050020A0050020C4DD0000A6
:101AE00008B5044807F09AFB034807F097FB00206D
:101AF00008BD00BF14DE000049DE0000014806F00A
:101B00002BBD00BFB4D8000038B5044618B90F4B40
:101B10000F485B6898476168B1F5683F10D0B1F530
:101B2000680F0DD00B4DA9420AD011F468612068EE
:101B300007D0014608480AF08DFF00232360656046
:101B400038BD14220BF076FBF9E700BF74080020C3
:101B500077DE00002C5F5CA90019002008B520B3D7
:101B60004368B3F5683F10D101220368BFF35B8F70
:101B700053E8001F002903D143E800200028F7D1D3
:101B8000BFF35B8F0DD1002008BD094A93420AD0F4
:101B900000684FF0FF324FF0FF3305F057FA00288E
:101BA000F1D00448F0E70448EEE76FF4E040EBE7DB
:101BB0002C5F5CA9E98FFFFFEA8FFFFF08B5D8B162
:101BC0004368B3F5683F10D100220368BFF35B8F11
:101BD00053E8001F012903D143E800200028F7D172
:101BE000BFF35B8F0BD1002008BD074A934208D09A
:101BF000006805F0A3FAF6E76FF4E040F4E7034865
:101C0000F2E70348F0E700BF2C5F5CA9E98FFFFF14
:101C1000EA8FFFFF10B5044618B91D4B1D485B68DD
:101C200098476368B3F5683F2FD0B3F5680F2CD0A1
:101C3000194A934219D1236803BB18484FF0FF3269
:101C40004FF0FF33214605F005F908B923681BB9A9
:101C50000F4B13485B6898472068142200210BF053
:101C6000E9FA4FF46863636008E0B3F5683F0DD8A4
:101C70003A2B03D040F6BA629342DED120680AF0D4
:101C800048FF636843F03A03636010BD054AF3E719
:101C90007408002077DE00002C5F5CA9001900208A
:101CA0009DDE00003A00003A08B506490648402388
:101CB00014220AF0C1FEBDE808400449044806F0B9
:101CC000BDBC00BF0014002000190020BCD80000DB
:101CD000D0D8000008B50348034A0021121A08F0C2
:101CE00054F808BD180B0020381F00200748084A88
:101CF000084908B5121A08F04AF80748074A08497F
:101D0000BDE80840121A08F042B800BFC004002025
:101D1000140B0020C8E70000B8040020C004002015
:101D2000C0E700002DE9F047064600AF0C46002949
:101D300036D0E9468AB0D1E90012A3686D46214841
:101D4000A8464FF0050AC5E90501C5E9072348F88B
:101D500010AF1D48424600234FF42151FFF720FBEE
:101D6000CD46D4E903126369AD461848C5F810A002
:101D7000C5E90501C5E907231348002342464FF48E
:101D80002151FFF70DFBCD46E369114A0E480121B1
:101D900007F032FFA3690F4A0B48012107F02CFF1F
:101DA000012E07D1EFF305830B4A0748103B31465C
:101DB00007F022FF2146304604F08EFEBD46BDE806
:101DC000F08700BFCADE0000A0D70000F9DE0000E7
:101DD00028DF000037DF000065DF000030BFFFF7BD
:101DE000FDBF00BF2DE9F0410B4EDFF8308006EB60
:101DF0000807CC1B05463246094920460BF00CFA71
:101E0000A01942460021083C0BF014FAC5F88040A6
:101E100007F10800BDE8F0810000000008000000A4
:101E200000D80000054B5A699B689A421FBF044ABC
:101E3000536843F080535360704700BFE41C002098
:101E400000ED00E070B5294C06460D4628482949AA
:101E500007F0AAFFA36AD9043CD52548264907F014
:101E6000A3FF1720A36A1A0504D52148234907F0C8
:101E70009BFF18201D4CA36A9B0512D51C482049C6
:101E800007F092FFA36BA26A100409D51D4A1848F7
:101E9000012107F0B1FE1EB1A36A23F40043A3623F
:101EA0001920124CA36A590504D51148164907F0A8
:101EB0007BFF1A20A36ADA050ED50D48134907F0F7
:101EC00073FF1B20094A936A43F47F439362002304
:101ED0002B7070BD1620C5E7A36A9B04F2D5044899
:101EE0000B4907F061FF1C20ECE700BF00ED00E0AC
:101EF000A0D7000078DF00008EDF00009FDF000029
:101F0000B2DF0000CBDF0000E0DF0000FBDF0000FD
:101F100013E0000010B5204C2049214807F044FF91
:101F2000A36A990136D51E481E4907F03DFF1E20C1
:101F3000A36ADA0104D51A481B4907F035FF1F20B0
:101F4000154CA36A1B0304D51548184907F02CFF4C
:101F50002120A36A590304D51148154907F024FF2D
:101F600022200D4CA36A9A0304D50D48114907F0AD
:101F70001BFF2320A36ADB0304D509480E4907F0A1
:101F800013FF2420044A936A6FEA03436FEA134362
:101F9000936210BD1D20CBE700ED00E042E00000A1
:101FA000A0D700005AE000006DE0000087E00000CC
:101FB000A5E00000CAE00000E4E000002DE9F843DD
:101FC000364D8046894636483649174607F0ECFEBE
:101FD000AB6ADE0627D53449314807F0E5FE112407
:101FE000AB6A1D0704D531492D4807F0DDFE1224E8
:101FF0002A4DAB6A980718D52D49294807F0D4FE19
:102000006E6BAB6A190646D52A4A2548334601212C
:1020100007F0F2FDB9F1000F03D0AB6A23F08003A3
:10202000AB62132403E01024DAE76FF015061B4DB2
:10203000AB6ADA0704D52049194807F0B5FE142425
:10204000AB6A9B0604D51D49154807F0ADFE152463
:10205000124B9A6AD50602D49A6A90070AD55B6831
:10206000190507D54146304600F078FA10B180F3E3
:1020700009880224094B9A6A920642BF5A6A22F4DE
:1020800000525A629A6A42F0FF029A6200233B7041
:102090002046BDE8F8836FF01506C2E700ED00E0CA
:1020A000A0D700000FE1000025E100009FDF000045
:1020B00058E1000070E1000086E1000013E000003C
:1020C0002DE9F041664B8AB0D3F8048000AF044696
:1020D000C8F30805002686F31188BFF36F8F02F05E
:1020E0007F43B3F17F4F07D102F00C03082B12D1CD
:1020F0005C495D4807F058FE002634460023FB711A
:10210000EB1E092B00F28A80DFE803F00A80837C53
:1021100088888888888610074CBF0C460126EDE722
:10212000524951484E4D07F03FFE0023FB71EB6AC8
:102130009A0705D54E494C4807F036FE002332E099
:10214000EB6A002B01DA4B49F5E7EB6A5B00F5D54A
:102150004949454807F028FE6B69A26943F480733A
:102160006B61BFF34F8FBFF36F8F6B6932F8022C37
:1021700023F480736B61BFF34F8FBFF36F8F4DF606
:1021800002739A4208D0AB6ADBB273B3FA1D012125
:102190002046FFF713FF37E02368384A3248012111
:1021A00007F02AFD2368FA79DAB907F1080504F186
:1021B000200C206861682A4603C20834644515462D
:1021C000F7D17A6A002E45D0C2F3080121B96FEA2F
:1021D00052226FEA42227A6207F108011846FFF79D
:1021E000A1FD2837BD46BDE8F081AB6A13F47F4FEF
:1021F00004D0F91D0120FFF725FE05E0AB6AB3F519
:10220000803F9BD3FFF786FE0346CCE7FA1D0021F3
:10221000BEE7F91D0020EEE719498CE7194A1A4B71
:1022200018F4F87FE8468AB018BF13466A46174983
:10223000C2E905134FF400731384103D144BD561AC
:1022400042F8103F084800234FF41151FFF7A8F857
:10225000C54673E722F4FF7222F00102BBE700BF1C
:1022600000ED00E0D3E10000A0D70000FEE1000097
:1022700015E2000036E2000044E2000063E20000E4
:102280007FE20000BAE10000A5E10000A3E2000047
:1022900004000001044B5A6942F010025A615A6965
:1022A00022F008025A61704700ED00E0EFF3088069
:1022B000EFF3098101B57246FFF702FF01BD00BFD0
:1022C000002080F31488BFF36F8F0F4880F30888D5
:1022D00003F0AEFE00200D490860BFF34F8F00F001
:1022E0002BF8202080F3118809484FF4046140182E
:1022F00080F30988EFF314800221084380F31488E7
:10230000BFF36F8F00F0FAF8C036002094ED00E0C4
:10231000002900200749D1F890200023C2F30722AA
:102320001846934200DB7047C1F89830C1F8A0000E
:102330000133F6E700ED00E008B572B6002383F341
:102340001388FFF7E7FF144B4FF0FF32C3F88020EC
:10235000C3F88420C3F88820C3F88C20C3F89020E9
:10236000C3F89420C3F89820C3F89C20C3F88021B8
:10237000C3F88421C3F88821C3F88C21C3F89021C5
:10238000C3F89421C3F89821C3F89C2162B6BFF327
:102390004F8FBFF36F8F08BD00E100E0084B9B68D3
:1023A00083420BD1EFF3058343B1064B5A6842F0E9
:1023B00080525A605A6A22F400425A6205F0E6BC22
:1023C000E41C002000ED00E015498A684FF0300061
:1023D0001044EFF3098C80E8F01F202080F312886E
:1023E000BFF36F8F0F4F4FF000664A698A603E60FF
:1023F000D2F880000C4C2060D2F884000023C2F890
:10240000843080F3118804B5104600F00DF9BDE862
:10241000044002F1300090E8F01F8CF30988704707
:10242000E41C002004ED00E01C1900201EF0040F45
:102430000CBFEFF30880EFF30980816911F8021CEB
:102440000229FFD001B5724607F0A3FC01BD00BF11
:1024500040B2002807DB044A4109012300F01F00B5
:10246000834042F82130704700E100E040B200288C
:102470000CDB4309064900F01F0020330122824093
:1024800041F82320BFF34F8FBFF36F8F704700BF1A
:1024900000E100E0054B420900F01F0053F8222044
:1024A000012303FA00F01040704700BF00E100E094
:1024B00040B20028A8BF00F1604001F10101B8BF9F
:1024C000064B4FEA4111ACBF00F5614000F00F0030
:1024D000C9B2B4BF195480F80013704714ED00E07E
:1024E000044B054A23F07F039360BFF34F8FBFF384
:1024F0006F8F70470000000000ED00E008B5FFF7A7
:10250000EFFF074AD2F8883023F47003C2F888300E
:10251000FFF7E0FBFFF7EAFB00F05CF804F000FCDB
:1025200000ED00E042F8203C009B42F81C3C0A49C8
:10253000019B42F8183C029B42F8143C21F0010137
:102540004FF0807342F8043C42F8081C0023203A04
:102550000265C0F884307047090C0000094A034640
:10256000906870B113F1160F006F05D0A0F1400212
:102570009A4205D8834203D2814228BF0020704787
:1025800000207047E41C002008B515460C4A0D4B8E
:102590009060D0F880201A600E4600F045F82C4676
:1025A00086F309880020044B98472046002100222A
:1025B0000023024C20470000BF9D0000090C0000D2
:1025C000E41C00201C190020014B10221A617047E6
:1025D00000ED00E0044800232021C2180133302B15
:1025E00082F80013F9D1704700E100E008B5EFF37D
:1025F0000583064A103B02EBC30152F833004968D9
:102600008847BDE80840FFF70DBC00BFD0D40000EC
:10261000024B034A0348012100F08AB8000004205D
:1026200000000020E0D80000026F054B403A1A601D
:10263000044A4021C3E901121846012100F082B882
:102640002019002000000B1508B503461048D0F8EB
:102650009020C2F30722013A934207D90D480E4A4F
:10266000012107F0C9FA6FF0150008BDC0F89830D5
:102670000A6822F01F021A4342F01002C0F89C20A0
:102680008A6842F00102C0F8A0201846EDE700BFBA
:1026900000ED00E080D70000BAE20000F0B50E4681
:1026A00085B01F4604460025B5420DDA606810B3B8
:1026B00097B1431E18420AD0104A11482B460121F7
:1026C00007F09AFA6FF01502104605B0F0BD1F280A
:1026D000F2D921680B42EFD12368019307F092FBF6
:1026E000A36801A90343D0B20393FFF7ADFF10F134
:1026F000160FE7D0421C01350C34D5E7E0E20000AC
:1027000080D70000044B0522C3F89420BFF34F8FFD
:10271000BFF36F8F704700BF00ED00E0BFF35F8F26
:10272000024B0022C3F89420704700BF00ED00E088
:1027300010B5034C01232278FFF7B0FF207010BDC5
:10274000051F002008B50B4A00231278FFF7A6FFEB
:1027500010F1160F07D0084A0021D2F89030C3F3C9
:102760000723984200DB08BDC2F89800C2F8A01009
:102770000130F2E7051F002000ED00E02DE9F043F5
:102780005E485F49D0F890300D68C3F307239D423F
:1027900085B000F2B080FFF7C1FF49680022954282
:1027A00001F10C011BD1574C574F25706846FFF7BC
:1027B0004BF9DFF85881DFF8589106460025AE4204
:1027C00020D123784D490020D1F89020C2F3072270
:1027D0009342C0F28A80FFF795FF00204FE0C0F8D7
:1027E000982051F80C3C23F01F03134343F01003CF
:1027F000C0F89C3051F8043C43F00103C0F8A0300D
:102800000132CCE7009800EB05114FEA051CCB68BC
:102810003B40B3F5000F49D00AD8B3F5001F31D0C3
:10282000B3F5800F37D0B3F5801F13D00135C6E75D
:10283000B3F1007F43D0B3F1805F49D0B3F1807F23
:10284000F4D150F80C3088684A6807F0DBFA40F0A1
:10285000887009E050F80C3088684A6807F0D2FAAE
:1028600040F0885040F43020039001A92078CDE951
:102870000123FFF7E9FE002833DA6FF0150005B0F9
:10288000BDE8F08350F80C3088684A6807F0BAFA5F
:1028900040EA0900E8E750F80C3088684A6807F019
:1028A000B1FA40F0C06040F40030DDE750F80C3081
:1028B00088684A6807F0A6FA40F08270D4E750F8BA
:1028C0000C3088684A6807F09DFA40F48020CBE716
:1028D00050F80C3088684A6807F094FA40EA08001B
:1028E000C2E7237801332370A0E7C1F89830C1F81C
:1028F000A000013368E74FF0FF30C0E700ED00E0D3
:10290000ECD80000051F00200000F0FF00000211BD
:1029100000000811F0B587B007460E4614460021A6
:10292000102268461D460AF085FC02238DF802300D
:102930002A46054B019321466846CDE9047605F009
:10294000DFFF07B0F0BD00BF259E000008B5024BB9
:102950001B689847002008BD2C190020034B044A2F
:102960001860937843F00203937070472C1900208D
:102970004C06002008B50649064821F00701C1F1C0
:10298000005202F5802206F0B4FB002008BD00BF13
:102990007F4A00203019002070B54169857A0C4EBD
:1029A000044659B1437ADB0706D4242303FB0563AD
:1029B000DB691B689B6898470023636105EBC505CD
:1029C000214606EB8500BDE870400AF03DB900BF26
:1029D0005C0A0020024B242202FB0030704700BF3B
:1029E0005C0A00202DE9F04385B005466846039156
:1029F00090461C460AF02FFBDDE90067EFF31189D2
:102A0000202383F31288BFF36F8F6B8A002B41D092
:102A10002A8A9A4225D900220023284604F0DEFBA8
:102A20000446F0B189F31188BFF36F8F039B002B2D
:102A300041D032463B4668460AF032FBA27A264B2A
:102A4000242101FB02332046DB691B6803A91D68B2
:102A5000DDE90023A847606170BB2046FFF79CFFBB
:102A600024E0698A4B1E6B8289F31188BFF36F8F54
:102A70002B7D2A8A2C6A1B3323F00303521A02FB94
:102A80000344154B154AEB1A9B105343A3722B7D3D
:102A9000E372CBE789F31188BFF36F8F2346424679
:102AA000284604F09BFB04460028BFD100242046A2
:102AB00005B0BDE8F0836361012300252381039BFA
:102AC0006382E27A6560294604F118000AF0B2FBDD
:102AD00063692582E360EAE75C0A0020398EE33807
:102AE00070B50D4C242500B970BD037A4668002BE3
:102AF000FAD0013BDBB20372002BF5D1C360436017
:102B0000837A05FB03439B6913B198473046EAE794
:102B1000FFF742FFFAE700BF5C0A00200E4A0123DC
:102B2000C2F840354FF080424FF08051C2F87835FE
:102B3000D1F83001082808D1D1F83411052904D87A
:102B40000648415C09B1C2F838364FF08043012293
:102B5000C3F880250020704700E0014029E3000011
:102B600048B1054B054A1B68B3FBF2F35843044BCD
:102B700043F00103184770476008002040420F00EF
:102B800000D8000008B50448044A3F23C0E90023E8
:102B900003F02CFB002008BD3C190020FFFF0F00B4
:102BA0002DE9F04190F8283003F01F03012B044673
:102BB0000F4600F128061BD0022B05D043BB90F82E
:102BC000291007F046FE03E0818DC9B207F01EFE12
:102BD0000546E8B1304607F008FB0246686883689E
:102BE000A2B99B684BB13A463146BDE8F04118475F
:102BF000818DC9B207F0F1FDEAE76FF085030AF0B5
:102C00008DFB0F4A13500020BDE8F081DB68E9E737
:102C100094F82910204607F007FA02460028ECD065
:102C2000304607F0E2FA40B91369002BE5D03A4686
:102C30003146204698470346E1E7D368F5E700BFF1
:102C40000C0000002DE9F04F0446087E30F08008AB
:102C500093B00D46174640F09B8492B10846FFF7AB
:102C60003FFF6B7ED80706D4990740F1AA802B7EE0
:102C7000002B40F0A680204613B0BDE8F04F07F0CF
:102C8000E0BA4B7E9A0705D5802803D12846FFF786
:102C900027FF96E09E0704F1280900F062840028CF
:102CA00040F03484D9072FD52B8A082B01D0284631
:102CB0000AE0EA681368A3625368C9F80430294639
:102CC00007F0C4F8054610B1FFF70AFF6FE2484667
:102CD00007F08BFAE28D70B9B2B12946A06908F00D
:102CE0005EFD0146002800F04384204613B0BDE895
:102CF000F04F07F035BF3AB11146204607F02BFFE1
:102D00000546002800F034840AF008FB94F82820D7
:102D1000B94E002312F0600F8351C2F3411307D064
:102D2000032B40F0B5810AF0F9FA6FF085033CE01F
:102D3000484607F05AFA94F82930002840F04081BC
:102D4000013B0A2BEFD801A151F823F0A72E000078
:102D5000272D0000292F0000272D0000792D0000CD
:102D6000272D0000272D0000272D0000F92D000041
:102D7000272D00005B2E0000A069618D03697F296B
:102D8000D3F88030CFD8A28D002ACCD1E28D002A92
:102D9000C9D194F82820D206C5D194F83020022A4F
:102DA00005D10AF0BBFA4FF0FF33335018E01B0790
:102DB0000BD5C9B207F07BFA804648B1002D7FF4ED
:102DC00065AF404613B0BDE8F08F012384F8393079
:102DD00094F83030012B0DD1638D5BB984F830301D
:102DE0000AF09CFA3358002B00F0DE83002D40F0EF
:102DF000D581DCE10123F1E7204607F074F8628D0C
:102E0000FF2A01468FD8E38D002B8CD194F828300F
:102E1000D80688D194F83030002BC2D02AB1D2B273
:102E2000204607F0FFFB0028BBD0618D94F83830B6
:102E30008B42D5D0C9B2204607F0FBFB8046002864
:102E4000BCD1628D002A14BF0223012384F83030E4
:102E50000521204607F010FFC2E794F8283003F060
:102E60001F03012B7FF45FAFE38D002B7FF45BAF7B
:102E7000628DFF2A3FF657AFA18DFF293FF653AF72
:102E800094F83030022B8CD1D2B2C9B2204607F070
:102E9000E5FD10F1020F804640F0FF800AF03EFA97
:102EA00046F800809CE7E38DA18D002B7FF43BAFBB
:102EB00094F83030002B3FF474AF012B0FD1002970
:102EC0007FF46FAF12F01F020CD1638D012B87D1FD
:102ED00094F86C306FF3C30384F86C3080E712F021
:102EE0001F0217D0022A7FF47BAFB4F82AA0BAF1F0
:102EF000000F7FF475AF5FFA81F84146204607F076
:102F0000A1FE03460AF00AFA3350013306D14FF00E
:102F1000FF3853E700297FF444AFD6E752464146D5
:102F2000204607F068F95BE7E38DA18D002B7FF465
:102F3000FAAE638D022B5FFA81F813D194F8283032
:102F400003F01F0358EA03037FF4EDAEA0690122EA
:102F5000090A07F089F900287FF4E5AE012384F817
:102F600039303DE794F8300000283FF41AAF0128CB
:102F70000DD100297FF415AF12F01F020AD1012BE9
:102F80007FF42EAF94F86C3043F00803A4E712F0FE
:102F90001F0211D0022A7FF423AF002B7FF420AF51
:102FA0004146204607F039FE03460AF0B7F9335090
:102FB0000133ACD00122B2E700297FF4F2AEDEE7A4
:102FC0000A2B3FF6B0AE01A151F823F0FD2F00000F
:102FD000272D0000272D0000272D0000272D0000A1
:102FE000272D00007D300000272D000063340000F5
:102FF000272D0000913400000C000000E38DA18D0E
:10300000022B7FF490AE94F83030002B3FF4C9AE21
:10301000012B10D100297FF4C4AE12F01F020DD194
:1030200094F86C304FEA930808F00208C3F30013D9
:1030300048EA030806E012F01F0210D0022A12D05C
:103040004FF0000805F10C0A504606F03BFFE38DF7
:1030500098420ED20AF062F96FF00B03A5E6002940
:103060007FF49FAEDCE7C9B2204607F0FAFD804648
:10307000E8E74146504606F00CFFB1E694F82820F8
:10308000B4F82A80D1064FEA18235FFA88F809D0ED
:1030900029462046FFF784FD8046B8F1000F7FF4F3
:1030A0008DAE9DE6013B0E2B3FF63DAE01A252F8E0
:1030B00023F000BFF13000003B310000233200005C
:1030C000272D0000272D00001B3200001B320000BE
:1030D000272D0000272D0000272D0000272D0000A0
:1030E000272D0000272D0000272D00006D33000044
:1030F00005F10C0A5046B4F82E8006F0E3FE804538
:103100000AD2B4F82E80204606F0EDFE48B1012820
:103110007FF409AE616F05E0504606F0D3FE8046AD
:10312000F1E7216F002900F0D0810A78424528BFDD
:103130004246504606F09CFE52E6204606F0D3FE7C
:1031400008F1010201900146D2B2204607F044FA8C
:10315000824600283FF4E7AD05F10C08D0F804B032
:10316000404606F0AFFE9BF80020904203D2404656
:1031700006F0A8FE02465946404606F079FEDAF807
:103180000CA0BAF1000F1CD1298AE38D99423FD8D7
:103190000AF0C4F83358002B00F006822846FFF7E7
:1031A0009FFC0AF0BBF83358002B00F0FD81484625
:1031B00007F01BF80346A069002B00F0DC8180219A
:1031C000E2E1DAF8040083681B6B13B9DAF800A0B7
:1031D000D7E7019998470028F8D0A0F1040B5BF8D5
:1031E000043F002BF2D01B78002BEFD0404606F0B6
:1031F00069FEDBF800301A78904203D2404606F0B0
:1032000061FE82B2DBF80010404606F031FEE6E7D0
:10321000C91A404606F047FEBAE7204606F063FEAC
:1032200081E542460321204606F03DFF8246002804
:103230003FF479AD06F0D4FFB4F82EB0E0B9BAF897
:103240001430ADF82830DAF8103005F10C081B887E
:10325000ADF82A30404606F035FE834508D2E08DB1
:103260009DF82820824228BF02460AA9404661E70D
:10327000404606F027FEF3E79AF81530DAF8082002
:103280008DF81530C44B1340C44A4FF000089342E8
:103290008DF8148058D1102106A808F06FFC031E89
:1032A000FFF641AD0AA9102BDFF8F4E206A88C4620
:1032B00028BF1023434501F1020134D89B0002339B
:1032C0008DF81430CDF804C005F10C0A504606F014
:1032D000F9FD9DF81480D84528BFD846404503D253
:1032E000504606F0EFFD8046B8F1020FC34628BFF6
:1032F0004FF0020B5A4605A9504606F0B9FDA8EB5F
:103300000B08DDF804B04FEA58030BEB58025A459E
:1033100022D118F0010F3FF463AD019AD15C504601
:1033200006F0AFFD5CE510F8012B4FEA121A02F02F
:103330000F021EF80AA01EF8022001F802AC01F8E4
:10334000012C08F10108B5E79AF814308DF8143013
:10335000DAF810300193B7E71BF8011B5046CDE9AE
:10336000022306F096FDDDE90223D0E7204606F0B1
:10337000BAFD20B101287FF4D6AC636F00E0236F63
:10338000002B00F0A2805B88B3F5007F7FF6CBAC0A
:10339000844B0A9300238DF82C30E36C04F14C0825
:1033A00098455BD105F10C0B584606F08BFDBDF836
:1033B0002AA0E38D9A4528BF9A46504503D2584625
:1033C00006F080FD82469DF82820524528BF5246CF
:1033D0000AA9584606F04CFDBAF1050F94BFAAEBB6
:1033E0000A0AAAF1050ABAF1000F3FF4F9ACE36C3E
:1033F00043453FF4F5AC002B3FF4F2AC5A7D0F2A65
:1034000014D11A7D19690193524528BF5246584676
:1034100006F02EFD019B1A7D524594BFAAEB020ACD
:10342000AAEB0A0ABAF1000F3FF4DAAC226D9A4215
:103430003FF4D6AC1B68DEE75A7D0F2A0AD11A7D0D
:10344000BDF82A100A44ADF82A209DF82C2001323C
:103450008DF82C20226D9A42A4D01B68002BEBD152
:10346000A0E794F8303094F838A0002B3FF499ACE2
:10347000E38D012B7FF457AC05F10C08404606F0B4
:1034800021FDE38D9842FFF4E5AD5146404647E704
:1034900094F8283003F01F03012B7FF482AC204600
:1034A00007F0AEF800283FF47CACA38D4268FF2BF8
:1034B0003FF639AC12799A42FFF435AC0F2B3FF648
:1034C00032AC234493F83AA0D2E76FF0150875E4C4
:1034D0002946204607F044FB00287FF4E8ABA069AA
:1034E0000369D3F8801011F004017FF4C4AB08F035
:1034F0006AF9054600283FF45AAE0146204607F017
:103500002FFB00283FF4B7ABFFF7D1BB5A077FF57D
:103510004EAE80287FF44BAE2846FFF7E1FA94F8D0
:103520003930002B3FF44DAC94F82930052B05D1F0
:10353000618DA069C9B206F0BAFE074694F8293039
:10354000032B09D1638D022B06D1A18DA069002226
:10355000090A06F089FE0746002384F83930B84688
:103560002FE45B077FF523AE0028D2D1FFF78EBB97
:103570006FF00B071BE6E38D002B3FF420AE17F135
:103580000C0118BF0121C90108F043F8FFF773BB14
:103590006FF0040815E400BF00FF02000003020002
:1035A00033E30000050F0500E38D3BB1484606F00C
:1035B0001CFE00288CD12846FFF792FA204606F020
:1035C0002AFE00287FF4F3ADFFF755BB0B78062BDE
:1035D00010B414D10369D3F89C20EFF31184202395
:1035E00083F31288BFF36F8F4B6800201860506A16
:1035F00058B9C2E9083384F31188BFF36F8F0448C8
:1036000010BC0022002309F075BA03605362F2E790
:10361000000A00202DE9F043614F85B020264FF0CD
:10362000FF334FF0FF3201A9384603F0ABFC039B98
:103630001B69D3F89C40236A5BB1EFF3118386F3D7
:103640001288BFF36F8F216AE1B983F31188BFF34A
:103650006F8F9DF80430062BE1D0072BDFD801A235
:1036600052F823F0CB360000BF360000EB360000E6
:10367000D13600000F370000053700001F3600006C
:103680009B370000606A0A682262814208BF62625A
:1036900083F31188BFF36F8F0B7ED1F81E205D0678
:1036A000204609D1FFF7CEFA02460028C3D00721F1
:1036B000204607F0E1FABEE707F09FF8F4E70022A2
:1036C0000121204607F0D8FAA9E700221146F8E7C1
:1036D00094F86C3043F0040301A984F86C30204660
:1036E00006F00DFE00220321EBE794F86C306FF337
:1036F000820301A984F86C30204606F000FE002207
:103700000221DEE701A9204606F0F9FD87E794F8DB
:103710006C30D4F818806FF3820384F86C30D8F8DA
:103720001030D8F80890BFF35B8FD3F8A030BFF308
:103730005B8F9A0727D5D9F83C3040469847D9F88F
:103740002430002140469847D9F84030054640468D
:103750009847D5B92946204606F06BFF0546A0B923
:10376000A06908F04FF8831E5842584194F86C3015
:1037700084F8305023F0680343EA401384F86C3037
:103780002A4604219DE74FF0FF3500220421204600
:1037900007F072FA2A46072193E7029A062190E77A
:1037A000000A002030B589B000220023CDE90623AD
:1037B00000246FF00703CDE90334CDE901441A4B2F
:1037C0001A4900944FF48062194804F027F8194907
:1037D000174809F0DDFA184B18498B4207D3184BEC
:1037E000184900208B4210D3002009B030BD03F1EE
:1037F0001402BFF35B8F52E8000F42E80045002D32
:10380000F9D1BFF35B8F1833E7E703F11402BFF37D
:103810005B8F52E8004F42E80005002DF9D1BFF35D
:103820005B8F1833DEE700BF1536000080220020D2
:10383000E80F002044E30000FC0A0020140B0020E5
:10384000140B0020140B002038B502460949054628
:10385000806908F03DF8044648B985F838002846E4
:1038600006F0BEFD044610B1A86908F064F82046D1
:1038700038BD00BFCD35000070B5084C084E054678
:10388000B44202D30024204670BD636828461968FC
:10389000FCF750FC0028F6D01834F1E7FC0A0020B1
:1038A000140B002070B50646EFF31181202282F33D
:1038B0001288BFF36F8F1D4C236881F31188BFF30B
:1038C0006F8F5B6893F86C30DB0705D4BDE8704000
:1038D0002122002303F0EEBEEFF3118382F312885E
:1038E000BFF36F8F256865B983F31188BFF36F8FBE
:1038F0002368D3B130460022BDE87040002303F0B6
:10390000A5BE61682A6822608D4208BF626083F3A9
:103910001188BFF36F8F686805F10801C369984784
:103920000348294609F096F8E2E770BD44190020E3
:103930008009002030B585B06C4684E80600054655
:1039400000221548002303A903F084FA0246E8B9CF
:10395000039B94E803005D60083383E80300EFF302
:103960001180202383F31288BFF36F8F039B1A60AB
:103970000A4A516861B9C2E9003380F31188BFF384
:103980006F8F07480022002303F060FE05B030BDB2
:103990000B605360F1E700BF80090020441900204C
:1039A000C004002038B54B78046945682069202B95
:1039B00008D0222B19D009F0B1FC114B6FF0850211
:1039C0001A5010E0CB88072BF5D1D3681A684260F3
:1039D0009A8802819B79837207F06FF92246082149
:1039E000284607F057F9002038BD4B888381C3F380
:1039F000400203F001030276437622460921EFE7F5
:103A00000C00000008B51346026910694A78212AA3
:103A100013D133B909F082FC0B4B6FF00B021A5033
:103A200009E0CA88072A00F1040128BF072203F130
:103A30000C0006F01DFA002008BD09F06FFC024BD7
:103A40006FF08502EBE700BF0C00000073B504695E
:103A50008DF807102025EFF3118685F31288BFF348
:103A60006F8F0122E06B0DF1070105F0D5FF86F3A2
:103A70001188BFF36F8F012812D009F083F908B9BC
:103A8000A37EABB90D4BBFF35B8F012253E8001F40
:103A9000002903D143E800200028F7D1BFF35B8F52
:103AA0002122002304F1480003F0D0FD02B070BDD4
:103AB0000021212009F024FACDE700BF4C19002095
:103AC00038B505690E49EB6B0024C3E90144DC609D
:103AD0006B6B05F14800C3E90144DC6009F039F97A
:103AE00005F17800074909F008F9074905F12400B4
:103AF00009F003F9284607F0E0F8204638BD00BF7A
:103B00008FAE000037B00000C3B00000F8B5036905
:103B1000BFF35B8F03F1A005D3F8A030BFF35B8F39
:103B2000C3F38003994200AF0C4617D1174A184BD4
:103B30006E4688B0002908BF13466A461549C2E997
:103B400005134FF400739383134B42F8103F13484F
:103B500000234FF4E451FDF723FCB546BFF35B8F20
:103B60005CB155E8003F43F0040345E80032002A09
:103B7000F7D1BFF35B8FBD46F8BD55E8003F23F09A
:103B8000040345E80032002AF3D0F6E75CE30000C6
:103B900099E4000063E3000003000001D0D70000B7
:103BA0002DE9F0470546D0F808A0894690461F4603
:103BB00007F0DFFB0446C0B1067DF30709D5037E9D
:103BC0001648174A012106F017F86FF07700BDE894
:103BD000F0873B464246494607F085FB40B9237EC5
:103BE000104A0E48012106F007F86FF01200EEE7C8
:103BF0009DF8203084F8198026F006066783237725
:103C00002675DAF81830214628469847227DB0FA02
:103C100080F35B0963F300022275D8E7D0D7000078
:103C200075E300008FE3000070B50546866807F075
:103C3000A0FB0446D0B1037DDB0708D4037E0D480A
:103C40000D4A012105F0D8FF6FF0770070BD0146E5
:103C5000F3692846984738B1237D03F00103227D9C
:103C600063F300022275F1E70346F8E76FF01200F4
:103C7000ECE700BFD0D70000B1E30000F8B58768DB
:103C80000546FB6B0C469847286907F060FBD0B1EE
:103C90002146284607F06DFB0646B8B1037D9B0719
:103CA00005D0037E0B4A0C48032105F0A5FF3468BC
:103CB00024B1BB68314628469847044628463B6CE9
:103CC00098472046F8BD4FF0FF34F7E76FF0120435
:103CD000F4E700BFCCE30000D0D700002DE9F341AA
:103CE000D0F808801746D8F83C3005460E4698476D
:103CF0000C48002200233946FEF774FE044670B9D2
:103D0000094A0A4800963B46012105F07FFF2846F4
:103D1000D8F840309847204602B0BDE8F0810676DA
:103D2000F5E700BF5C0A0020EDE30000D0D70000FB
:103D30004FF08053D3F83021082A06D1D3F834311C
:103D4000052B04D8034AD05C70470020704701203F
:103D5000704700BF88E5000010F0080F0B4B42B21F
:103D60000CD100F00F00002A4FF0140202FB0033C8
:103D7000B4BFD3F80806D3F808077047002AB4BFC9
:103D8000D3F8A806D3F8A807704700BF0070024018
:103D9000F8B50246EFF31185202383F31288BFF3B1
:103DA0006F8F00F0080707F0F1FD0126864012F042
:103DB0007F0F1E4B6FEA060432D057B11A682240BB
:103DC0001A601B4BC3F86C6485F31188BFF36F8FC7
:103DD000F8BD184F396821FA00F0C0070AD41968F5
:103DE0002140196014490B68120654BF2340334325
:103DF0000B60E6E72140396051B2C94322F08000F0
:103E0000C90F00F2DA30090101EB40010848C0F89F
:103E10000018D0F8041841F00201C0F80418DEE7D9
:103E2000196821401960002FCBD1DBE7AC190020C5
:103E300000700240A8190020B0190020EFF3118093
:103E4000202383F31288BFF36F8F0A4BD3F8001C33
:103E5000032261B949F27531C3F8001CC3F8142D6F
:103E6000C3F8001C80F31188BFF36F8F7047C3F84D
:103E7000142DF7E700E00640EFF31180202383F3D1
:103E80001288BFF36F8F0A4BD3F8001C61B949F257
:103E90007532C3F8002CC3F8141DC3F8002C80F34E
:103EA0001188BFF36F8F70470022C3F8142DF6E717
:103EB00000E0064070B5024607F068FDEFF311859B
:103EC000202383F31288BFF36F8F531E0124062B28
:103ED00004FA00F40FD80E4E0E4B31681B680B43EA
:103EE000C34013F0010306D10B4802F5947221433D
:103EF00040F822303160094A136823431360084BAD
:103F00008022C3F8042185F31188BFF36F8F70BD41
:103F1000A8190020B019002000700240AC19002040
:103F200000E100E0F8B50306044623D410F00807CA
:103F300020D100F00F02920002F1804202F51C3203
:103F4000D2F84434B3B1EFF31186202383F31288FF
:103F5000BFF36F8F07F01AFD084DC2F8A07401235C
:103F600003FA00F12B6823EA01032B6086F3118822
:103F7000BFF36F8F024BC3F81845F8BDB01900208E
:103F80000070024008B50B7E012203F00F0013F011
:103F9000800F02FA00F2124B12D0D3F81005104233
:103FA00018D00B7E1A0709D40D4AC2F80C3543F419
:103FB0008073C2F80C35087EFFF7B4FF002008BDFF
:103FC000D3F814051042ECD1D3F814050243C3F81A
:103FD0001425E6E7D3F810050243C3F81025E0E7FF
:103FE000007002400B7E064A13F07F0F0BBF0123C7
:103FF00043F480735365C2F818350020704700BF42
:104000000070024070B506460D4607F0B2F904464E
:1040100007F0B8F928BB204607F0D7F908B3802D80
:1040200016D1437E9A0744BF0E4A15705B070FD521
:104030000D4B1B7813B90D4B01221A65204607F072
:10404000C0F9002201463046BDE8704007F0D6B9FD
:104050002846FFF72FFF20460121BDE8704007F0FA
:1040600095B970BD081F00200C1F00200070024091
:1040700070B506460C4607F07CF9054607F082F954
:1040800020BB284607F0A1F90146F8B1ACB9437E40
:10409000D8071BD49A0704D50D4B1C700D4B012279
:1040A000DA644B7E5B0708D50B4B1B7873B1304647
:1040B0000022BDE8704007F0A1B92046FFF7FAFEE4
:1040C00028460121BDE8704007F060B970BD00BF0F
:1040D000081F0020007002400D1F002008B5054A8F
:1040E0000548032107F05AFC08F089FB02F0A4FB05
:1040F000002008BD1BE40000D8D7000038B5456893
:104100002C4654F8040B01F0C1F80B4B0022186048
:1041100001212720FEF7CCF9204602F057FB05F1DC
:10412000080002F095FB08F063FB044A04480321F1
:1041300007F034FC002038BD6019002024E40000A2
:10414000D8D700000346024A0248012105F054BDB9
:1041500030E40000D8D70000012810B5014602D095
:10416000022807D0A0B90C4BBDE810401868002207
:1041700007F038B9094B0A4C00221A70094BC4F8F1
:1041800000332720FEF764F90123C4F8043510BD7D
:10419000BDE81040FFF7D6BFB4190020091F00206A
:1041A00000700240FDFFDF010146014809F022B81E
:1041B000480A002008B5054B1970054B1B7813B150
:1041C0000420FFF7F1FF002008BD00BF0A1F0020F8
:1041D0000B1F002010B50469087E0D4A07F0D6FBBE
:1041E000012303FA00F013680343136003F0D4FCC7
:1041F0004020FFF7D9FF4FF0FF324FF0FF3304F1BB
:104200008401044803F096FA03F0DAFC002010BDA4
:10421000A4190020540A00202DE9F04F4F4AD0F88D
:104220001080064689B04E48032107F0B7FB4D4B7E
:104230001E6008F1840008F06CFC00220023CDE928
:10424000062300246FF00703CDE90334CDE90144D0
:10425000454B464900964FF40072454803F0DEFA9C
:10426000444F45494248DFF814A1DFF814B108F083
:104270008FFD3A69434B134043F4820343F04003FC
:104280003B61B9463C763946304607F084F805462E
:1042900080B13D4A3248012107F080FB284609B031
:1042A000BDE8F08F13690AEA030343EA0B031361C5
:1042B0002037E7E70134092C10D009EB4412082C11
:1042C000937C43F040039374ECD1D9F810312F4A1A
:1042D0001A402F4B1343C9F81031E9E72D4C2E4BF0
:1042E0002269DFF8A8A0DFF8A8B0134043F4041354
:1042F00043F0400323610746A14667F07F0323761E
:104300002146304607F047F81C4A05460028C0D130
:104310000137092F19D009EB4711082F8B7C43F087
:1043200020038B7408D1D9F810310AEA030343EA59
:104330000B03C9F8103106E00B69134043F4C023A6
:1043400043F040030B612034D7E798F8803023F026
:10435000720343F0720388F880309FE747E400005F
:10436000D8D70000B419002045440000C026002022
:1043700078100020D81A00204FE400000000F9FF58
:10438000400006000000BEFF58E400000000F7FFF8
:10439000FF010800B81900200000DEFF10B50C4630
:1043A0002046114607F013F8207E07F0EFFA014689
:1043B000034807F0F5FA0120FFF7F6FE002010BDD4
:1043C000FC1B002008B5064A0B7EC2F80C3543F4EE
:1043D0008073C2F80C35087EFFF7A4FD002008BDED
:1043E0000070024010B50C7E4FF0FF324FF0FF33EB
:1043F000114802F059FF2046FFF7CAFC04F00F02F3
:10440000012393400D4A14F0800F14BFD2F8101509
:10441000D2F814156FEA030315BF0B400B40C2F826
:104420001035C2F81435044802F00AFF044B80220C
:10443000C3F80421002010BD280A002000700240AB
:1044400000E100E02DE9F04FDFF8FCA2BF4D87B09E
:1044500004464FF0FF384FF0FF390022CDE90089C4
:104460004FF0FF31504608F0CCFE4FF0FF31504680
:1044700008F0C3FE0746380733D5B54AB5480321CF
:1044800007F08CFAB44842464B4602F00DFFEFF3BA
:104490001182202383F31288BFF36F8FAF4B1B78F9
:1044A0007BB1D5F8003413F400730AD10121C5F8AB
:1044B0002C15D5F82C15D5F80014890548BFC5F87A
:1044C0002C3582F31188BFF36F8FA34802F0B8FE3A
:1044D00001212046FFF71AFB00220321204606F0A7
:1044E00081FFFB060DD59E4A9A48032107F056FA34
:1044F00000212046FFF70AFB00220221204606F099
:1045000071FFBE060DD5974A9248032107F046FA7F
:1045100000212046FFF7FAFA00220221204606F089
:1045200061FFB8074FD4F90710D5BFF35B8F8E4BEF
:10453000002253E8006F43E800210029F9D1BFF3BE
:104540005B8F4FF00108002E40F0B2807A0740F1F7
:10455000E380864B00261E70D5F88004C0B28DF82B
:104560001000D5F88414C9B28DF81110D5F888342C
:10457000D5F88C2443EA02239BB2ADF81230D5F86B
:104580009024D5F894C442EA0C22ADF81420D5F852
:104590009824D5F89CC442EA0C2292B2DFF8D0C12C
:1045A000ADF8162010B9052900F09980714A8CF8F1
:1045B0000060D5F8703412789A4240F09B806E4BC0
:1045C00000221A70A4E06D4BBFF35B8F002253E80A
:1045D000008F43E800210029F9D1BFF35B8F4FF032
:1045E000010BB8F1000F9ED098FAA8F9B9FA89F931
:1045F0000BFA09F3B9F10F0F28EA030816DDA9F148
:104600001006F6B23146204606F0B3FE814606F0AB
:10461000D8FE002840D15A4A4E483346012105F0C1
:10462000EBFA31462046FFF723FDDAE749F0800632
:104630003146204606F09DFE029006F0C2FE50B9BB
:10464000504A44483346012105F0D6FA3146204607
:10465000FFF7D8FCC5E703900021029806F096FE0C
:10466000039B00221946204606F0C8FEB9F1000F50
:10467000ECD13E4B494683F800B02046C5F850B017
:1046800006F077FE06F09DFE01460028DED04A4681
:10469000204606F0B3FED9E702900021484606F016
:1046A00075FE029B00221946204606F0A7FEB8E7D9
:1046B00096FAA6F3B3FA83F308FA03F20F2B26EA6D
:1046C000020606DDA3F11001C9B22046FFF7D0FCB7
:1046D00039E743F080012046FFF794FC33E70121DE
:1046E0008CF80010C2B903F07F03ADF81230ADF8BA
:1046F000142064E7204A012313708CF800304FF433
:10470000A063ADF81030D5F87034ADF812300596CE
:1047100004A9204606F099FE7B067FF59AAE206933
:1047200084304FF0FF324FF0FF3302F08FFC164E13
:10473000094F316861BB154802F0C2FF206984301F
:1047400002F0FCFC85E600BF480A00200070024031
:1047500074E40000D8D70000280A0020091F0020B8
:104760008BE40000A1E40000FC1B00200D1F0020D2
:104770000C1F00200A1F00200B1F0020F81B002028
:10478000D2E40000B9E40000A4190020540A00207B
:1047900091FAA1F8B8FA88F8B8F10F0F4146C6BFF0
:1047A000A8F11001C9B241F08001204606F0E1FDF8
:1047B000814690F818B04FF0FF324FF0FF33384683
:1047C00002F072FD5846FFF7E3FA384602F038FD72
:1047D0000F4B8022C3F804214946204606F026FEEE
:1047E0000021484606F0D2FDBFF35B8F012303FA98
:1047F00008F3084ADB4352E8000F184042E8000182
:104800000029F8D1BFF35B8F32681340336090E723
:1048100000E100E0F81B00204FF08053D3F8303166
:10482000082B02BF024B0022C3F81C2C704700BFAC
:10483000007002402DE9F04105464FF0FF324FF085
:10484000FF33414802F030FD404B8022C3F8842101
:104850002720FDF71FFEA8B13D4F3E4B3C681B686B
:10486000240C24041C434FF00108002C37D13A4E8D
:1048700040F2FF133B602720C6F80445FDF7F6FD24
:10488000C6F80043354A13788BB1334B0021C3F887
:1048900008110121C3F80026C3F804165960D3F8A3
:1048A00008110029FBD00021C3F8081111702A4B10
:1048B0000024C3F80045FFF7AFFF234802F0C0FC17
:1048C00021462846FFF7B0F9F0B1254A25480121D5
:1048D00007F064F86FF004052846BDE8F08194FA0B
:1048E000A4F6B6FA86F60F2E3346C6BFA6F110031D
:1048F000D8B243F08000030701D4FFF749FA08FA61
:1049000006F624EA0604B0E728468021FFF78CF972
:1049100005460028D9D1144B14491E68304604F0CE
:10492000F3FF10F1780F044603D1304604F0C8FFBE
:104930000446002CD0DA0E4A0A482346012105F02D
:104940005BF92546C8E700BF280A002000E100E027
:10495000B0190020AC19002000700240061F002092
:10496000EFE40000D8D700006019002050190020A3
:1049700012E500002DE9F04F474BDFF820B1D3F8E6
:104980005421DFF81C8187B01AB30022C3F85421E8
:10499000D3F8042391021CD5D3F8C034002B14BFE4
:1049A0004FF001224FF480723E4B9B683BB99BF85D
:1049B000000006F0EBFF0123834022EA0302D8F84F
:1049C00000301343384AC8F80030136823F001233D
:1049D0001360314BD3F8604134B10022C3F8602139
:1049E000D3F86C44C3F86C44D3F828214AB10022B0
:1049F000C3F828212D4B187806F0C8FF0123834007
:104A00001C439BF800509BF900102B0732D400295F
:104A1000B4BF274B274B05F00F02920013441A68CE
:104A2000002A5FD000221A602846FFF795F9224B32
:104A30001A7800F0010050401870FFF7EDFE1F4B90
:104A400028461A6806F0A2FFC240D70706463DD4A2
:104A5000002916DA882D06D10146194806F0A0FF74
:104A60000220FFF7A1FB104A01231168B3400B435A
:104A7000136031E0134B144A13EA210338BF134685
:104A8000CDE701460E4806F08BFF0220FFF78CFBB6
:104A9000013D062DE7D91FE000700240071F0020EE
:104AA000B0190020280A0020A8190020081F0020A3
:104AB0000871024030710240061F0020AC1900202E
:104AC000F81B00202C71024050710240002D40F074
:104AD0000181A34B0122DA6481238BF80030A148C5
:104AE00002F0AEFB9CB1D8F800309F4A9F4FDFF830
:104AF000809224F001210B43C8F80030136823EAA8
:104B000001031360A4B20126002C40F0E780944B0F
:104B1000D3F800217AB10024C3F80041954B964A9E
:104B200096481C70032106F039FF904B2246186806
:104B3000042106F057FC8A4BD3F858212AB30022EF
:104B4000C3F85821D3F80044C3F80044E60505D55E
:104B5000884B012208201A70FFF726FBA50505D512
:104B6000844B002210201A70FFF71EFB60050CD545
:104B7000804B1A784AB100221A70794B0122C3F88F
:104B8000082520209A65FFF70FFB754B7C4CD3F866
:104B90005C31F3B1734B9B681BB99BF8003059062D
:104BA00017D06F4B0022C3F85C2123686E4A23F0B4
:104BB00001132360D8F8003023F4803343F001035D
:104BC000C8F800301368042023F001131360FFF7C6
:104BD000EBFA2568D8F800301D4078D0604BD3F848
:104BE0002C45002C73D15F480022002302F05CFBAF
:104BF00000286CD115F0012314BF93FAA3F595FAA0
:104C0000A5F5B5FA85F50F2D88BFA5F11009574B0D
:104C10008CBF5FFA89F945F080091868494606F0AB
:104C2000A8FB029006F0D1FB4FFA89F3039309F039
:104C3000080304934FFA89F3002B064609F00F0A84
:104C400080F2A280029B048A5B8BC768C3F30A03CD
:104C50009C4207F0604272D9B2F1005F1C4605D059
:104C600039464848474F1A4608F0D6FA4FF0805365
:104C70000121D3F83031082B02BF394B8222C3F80F
:104C80001C2CD8F80030049A8BF8009001FA05F536
:104C900023EA0503C8F80030314B002A40F0B58004
:104CA000039A002A4FF0140202FB0A32A9BF0AF14C
:104CB0000A0A03EB8A03C2F80077C2F80447AFBFC1
:104CC00043F82A10C2F80076C2F80446596007B0CB
:104CD000BDE8F08F0029BFF6DBAEC4E694FAA4F578
:104CE000B5FA85F506FA05F345F0800529463868DA
:104CF00024EA030406F03DFB06F067FB82462846E3
:104D0000FFF72AF801460AF10C0005F0D3F8BAF8CB
:104D10001030002B7FF4F8AE504606F05AFB18B165
:104D2000504606F05AFBEFE6284606F02FFE0146F5
:104D3000484606F035FE0220FFF736FAE4E6029216
:104D400006F047FB029AB2F1005F064605D03946ED
:104D50000C480C4F224608F05FFA002E36D085E74B
:104D600000700240280A0020A8190020B419002071
:104D7000F81B0020091F002029E50000D8D70000FB
:104D8000AC19002064190020038A56F80C7F09F042
:104D900008021F44244B0AB3D3F8C034DA0321D5E8
:104DA000304605F08FF8002321463046059305F084
:104DB00059F8029B5A8B059BC2F30A029A4205D10D
:104DC000304605F07FF800287FF450AF17490122E4
:104DD0000B68AA4023EA02030B6047E70AF59472C6
:104DE00053F822300593304605F06CF8059B984245
:104DF000044608D20E4A009001210E48059304F0A3
:104E000005FF059BD0E71C46CEE7039A002AB5BFF5
:104E1000C3F8A076C3F8A077C3F8A446C3F8A447A4
:104E2000B4BF5962996452E700700240AC19002087
:104E30002FE50000D8D70000EFF31183202282F382
:104E40001288BFF36F8F174A12781AB3164AD2F836
:104E50002C15F9B10021C2F82C154FF08052D2F870
:104E60003021082A05D083F31188BFF36F8F00200B
:104E700070470E4AD2F8000CC02140B949F2753093
:104E8000C2F8000CC2F8141CC2F8000CEBE7C2F820
:104E9000141CE8E783F31188BFF36F8F6FF00A00EB
:104EA000704700BF091F00200070024000E006406C
:104EB00073B500220092114640230446FEF770FEAF
:104EC000024648B1604A6148012106F067FD6FF073
:104ED0000404204602B070BD00904023204680218B
:104EE000FEF75EFE04460028ECD15949594B486054
:104EF000C860012618688E6004F08BFC051E07DA76
:104F0000554A52482B46314604F076FE2C46E0E7DF
:104F1000EFF31185202383F31288BFF36F8F4F4B7C
:104F20004FF40062C3F80024FEF702FF08B1FEF759
:104F300085FF4FF08053D3F83031082B18D1EFF3B1
:104F40001180202383F31288BFF36F8F444BD3F873
:104F5000001CC022002970D149F27531C3F8001C31
:104F6000C3F8142CC3F8001C80F31188BFF36F8FB3
:104F70003A4B0122C3F80025D3F800241205FBD5D3
:104F80004FF40062C3F800244FF08053D3F830315F
:104F9000082B17D1EFF31180202383F31288BFF37E
:104FA0006F8F2F4BD3F8001C002949D149F275327D
:104FB000C3F8002CC3F8141CC3F8002C80F311882C
:104FC000BFF36F8FFEF7B4FE30B1FEF755FFFEF76B
:104FD000AFFE08B1FEF732FF4FF08053D3F8303107
:104FE000082B1E4B0AD140F2E372C3F8002840227E
:104FF000C3F80428BFF36F8FBFF34F8F8022C3F82D
:105000001C250122C3F83025164B40F2FF121A600E
:10501000154B00211960154B1960154B1970FFF7DE
:10502000FBFB144B1970FEF783FE08B1FEF724FF5B
:1050300085F31188BFF36F8F4BE7C3F8142C93E708
:105040000022C3F8142CB9E74EE50000D8D70000C1
:10505000501900206019002070E500000070024027
:1050600000E00640B0190020AC190020A81900206B
:10507000061F0020081F0020084B70B5C31A0D46FC
:1050800007499B10044659430648402206F0B0FCED
:105090002B4601462046BDE870401847141C0020EE
:1050A000B76DDBB6F0D3000073B50C4C0C4A40234F
:1050B000041B00930D460B460A49A41061430646A3
:1050C000094806F0C0FC011E05DA30462B4602B046
:1050D000BDE87040184702B070BD00BF141C00202E
:1050E000AFBA0000B76DDBB6F0D300000022F8B510
:1050F000012105461046FDF7DBF9104801F09EF846
:105100000446B8B901F0BAF82F690D49384604F0E1
:105110006DFB031E09DB01263E642D69084905F17C
:105120001C0004F063FB031E02DA1C462046F8BD97
:10513000EE64FBE76FF00404F8E700BF7152000073
:105140008CD900001FB500220123CDE90223094AB2
:10515000CDF800D06B46CDF804D006F0A1FC0028B5
:1051600005DB4FF480420023684602F09DF805B04D
:105170005DF804FBC1BA000010B5EFF311842023E1
:1051800083F31288BFF36F8F074A136823F002017D
:10519000DB07116002D4012007F026F884F31188A0
:1051A000BFF36F8F10BD00BF641C002030B4104BE4
:1051B0000C2202FB003301460020D3E90E52986313
:1051C000EFF31180202484F31288BFF36F8F1C6CDF
:1051D00004F0C00444F002041C6480F31188BFF39F
:1051E0006F8F1DB12B46034830BC184730BC704749
:1051F000141C0020F0D3000010B4EFF31182202320
:1052000083F31288BFF36F8F1748016841F00204DF
:105210000460C80707D482F31188BFF36F8F0120A1
:1052200010BC06F0D9BF4FF08041D1F80C04D1F882
:105230000C14C907EFD5EFF3118083F31288BFF385
:105240006F8F0A490B6C03F0C00343F002030B6439
:1052500080F31188BFF36F8F82F31188BFF36F8FD4
:10526000002010BCFFF7A2BF641C0020141C00200B
:1052700010B1012804D07047034B1B6C5B0701D1B0
:10528000FFF794BF704700BF141C0020024AC3B24E
:105290001C2003FB00207047141C00202DE9F04166
:1052A0003849BFF35B8F0746012251E8003F41E8D0
:1052B00000200028F9D1BFF35B8F33B9324933485E
:1052C0004B60CB608A6004F0A4FA7B1E012B2BD8C4
:1052D000012F07D14FF08043D3F81C3403F00303B0
:1052E000012B21D007F04EFD0546F8B9284B1B785D
:1052F000E3B14FF080430222C3F808230646DFF8EB
:1053000094804FF08044D4F81824D4F81834D20391
:1053100015D503F00303012B01D0012F0FD155B395
:1053200086F31188BFF36F8FBDE8F081EFF311862C
:10533000202383F31288BFF36F8F0125DFE7ADB120
:10534000304604F050FDD4F81835002BDBD1D4F8EA
:105350000421002AD7D0C4F80431D4F80431012341
:10536000C4F81835C8F88031A360CCE700212120AB
:1053700007F0C6FDE7E74FF080430222C3F804239D
:10538000D2E700BF101C0020001C0020301C0020B1
:10539000331F002000E100E010B5044C2046FBF76D
:1053A0002DFC2046FDF7DAFA002010BDB1530000B5
:1053B00073B5104E8DF807000446032501220DF148
:1053C0000701002001F03EFB20B10123337020468D
:1053D00002B070BD3378002BF9D0013D08D007F042
:1053E000D1FC0028EAD10021422007F089FDE5E741
:1053F0003570ECE70E1F002008B5074807F089FA62
:1054000038B10648FDF7AAFA0448FBF7F7FB00207D
:1054100008BD6FF01200FBE744D4000021540000E7
:105420000A2838B5074D044604D1AB680D215B68E6
:1054300028469847AB6803485B68E1B29847204626
:1054400038BD00BF44D40000F0B544681646A068DB
:10545000227C01F01F0587B045EA421500286DD077
:10546000B6F5001F04D1294607F0B4F9002056E034
:105470006268607CC2F8240501AA0020B6F5800F9E
:105480000190506037D1B3F1007F14BF052304238E
:105490008DF804300023CDE904230393E36823FA55
:1054A00001F111F001010DF103073AD1B6F1A07F2E
:1054B00037D105F01F036A0903F5E07326D0012AEE
:1054C0003FD1214A52F82330DB072AD4A0683A465C
:1054D000294607F0F5F816301BD00297A06803AAFA
:1054E000294606F0B9FF002819DBA06801222946E9
:1054F00007F01DF9BAE7B3F1C06F05D0B3F1007F33
:1055000014BF01230223C3E70323C1E74FF0A042E6
:10551000D8E7A068394601F065F80028DDDA07B061
:10552000F0BDA0683A46294607F0CAF80028D5D150
:105530009DF80310A06801F04FF8CFE76FF08500E9
:10554000EDE751F82330FFDE00030050420970B54B
:10555000034602D0012A17D070BD0D4E3269516842
:105560000029F9D003F01F0301250C689D40002994
:10557000F2D08A682A4002D04B68304698472CB156
:10558000236821461C46F2E7024EE7E72346F8E788
:1055900028D400000CD4000038B54568A86890B144
:1055A00007F0BDF8014670B9A86807F09CF80446FA
:1055B00058B902460649A86807F07FF82246052137
:1055C0000620FCF775FF002038BD6FF00400FBE7F4
:1055D0004D5500002DE9F043476840F20636D006ED
:1055E0003B7C87B002EA060654BFC2F3401C4FF072
:1055F000030C01F01F05B6F5837F144645EA4315F9
:105600008DF803C045D00DD8062E16D005D8A6B10A
:10561000022E40D06FF0150038E0B6F5807FF9D14A
:1056200001260AE040F20222964236D0B6F5407FCB
:1056300035D0B6F5007FEDD102260123220303FA0F
:1056400001F12ED57B68C3F80815B86890BB05F04A
:105650001F036D092BD0012D75D13D4A02EB83024A
:1056600084F48033D2F80017C3F30043C4F34044FA
:1056700044EA430421F4E16144EA8C0421F0070187
:1056800044EA06230B43C2F80037002007B0BDE808
:10569000F0830726D1E70426CFE70526CDE70326CA
:1056A000CBE7630344BF7B68C3F80C15CDE74FF02D
:1056B000A042D3E70DF10202294607F001F814F4E5
:1056C000403F80460CD1B868294607F02EF8B8F163
:1056D000000FDAD19DF80210B86800F07DFFD4E722
:1056E0004FF0000901ABCDE90199CDE90439CDF8BE
:1056F0000C90B86803AA294606F0AEFE4845C4DB04
:1057000014F4003314D084F480349DF803308DF801
:105710000E30C4F300448DF80C608DF80D40B8686D
:105720004B4603AA294606F04FFF0028CFDAACE724
:10573000CDE904330DF103030393B86803AA2946A6
:1057400006F08AFEF1E703F5E07350F82330FFDE40
:1057500000030050036803F01F025B09026004D0DD
:10576000012B034818BF002070474FF0A04070473E
:10577000000300502DE9F04FDFF89491DFF894A179
:1057800085B01546834600EB810140F2FF1859456C
:1057900003D1002005B0BDE8F08FDBF800305E04D7
:1057A000C3F3C322C3F3080400F1AC801B0E19F845
:1057B0000270444508BF4FF0FF34222B00F2A58051
:1057C000DFE803F012191F22252B22A3A3A3A33B7A
:1057D00068A3A3A3A3A3A3A3A3A36B818487A3A369
:1057E000A38A9194979A9D00C5F80C45601C5ED1E0
:1057F0000BF1040BCBE7C5F81445621CF8D000266A
:105800005FE0C5F80845F1E7C5F81045F5E7631C0A
:10581000C5F80845ECD0002604E0661CC5F80C4528
:10582000E6D0012603A80394FFF794FF039B01220F
:1058300002FA03F3C0F80C3508E0C5F80845002F5C
:10584000DBD1631CD4D0002632460627DBF80030BB
:10585000019303F40040002818BF002203A800921F
:1058600018BF01260394FFF775FF039C019B009A64
:1058700000EB8400C3F3412CD0F800473B0243EA1D
:105880008C03134304EA0A04234343EA4603C0F8A3
:105890000037ADE7C5F80C45D1E7C5F86045601C99
:1058A000DBF80030A4D0C3F30043002BB9D003A829
:1058B0000394FFF74FFF039B012606FA03F3C0F89A
:1058C00008353246C2E7C5F86445E8E7C5F86845DB
:1058D000E5E7C5F86C45E2E7C5F82445621C87D0CA
:1058E00000220126B2E7C5F828457FE7C5F8304514
:1058F000F4E7C5F83445F1E7C5F83845EEE7C5F8F3
:105900003C4573E76FF0150044E76FF0850041E711
:10591000F9E50000F0F8FCFF38B570B1074C084A13
:105920004FF400450021E0FB054100232046FAF733
:10593000E7FBBDE8384007F0E3BA38BD3F420F004F
:1059400040420F002DE9F041456895F8264000AF30
:1059500004F0030814F00304064618BF012406F0FF
:1059600034F9A86A30B92146304606F0A7F9BD4699
:10597000BDE8F08106F0CDFF0346B0B9AA6A6C46D7
:1059800088B011686A461E48C2E905014FF40071EB
:1059900091831C4942F8101F1B484FF4E251FBF75A
:1059A000FFFC6FF01200A546E1E7B8F1000FEB8DA8
:1059B000A86A95F82C100CBF4FF4B0124FF4D01217
:1059C0001343D0F810E0D0F80880DEF80050DA0772
:1059D00048BF83F440234FF0010C23F480120CFAEB
:1059E00001FCDB074CBF4CEA050525EA0C05CEF8A7
:1059F0000050D8F8003098470028B4DAB7E700BF65
:105A000001E6000003000001A8D700002DE9F041E5
:105A1000044647680D4607F0B5F988B14FF02008F5
:105A2000EFF31186314688F31288BFF36F8F6068F9
:105A300006F0B5FA50BB86F31188BFF36F8FEFE71E
:105A40001F4B1B78002BE9D04FF0200864266068BC
:105A500006F0A5FA70B9012006F06BFB013EF6D105
:105A60000021212007F04CFAF0E786F31188BFF3FC
:105A70006F8FF5E7EFF31186314688F31288BFF395
:105A80006F8F606806F08BFA0028EED0BB691D703E
:105A90006368BA691B680020C3F844250122C3F873
:105AA0004825C3F82001D3F82041C3F85801D3F8A2
:105AB00058019A6081F31188BFF36F8FBDE8F081C0
:105AC000331F00202DE9F04100220546012102206C
:105AD000FCF7EEFC0220FCF7BBFC6C680121E068DF
:105AE00006F0B1FA6B681A682369C2F82435617D43
:105AF000237D0B43A17D0B43C2F86C356F68D7E95A
:105B0000004313F0010340D0D5F8108004F10C01DC
:105B100008F10C0204F5907006F048FB061E07DA47
:105B2000274A2848012104F05EF83046BDE8F0819C
:105B300098F80C0000F06EFB0823C4F80035BB6930
:105B4000C4F844350023C4F848350123A360D4F8D1
:105B50005831002BFBD00021C4F800156D682C686B
:105B6000E86806F070FA0823C4F800352A7A52B9BA
:105B7000EB69C4F834350123C4F83835C4F8102172
:105B8000D4F8102123600026CFE70822C4F80025AE
:105B9000BA69C4F84425C4F848350123A360D4F891
:105BA0002031002BFBD00023C4F82031D4F8203161
:105BB0000123E3604FF48073C4F80433C7E700BFE8
:105BC0004EE60000C8D7000070B5012383400E4A9E
:105BD000BFF35B8FDC4352E8001F01EA040542E893
:105BE0000056002EF7D1BFF35B8F4FF48032824016
:105BF0000648C0F80823BFF35F8FBFF36F8F0B42D7
:105C000014BF0120002070BDB41C00200010014012
:105C100070B40E49D1E90034D01AC31844F100041D
:105C200022F07F46C1E90034A6F50013B3F5400F1A
:105C300009D2074B1B681A0A1B069C19054B42F137
:105C40000005C3E9004570BC02F092BA18110020AB
:105C5000B81C00202011002011B3BFF35B8F01237B
:105C6000104A834052E800CF4CEA030C42E800C1DE
:105C70000029F7D1BFF35B8F0B4A4FF48033834089
:105C8000C2F80433094BBFF35B8F1B68BFF35B8F14
:105C9000C340DB0742BF064B4FF40032C3F800217C
:105CA000704700BFB41C002000100140B01C002051
:105CB00000E100E00D4B1868010A0006BFF35F8F9A
:105CC0000B4BD3F80435181841F10001B3F5801FD0
:105CD0000AD2084BD3E90023904271EB030303D2AD
:105CE00010F1807041F10001704700BFB81C002026
:105CF00000100140201100202DE9F04F85B016461C
:105D00001F469DF840A00446FFF75EFF0190FFF795
:105D1000D1FFB04271EB070354D23E4B301A67EB10
:105D20000101984271F100014FD23B4B03EB041388
:105D3000D3E902239F4208BF96425ED037494FF411
:105D4000803804F1500508FA04F8AD00C1F8488322
:105D50002046ADB206F0CFF926F07F4B05F1804525
:105D600004F5A87305F58835DC464FF00309029366
:105D7000029A2CF07F4341F82230C1F84483D1F8D5
:105D80000435274A6FF00200C01A604420F07F40BB
:105D9000904232D9286868B1D1F804350393A3EB57
:105DA0000B0020F07F40B0F5000F26D9204606F00A
:105DB000A2F9039BBAF1000F07D109EB030C09F11B
:105DC0000109D5E7BAF1000F09D06FF0150520469B
:105DD0000199FFF741FF284605B0BDE8F08F012388
:105DE000104ABFF35B8FA34052E8000F184342E80C
:105DF00000010029F8D1BFF35B8F07490E982301FA
:105E000001EB0412C8500F9B5360C2E902670025E2
:105E1000DDE700BF010080000811002000100140F4
:105E2000FDFF7F00B01C00207FB51C4C1C4BC4F84C
:105E30000833C4F848331B4B00254FF0FF304FF0B8
:105E4000FF31C4F80855C3E902014FF48033C4F8A8
:105E50000433154B02264FF400320121C4F80463C9
:105E60001120C3F880212A46FCF722FB1120FCF701
:105E7000EFFA0E4A0123A360236013600C4B0D4A16
:105E80000093CDE9015500232846FFF735FF304642
:105E9000FFF704FA284604B070BD00BF00100140AF
:105EA00003000F000811002000E100E0B41C0020F6
:105EB000115C0000FFFF7F002DE9F7432F4CD4F861
:105EC000043399070BD5D4F8043143B12C4A00238D
:105ED000C4F80431D4F80431136801331360D4F8E2
:105EE0000433DA0329D5BFF35B8F264B53E8002F29
:105EF00022F0010143E800100028F7D1BFF35B8FC7
:105F0000D30702D4D4F84031BBB10025C4F84051C6
:105F1000D4F84031FFF7CEFEEFF31182202383F354
:105F20001288BFF36F8F184BD3E90267B042B941B3
:105F300006D282F31188BFF36F8F03B0BDE8F08300
:105F40004FF0FF384FF0FF39C3E90289D3E9001061
:105F50001D604FF48033C4F84833C4F84051D4F87E
:105F6000403182F31188BFF36F8F0029E5D0009094
:105F700032463B4628468847DFE700BF0010014015
:105F8000B81C0020B01C00200811002030B5431CB4
:105F9000124C85B005D08442A8BF0446012CB8BF7E
:105FA0000124FFF787FE0E4B0C4DD3E90013401A76
:105FB000B0F5000F10D22218AA4228BF2A46521864
:105FC0004FF0000007490091CDE9010043F10003C3
:105FD000FFF792FE05B030BD2A46F0E7FFFF7F00D5
:105FE00018110020115C000008B5FFF763FE024B9A
:105FF0001B68C01A08BD00BF181100204FF0805365
:10600000D3F83021082A06D1D3F83431052B02D831
:10601000024AD05C70470020704700BF91E6000044
:10602000024AD2F80034002BFBD0704700E0014058
:1060300010B54FF08053D3F83021082A4ED14FF0DD
:1060400080420021C2F80C11C2F81011C2F83815B4
:1060500002F54042D3F80414C2F82015D3F808140E
:10606000C2F82415D3F80C14C2F82815D3F810146C
:10607000C2F82C15D3F81414C2F83015D3F818143C
:10608000C2F83415D3F81C14C2F84015D3F8201404
:10609000C2F84415D3F82414C2F84815D3F82814CC
:1060A000C2F84C15D3F82C14C2F85015D3F830149C
:1060B000C2F85415D3F83414C2F86015D3F8381464
:1060C000C2F86415D3F83C14C2F86815D3F840142C
:1060D000C2F86C15D3F84434C2F87035FFF78EFF60
:1060E00018B13A4B3A4AC3F88C26FFF787FF18B12C
:1060F000384BFB22C3F81825FFF780FF70B14FF033
:1061000080414FF08053D1F8E42ED3F8583222F07A
:106110000F0203F00F031343C1F8E43EFFF76EFFD5
:1061200020B12D4B4FF40072C3F840264FF080533E
:10613000D3F83031082B1AD14FF08043D3F8002424
:10614000D20744BF6FF00102C3F800244FF0805320
:10615000D3F83431052B02D8204AD35C3BB14FF041
:106160001023D3F808224FF08043C3F858254FF08E
:106170001023D3F80022002A03DBD3F80432002BCB
:1061800022DA174901234FF01020C1F804351224F8
:10619000FFF746FFC0F80042FFF742FFC0F8044295
:1061A000FFF73EFF0023C1F80435FFF739FFBFF3C7
:1061B0004F8F0C490C4BCA6802F4E0621343CB606A
:1061C000BFF34F8F00BFFDE710BD00BF0050004080
:1061D0004881030000F00040009002408BE6000080
:1061E00000E0014000ED00E00400FA05014B1860FA
:1061F000704700BFBC1C002010B5054B1868144642
:1062000005F099FF0028A4BF2070002010BD00BF3A
:10621000BC1C0020024A01238340C2F804357047A9
:1062200000F00140014B00201B681847C01C0020F3
:10623000014B1B68184700BFC01C002010B50C4C58
:10624000237993B9012323710A4B2060002818BFDA
:10625000184600F05DF850B923680748002BBDE8E8
:10626000104008BF184600F0A3B86FF0770010BDCB
:10627000C01C0020256200003162000008B5064BFA
:106280001B682BB10020FCF705F908B9FCF7E0F812
:10629000024B01221A7008BDC01C0020311F0020D3
:1062A0004FF08053D3F83021082A06D1D3F8343187
:1062B000052B02D8024AD05C70470020704700BF0F
:1062C00097E6000038B54FF080440123C4F8083346
:1062D00063600023C4F80031D4F8003142F2107535
:1062E000D4F80C24D4F80C34D20307D5DB0705D539
:1062F000012005F01EFF013DF2D138BDFFF7D0FFB0
:106300000028FAD0014B00225A71F6E7C81C002081
:1063100010B508490C794CB9012308600B71FFF7DF
:10632000BFFF08B9002010BD4C71FBE76FF077008C
:10633000F9E700BFC81C00204FF080430022C3F8DB
:106340000021D3F80021094901221A60096811B11E
:10635000C3F804237047D3F80021002AFBD00022A1
:10636000C3F80021D3F80031704700BFC81C0020DB
:1063700010B54FF08043D3F80423D20715D5D3F8D6
:10638000002192B10022C3F800210121D3F800219D
:10639000C3F80813FFF784FF044B10B15A7922B9F0
:1063A0005971BDE810401B68184710BDC81C00207B
:1063B000074A137943B90121106011714FF08042EF
:1063C0001846C2F8183570476FF07700704700BF65
:1063D000D01C002010B54FF080431D4CD3F818148A
:1063E000D3F8182411F4803F19D002F00302012AD7
:1063F00003D00AB105F009FF00224FF08043C3F833
:1064000018250022C3F80421D3F8042101229A6040
:10641000226872B9D3F80421002AFBD011E0D3F826
:106420001424D107E8D5D3F81C249207E2D42268BB
:106430001AB10222C3F8042310BDD3F80421002AA4
:10644000FBD00022C3F80421D3F80431F4E700BFE5
:10645000D01C0020F8B54FF08043194FD3F8044307
:10646000012504F01A04002604B9F8BDB4FA84F03A
:10647000C0F11F00830003F580739BB203F18043DA
:1064800005FA00F2196824EA02040029ECD01E6023
:106490001B684FF080430128C3F808230CD1D3F8C0
:1064A0001824D3F81824920706D10222C3F818053D
:1064B000C3F804239860D7E73B68C0B29847D3E796
:1064C000D01C0020036803F01F025B09026004D0A7
:1064D000012B034818BF002070474FF0A0407047C1
:1064E00000030050034A430900F01F00D35C184426
:1064F000C0B270479DE60000034611F0010030B5C0
:10650000CCB213D1A207C4F3400020D5124AD2F86E
:10651000200558604FF08053C2F82005D3F8303181
:10652000082B15D0003818BF012010E04FF0A04113
:106530004FF08055D1F820251A60C1F82025D5F8F4
:106540003051082D08BFD1F82015002ADAD030BD0F
:10655000D2F82035E6E700BF00030050F7B5044647
:106560000846FFF7BFFF06B204EB46060D46B38AA6
:10657000DB072BD5204605F04CFF2946204605F0C9
:10658000B7FE58B1204605F0C9FE276800B207EBF8
:1065900080030022C3F81025C3F8102529462046A1
:1065A00005F0E5FE0021B18201A80195FFF78AFF01
:1065B000019B00EB8300074BD0F80027134043F00A
:1065C0000203C0F80037084603B0F0BD6FF01500B5
:1065D000FAE700BFF0F8FCFF014805F0CABD00BFB4
:1065E0006408002010B504480C4605F0A4FD0028FE
:1065F000A4BF2070002010BD640800202DE9F04FDA
:10660000804689B058F804ABDAF80413C9B283465F
:10661000082241F00041504605F0D3FE051E2BDA5A
:106620000023032106A8CDE90633FFF765FF644B7D
:1066300001930DF118090023019A009312F8013B10
:1066400060490192DA0803F007038A5C22FA03F337
:10665000DA071AD4009B09F10409A3B14FF00041F5
:106660000022504605F0ADFE032106A8FFF744FFC7
:106670000028DCD125F000450124002D40F08A805F
:1066800009B0BDE8F08F0123D6E7009B4E4A1344C2
:106690000293D9F800100029DCD0029B91FAA1F1F5
:1066A0001C78B1FA81F141EA44142046FFF71AFF41
:1066B0000BEB40000594878AC808BB0819F8002036
:1066C000039301F00701012303FA01F122EA010219
:1066D00009F8002005A8FFF7F5FE059A039B02F5CF
:1066E000E072C7F3820650F822205B073746C2F3F8
:1066F000014233D5D6B240463A46214605F018FE4F
:1067000005A80594FFF7DEFE059B03F5E07350F83E
:106710002330C3F301439E4207D10021204605F0F8
:10672000D8FD3146204605F0D4FD05A80594FFF7B5
:10673000C9FE059B012202FA03F3C0F820354FF091
:106740008053D3F83031082B01BFD0F82035D0F872
:106750002035D0F82035D0F820359AE7022A0DD11F
:106760000321204605F0B5FD06F00503012BDCD121
:106770003A462146404605F0DBFDD6E70221204699
:10678000039205F0A6FD032EF2D0039A032ACCD182
:10679000022EECE795FAA5F3B3FA83F304FA03F2B9
:1067A00025EA020503F5A2720BEB43035AF82220F7
:1067B000B3F87C10C2F30142404605F0B9FD5CE736
:1067C000ADE6000078DA0000ADE6000010B5184C28
:1067D000237853BB0278C2F34003920712D54FF0DF
:1067E0008053D3F83021082A0BD1D3F83431052B4C
:1067F00007D8104AD35C23B14FF080430122C3F87D
:10680000382601234FF08042C2F88035037803F028
:106810000103C2F878350020FBF73CFE08B9FBF70E
:1068200017FE01232370002010BD6FF07700FBE7F7
:10683000321F0020AFE600004FF080434FF460723B
:10684000C3F80823014B00221A607047D81C0020AF
:1068500008B5FFF7F1FF03680BB1014A136008BDEB
:10686000D81C002010B54FF08043D3F804436207D2
:1068700007D54FF4847005F0AFFF10B11E4B1B68B5
:106880009847A30608D54FF48A7005F0A5FF18B104
:106890001A4B00201B689847600608D54FF48C708F
:1068A00005F09AFF18B1154B01201B689847210687
:1068B00008D54FF48E7005F08FFF18B1104B0020F3
:1068C0001B689847E20508D54FF4907005F084FFE7
:1068D00018B10B4B01201B689847A3050AD54FF44C
:1068E000927005F079FF28B1054BBDE810401B6898
:1068F0000220184710BD00BFE01C0020DC1C002057
:10690000D81C002008B5124BA8220021184606F01A
:1069100091FC032202610F4942610F4A8161C26109
:106920004FF480620262002282624262C2620166A9
:106930000A49416610218166094902670346C26619
:10694000426711F8010D98540132102AF9D108BD9F
:1069500010040020B5E60000100000200000002018
:10696000CEE600002DE9F84FDFF87C80182606FB04
:10697000008E00FB06664644DEF82440DEF828C0A0
:106980007368A44507468946154603EB040022D8E0
:10699000DEF820B0ABEB040A0AF1FF339A4203D8C9
:1069A00006F03AFC2C440FE063449A4219D8524650
:1069B0002C4406F031FCB4EB0B0405D07068224681
:1069C00009EB0A0106F028FC182303FB07830120CA
:1069D0005C62BDE8F88F0CF1FF3CACEB040C944515
:1069E000DED20020F5E700BF10040020F8B5144BFC
:1069F000182700FB07751D4407FB00330E46DB6AB2
:106A0000012B14460AD0022B14D023B9284605F0D6
:106A100004FF844208D900242046F8BD284605F02A
:106A2000FCFE844228BF044622463146284605F033
:106A3000FDFEF1E72846BDE8F84005F012BF00BFB3
:106A400010040020F8B50B4B1B78532B04460E4660
:106A5000174601D0FFF756FF05F032FF3A460546CC
:106A600031462046FFF7C2FF0446284605F030FFB6
:106A70002046F8BD10040020034B182202FB00330F
:106A80009A6A586A801A70471004002010B4084AA5
:106A900008490023C85C12F8014D844204D1013337
:106AA000102BF7D110BC704710BCFFF72BBF00BFF5
:106AB000CEE600001004002010B50446FAF7A0FB53
:106AC0000348044A012103F08EF8204605F02CFF0C
:106AD000A0D70000CFE600002DE9F843044600AF40
:106AE0000D46EFF31188202383F31288BFF36F8FD5
:106AF0000428294A98BF294B9668117C94BF53F803
:106B00002030274BE9468AB06A462648C2E9073159
:106B100040F201339384244BC2E9050442F8103F4C
:106B2000224800234FF43151FAF73AFCCD4645B1E3
:106B3000EB69C3F3080323B11D4A1C48012103F08C
:106B400052F82EB1304606F026F908B1037803B9A1
:106B50001848E9468AB06A46174BD061C2E9053643
:106B600040F201331384154B42F8103F00230F48C5
:106B70004FF41151FAF714FC2946CD462046FFF791
:106B80009BFF88F31188BFF36F8F3046FBF706FC3D
:106B9000BD46BDE8F88300BFE41C00207CDA00009D
:106BA000DEE60000F4E6000005000001A0D70000CA
:106BB0001CE70000ECE600003DE7000004000001D7
:106BC00038B50A4B53F82040013053F82050A54205
:106BD00000D838BD606830B1037EDB0701D405F012
:106BE00080FE0834F3E723689847FAE790DA00005C
:106BF00070B52A4B2A4C2B4D012286B003201A7007
:106C0000FFF7DEFF06F007FB0420FFF7D9FF26465B
:106C1000AE4204F1300410D300F0BEFF204C224EEF
:106C2000AC4226D300F0CCFFF9F7E6FB1F4A137BFA
:106C300023F00103137306B070BD54F80C3C0593A8
:106C400054F8103C049354F8143C039354F8183C43
:106C5000029354F81C3C019354F8203C009354E9EF
:106C60000A2354E90C0100F08BFD54F8303C5E65BA
:106C7000CDE7D4E90A23B3F1FF3F08BFB2F1FF3FEC
:106C800005D052EA0301206803D101F055F83034F1
:106C9000C6E73146183001F0DBF9F8E7331F002072
:106CA00050D6000050D6000095CE0000B81100204C
:106CB00070B5164E164D1749902386B003FB00663B
:106CC00001220023CDE904230F22CDE902320193F2
:106CD000142303FB005504464FF4C07000FB04115D
:106CE0000D4B00954FF4A072304600F049FD737BC8
:106CF0000A4AEE6023F0040373734FF4046304FB49
:106D0000033313442C746B6006B070BD281100204F
:106D1000E41C002040310020C5CA000000290020EA
:106D2000BFB50020FFF74CFF294B83F30888294C9F
:106D3000294F636943F4007363610025E02384F8FD
:106D40002230E57725766576A57684F82050636A4B
:106D500043F4E023636284F82350FBF79BFAFBF7CC
:106D600033FC4FF0FF33A362E362FBF707FDFBF751
:106D70004FFCFAF7A1F91948194C00F07BFD0120EE
:106D8000FFF71EFF0220FFF71BFF00F04DFF154B22
:106D900015495C61154B05930123CDE903534FF46D
:106DA00080623B46CDE901550095204600F0E8FCA5
:106DB000627B064622F004022046627306F027F842
:106DC0002846FFF775FF3A4631462046FBF7DCFBC5
:106DD0004031002000ED00E0F16B0000481200207F
:106DE000B8110020E41C0020C03200209FE7000002
:106DF00038B5064C064DAC4201D3002038BDD4E96D
:106E00000112204605F0DAFD1434F4E79C09002055
:106E1000B009002030B585B0DDE90845034B029389
:106E2000CDE9004505F088FD05B030BD15900000A6
:106E300038B5064C064D0020AC4200D338BD204684
:106E400005F0E0FD0028F9DB1C34F5E7800900209F
:106E50009C09002073B50C46EFF31181202585F3C2
:106E60001288BFF36F8FC5685DB125602B68C36062
:106E7000836901338361002081F31188BFF36F8F31
:106E800011E052EA030603D125606FF00B00F3E72F
:106E9000CDE900230246083000F0C4FD18B9034BC9
:106EA0009B681B69236002B070BD00BFE41C00201A
:106EB0002DE9F34104460E469DF8200004F1080830
:106EC000EFF31187202181F31288BFF36F8F256ABA
:106ED000E1688D4242D22568AC421AD0CDB1284635
:106EE00005F0FBFD05F1180006F087F8A268286997
:106EF0003146002406F090F92846C5F8884005F090
:106F000086FF4046394600F021FE204602B0BDE82B
:106F1000F081A268A8B1E069314606F07DF9E36925
:106F2000A26813446269E361934201D12369E3617A
:106F3000236A01332362002087F31188BFF36F8F28
:106F4000E4E7A1692369994204BF6369A361A06969
:106F5000801AA061314606F05FF9E9E752EA0301C1
:106F60000AD00749896840460E61CDE900233946B9
:106F7000224600F057FDC9E76FF02200DCE700BFB2
:106F8000E41C0020F7B5044604F108070846EFF3B7
:106F90001186202181F31288BFF36F8F216A0029A7
:106FA0003AD0A268A16906F037F9A369A2682568FA
:106FB00013446269A361934204BF2369A361236AF6
:106FC000AC4203F1FF33236234D02846002D32D087
:106FD00005F083FD05F1180006F00FF8A268296995
:106FE000E06906F019F9E369A26813446269E36194
:106FF000934204BF2369E361236A013323620024BF
:107000002846C5F8884005F002FF3846314600F0B2
:107010009DFD204603B0F0BD52EA030110D00A499D
:1070200089680861CDE9002331462246384600F0E0
:10703000F9FCEFE7002086F31188BFF36F8FE9E7D3
:107040006FF02200F7E700BFE41C00202DE9F341B8
:10705000044617461E46EFF31188202383F3128857
:10706000BFF36F8FC368334A7BB1806891688842F1
:1070700019D057EA060318D188F31188BFF36F8F30
:107080006FF00F0002B0BDE8F081916891F90E1029
:1070900021610133E3609368A36088F31188BFF333
:1070A0006F8F0020EEE72169F2E791F90E1090F959
:1070B0000E309942A8BF19466FF07E029142B8BFC8
:1070C00011468B422DDD05F01CFD0546CDE900760D
:1070D00019482246414600F0A5FC0028E1D0EFF314
:1070E0001186202383F31288BFF36F8FA068D0B17D
:1070F000236821699C420AD04BB193F90E30994222
:10710000A8BF19466FF07E039942B8BF194605F033
:10711000F8FC40B10848314600F018FD6FF00A0055
:10712000B0E70025D2E7002DF4D186F31188BFF334
:107130006F8FF3E7E41C0020341F0020F8B583684C
:107140000546002B40D0234A926893423FD1C36842
:10715000012B03D9013BC3600020F8BDEFF3118779
:10716000202383F31288BFF36F8F0169806805F0D5
:10717000C8FC2C68AC4207D10023C5E9023387F371
:107180001188BFF36F8FE7E7002CF5D0D4E9003208
:1071900013605A60637B002623F002036373C4E923
:1071A0000066A66004F1180005F027FFAC6094F9B2
:1071B0000E302B612046C4F8886005F028FE064892
:1071C000394600F0C3FCC7E76FF01500C5E74FF084
:1071D000FF30C2E7E41C0020341F002037B5114601
:1071E000EFF31185202282F31288BFF36F8F0468BA
:1071F0009CB12368426823F003039442036008BFF4
:1072000043600121204605F000FD044685F3118806
:10721000BFF36F8F204603B030BD51EA0302F5D0B3
:1072200000F10802CDE900131046294600F0FAFBF0
:107230000028EFD1014B9B681C69EBE7E41C0020A0
:1072400070B5EFF31186202383F31288BFF36F8F9D
:107250000468A0421BD0D4B1D4E9003213605A6054
:10726000637B002523F002036373C4E90055A56026
:1072700004F1180005F0C1FE2046C4F8885005F05E
:10728000C6FD31460748BDE8704000F05FBCD0E95C
:1072900002329A4218BF0133836086F31188BFF32C
:1072A0006F8F70BD341F002013B5EFF311812024C0
:1072B00084F31288BFF36F8F846844B1013C84600B
:1072C00081F31188BFF36F8F002002B010BD52EA26
:1072D000030406D181F31188BFF36F8F6FF00F00A5
:1072E000F3E7CDE900230246014800F09BFBECE701
:1072F000341F00202DE9F0410546EFF311872023CC
:1073000083F31288BFF36F8F00231E466FF00A08C5
:107310002C68A54216D0ACB1D4E9003213605A6093
:10732000637BA66023F002036373C4E9006604F183
:10733000180005F062FEC4F88880204605F067FD5D
:107340000123E5E70022AA602BB139460548BDE8D4
:10735000F04100F0FBBB87F31188BFF36F8FBDE8EE
:10736000F08100BF341F00202DE9FF414F4E04463D
:107370002027EFF3118887F31288BFF36F8FD4F8BB
:107380009450F5B9022104F1AC0005F077FC002817
:1073900068D004F1A40500220121284605F0D1FDA2
:1073A0000028F8D1002302934FF0FF324FF0FF3353
:1073B000CDE90023414604F19C023D4800F086FDE2
:1073C000D7E7D4F898202B68C4F89430954208BFCA
:1073D000C4F89830D4F8AC3043F00203C4F8AC30B1
:1073E000EB6823F0040343F00103EB606B6888F360
:1073F0001188BFF36F8F28469847EFF3118887F302
:107400001288BFF36F8FEB68D80623F0010236D4E1
:10741000EA60EB689A0716D5306823F00203EB6048
:1074200088B10368002170B14268954235D1036884
:1074300069BB72683360824200D17360002340F8F8
:10744000083BFFF7FDFED4F8AC3023F00203C4F88C
:10745000AC3088F31188BFF36F8FDB0589D400F05F
:10746000EBFB86E7D4F8AC30D9069BD5C4F8AC006A
:1074700088F31188BFF36F8F04B0BDE8F08123F06B
:107480001103EB6005F11000FFF7DAFEC1E70B60B6
:107490007368834208BF7160D0E723B11A68014660
:1074A00018461346BFE71A46F9E700BF041D00203F
:1074B000341F0020F8B5C3689A0704460F46C3F38B
:1074C00040062ED45B071CD40B680BB983680B6095
:1074D000E368DD0744BFA3683B603D684CBF0226FC
:1074E0000126002D3CD0204B9A68D5F890309A4266
:1074F0000AD0D5F8AC30D807C3F3800214D46FF0AB
:10750000120600233B6025E005F03CFCD5F8AC30CA
:107510000028F0D1D907C3F3C002F0D552B15B0700
:1075200008D46FF00F06ECE7002AFAD1C3F3C003CA
:10753000002BF6D100232360D5F8983063B9C5E954
:107540002544284605F0B4FBE36843F00403E360F8
:107550003B68A3603046F8BD1C60C5F89840F0E772
:107560006FF01506CDE700BFE41C0020014601487E
:1075700005F0DFBBF8120020F0B589B0044600200A
:10758000C4E925000E9D04F19C00C4E9270004F124
:10759000A400C4E9290055B32879002840F201105D
:1075A00008BF0120C4F8AC0000204FF0FF364FF0B8
:1075B000FF37CDE90330CDE90100CDE906670D4B7A
:1075C0000094204600F02AF955B1296811B12046EF
:1075D00005F0DEFB6B791BB1237B43F001032373C2
:1075E000204600F0A9FBC4F8904009B0F0BD01208E
:1075F000D8E700BF6973000037B501900846EFF384
:107600001184202181F31288BFF36F8FC16811F0BC
:107610001E0F16D153EA020508D101A9FFF74AFF50
:1076200084F31188BFF36F8F03B030BD41F00801C0
:10763000C160019981620449103000F009FD012008
:10764000EEE70020ECE700BFBFCC00000146014898
:10765000FFF7D2BFF8120020F7B50C46019016468E
:107660001D46EFF31187202383F31288BFF36F8F3A
:10767000084605F00EFB55EA060309D101A920468C
:10768000FFF718FF87F31188BFF36F8F03B0F0BDCA
:10769000E368074943F00803E360019BA3623246B5
:1076A0002B4604F1100000F0D3FC0120EAE700BFF4
:1076B000BFCC000001460148FFF7CEBFF812002002
:1076C0002DE9F0410546EFF31187202383F312885B
:1076D000BFF36F8F0468A04223D014B3204605F097
:1076E00044FB04F1180005F088FC0026B046C4F8FD
:1076F0008880204605F08BFB2C68A54206F1010628
:1077000008D03CB1204605F030FB04F1180005F02C
:1077100074FCECE70648394600F018FA3046BDE83C
:10772000F08187F31188BFF36F8F0026F6E700BF63
:10773000341F00202DE9F34105460C4617461E462E
:10774000EFF31188202383F31288BFF36F8F08466D
:10775000FFF7F4FC2A46CDE900764146074800F0E1
:1077600061F905464FF0FF324FF0FF332046FFF737
:107770006DFC284602B0BDE8F08100BF341F002038
:107780002DE9F043073285B022F007020E461F466E
:107790001099017300F158037F32C0E91633044693
:1077A000002322F03F020421836041733F2A0F9897
:1077B000A073C4E90633E37306F14009A2F140085F
:1077C00005D883F31188BFF36F8F084602DFB51821
:1077D00029462046FAF706FB07300E9B20F00700EB
:1077E000A067C4E91C9802930D9B01932D1A0C9B72
:1077F00000932A463B4631462046FAF793FE002383
:10780000636584F86C30044B9B6803B1DB6FE367FE
:10781000284605B0BDE8F083E41C0020F0B587B031
:1078200000250595109D04950F9D03950E9D0295CD
:10783000DDE912760D9D01950C9D00950446FFF73C
:107840009FFFB6F1FF3F08BFB7F1FF3F05D056EAF3
:10785000070305D1204600F06FFA204607B0F0BDBF
:107860003A46334604F11800014900F0F1FBF4E711
:1078700095CE000040F2011383810023C0E91C3340
:10788000C367014B98607047E41C00200A4A936864
:107890006FF00A01C3F888100849C3F884004B68E8
:1078A00043F080534B60002383F31188BFF36F8F45
:1078B0009368D3F888007047E41C002000ED00E0D6
:1078C00070B590F90D20437B002A36DBD90634D100
:1078D0001B4C63F07F032246437352F8183FE16963
:1078E000934207D1C0E900210860E06111E09942AC
:1078F000F8D01B68002BF5D090F90E5093F90E606C
:10790000B542F4D0AE42F2DD5968C0E900310860FA
:107910005860A569954200D005B9E568A3685A7B0F
:10792000D20604D1DA897F2A01D9AA6932B1AB42E1
:1079300002D0284600F00CFB656170BD6361FCE776
:10794000E41C002038B590F90D20437B002A014645
:1079500004DA03F07F03437305F01FFA0D4D2A4646
:10796000AB6852F8184F944200D004B9EC688B42CF
:1079700007D05A7BD20604D1DA897F2A01D9A269BD
:107980002AB1A34202D0204600F0E2FA23466B61FE
:1079900038BD00BFE41C0020B3F1FF3F08BFB2F1C7
:1079A000FF3F03D00249183000F052BB704700BFC0
:1079B00095CE000038B5194CA168E0690B6881428A
:1079C00014BF1A46002249680B605960A368E16938
:1079D0002AB9134AC3E900210B60E3610CE093F973
:1079E0000E0092F90E50A84214D0854212DD516863
:1079F000C3E900210B605360A569094B9D4200D08B
:107A000005B9E568A3689D4202D0284600F0A0FAB7
:107A1000656138BD9142DCD01268D9E7E41C0020D2
:107A2000FC1C0020F8B50E4B0C4611460D4A986818
:107A30001060DDE90667EFF31182202282F31288DD
:107A4000BFF36F8F9D68284605F0B9F92846324686
:107A50003B46FFF7A1FF2046BDE8F840FFF716BF01
:107A6000E41C00200C1D0020F8B50446EFF311873C
:107A7000202383F31288BFF36F8F437B03F01F0231
:107A8000002A0CBF0126002649B239D103F07F033A
:107A9000437305F082F92C4D437B817363F07F03C0
:107AA0002A46437352F8183F934227D1E869C4E944
:107AB00000200460EC610FE09842F8D01B68002BB6
:107AC000F5D093F90EC06145F6D08C45F4DD5968C8
:107AD000C4E900310C605C60AC69944200D004B928
:107AE000EC68AB689C4202D0204600F031FA6C6131
:107AF00087F31188BFF36F8F3046F8BDE869DEE782
:107B00009B071ED5856805F048F981732B689D4257
:107B100009D16B68C4E900531C606C60E8E76A68CF
:107B20009342F6D01B68002BF3D093F90E209142BC
:107B3000F5D08A42F3DD5A68C4E9003214605C6013
:107B4000D6E78173D4E700BFE41C002049B9EFF306
:107B5000058030B9054B5A699B689A4201D0FFF7FE
:107B600095BE81F31188BFF36F8F7047E41C00202E
:107B7000034648B9EFF3058232B9064A5169926863
:107B8000914201D0FFF782BE83F31188BFF36F8F5C
:107B9000704700BFE41C0020EFF31181202383F322
:107BA0001288BFF36F8F054B9A68D37B013BD37369
:107BB00081F31188BFF36F8F704700BFE41C002072
:107BC00070B5EFF31186202383F31288BFF36F8F14
:107BD000144DAB68DA7B0132DA732A4652F8184F3B
:107BE000944200D004B9EC685A7BD20604D1DA89F9
:107BF0007F2A01D9A2692AB1A34202D0204600F00F
:107C0000A7F923466B6186F31188BFF36F8FEFF3FB
:107C10001180202383F31288BFF36F8FBDE870407B
:107C2000FFF7A6BFE41C0020024B03F11802C3E9D2
:107C300006227047E41C002070B5EFF31186202364
:107C400083F31288BFF36F8F1B4CA168E0690B6848
:107C5000814214BF1A46002249680B605960A3682C
:107C6000E1692AB9154AC3E900210B60E3610CE020
:107C700093F90E0092F90E50A84218D0854216DDF5
:107C80005168C3E900210B605360A5690B4B9D420D
:107C900000D005B9E568A3689D4202D0284600F0EF
:107CA00057F965613046BDE87040FFF7EFBD8A4285
:107CB000D8D01268D5E700BFE41C0020FC1C0020CF
:107CC000F8B550EA010306460C4603D1FFF7B4FFAE
:107CD0000020F8BDEFF31187202383F31288BFF350
:107CE0006F8F124D124BA8681860FFF72BFEA86823
:107CF000104923463246183000F0AAF9AA68537B8F
:107D000043F00403537304463846FFF7BFFDAB68E6
:107D1000D3E90A23B3F1004F08BF002AD8D105F0F8
:107D200094F9201A20EAE070D3E700BFE41C002099
:107D30000C1D002095CE000038B50446EFF31185E8
:107D4000202383F31288BFF36F8F437B5B070FD52C
:107D5000183005F052F9637B23F004032046637367
:107D6000FFF7AEFD29460548BDE83840FFF7EEBEF7
:107D700085F31188BFF36F8F38BD00BF341F00201B
:107D8000014B9868704700BFE41C00202DE9F843C0
:107D90000446077BEFF31185202383F31288BFF39A
:107DA0006F8F437B190705D585F31188BFF36F8F5C
:107DB000BDE8F883D90943F008025DD14273A36896
:107DC00013B1204604F0F1FF04F1180005F015F995
:107DD000A66D04F15808B04511D04FF0000976B1F6
:107DE000304604F0E2FF06F1180005F006F9C6F887
:107DF00088903046FFF764FDA66DB045EFD1DFF8FF
:107E0000C080D8F808309C423ED1EFF30589B9F123
:107E1000000918BF4FF00109D8F81860294A9642A6
:107E200000D00EB9D8F80C60B34202D0304600F052
:107E30008FF82046C8F8146001F0BEFFB9F1000FBA
:107E400002D02148FFF716FDD8F808309C4231D106
:107E5000EFF3058373BB227BD20718D42846FFF7C4
:107E600015FDFB07A4D5002383F31188BFF36F8FA3
:107E70000423184602DF9BE703F07F0343F0080367
:107E8000437304F08AFF9AE74FF00009C4E785F3D3
:107E90001188BFF36F8F83F31188BFF36F8F0423B3
:107EA000184602DFEFF31180202383F31288BFF31B
:107EB0006F8FD4E785F31188BFF36F8FD1E700BFD1
:107EC000E41C0020FC1C002048120020D3B5DDE992
:107ED0000667089CCDE90067FFF7A4FD1CB1034BC2
:107EE0009B681B69236002B0D0BD00BFE41C00206A
:107EF000427B12F01F02034610D10A4988420DD07E
:107F00000949086868B1D9897F2909D893F90E20F1
:107F1000064B1B689A42B8BF00207047002070478C
:107F2000104670472811002068080020101D00200E
:107F3000044BC01A044BC0105843044B01221A547E
:107F4000704700BFD8120020ABAAAAAA341F002095
:107F500070B50D4B0D4D1E7CFFF7CAFF06EB4603B7
:107F600005EBC3050446284605F047F8084B0022F8
:107F70009A553CB1621E28460649BDE87040D317A9
:107F800000F066B870BD00BFE41C0020D8120020CD
:107F9000341F0020317F000038B5EFF31185202316
:107FA00083F31288BFF36F8F0F4B104A9C681068E1
:107FB000A04206D1FFF7CCFF85F31188BFF36F8F86
:107FC00038BD00211B7C1160094AD35C002BF3D023
:107FD0002046FFF78DFF0028EED0637BDB0601D142
:107FE000FFF7E8FC2046E5E7E41C00200C1D00201C
:107FF000341F0020024B1868984208BF00207047C9
:108000006C080020034B1B680BB9FDF7EDBF002087
:10801000704700BF141D002030B570B10B4B5B687A
:1080200098420AD0036843B1D3E90421D0E904455A
:10803000121941EB0501C3E90421D0E900321360B4
:108040005A600023C0E9003330BD00BF6C08002037
:10805000B3F1FF3F08BFB2F1FF3F2DE9F84F0446EF
:10806000994615461F467AD08160EFF31188202388
:1080700083F31288BFF36F8FB9F1000FDFF8E4A02C
:1080800020DBFFF7BFFFDAE90027013549F10009DE
:108090002D1849EBE073C4E90453AD18064643EBD1
:1080A00007074FF00109FFF7A5FFDFF8BCE0DEF896
:1080B00004A00346EBB9C4E900EACAF80040CEF8D0
:1080C000044028E0DAE900126FF001035B1A4FF078
:1080D000FF3161EB02025B1B62EB0902012B72F1C3
:1080E0000001BCBF01230022C0E904324FF00009A7
:1080F000D9E7D3E9041CD4E904208A4270EB0C0BC5
:1081000024DA891A5A686CEB0000C3E90410C4E948
:10811000003214605C60FFF76DFF84420ED1134B98
:108120001B685BB9B9F1000F02D1FFF76BFF064680
:10813000304604F04BFF0021FDF728FF88F311883B
:10814000BFF36F8F28463946BDE8F88F521A60EBAF
:108150000C009A45C4E90420ADD01B68AAE70025AD
:108160002F46EFE7F01200206C080020141D0020BD
:108170002DE9F047EFF31185202383F31288BFF335
:108180006F8FDFF8A490DFF8A480C9F80000FFF734
:1081900031FF00260027D9F80030D8E900ECD917C4
:1081A00050B1D0E90442A34271EB020A1CDAE41A8E
:1081B00062EB0102C0E9044213EB0E034FF000042E
:1081C0004CEB01012046C8E90031C9F8004004F039
:1081D000FDFE2146FDF7DAFE85F31188BFF36F8FB0
:1081E000BDE8F047FFF7D8BE14EB0E024CEBE4738A
:1081F000C0E90467C8E90023FFF70EFF85F3118883
:10820000BFF36F8F83689847EFF31185202383F3C3
:108210001288BFF36F8FD9F800301B1BC9F80030EC
:10822000FFF7E8FEB7E700BF141D0020F0120020A2
:1082300010B5EFF31184202383F31288BFF36F8FFF
:10824000FFF7E0FE054A0346D2E90001181841EBAA
:10825000E37184F31188BFF36F8F10BDF01200201B
:10826000F8B50646EFF31187202383F31288BFF396
:108270006F8F026822B187F31188BFF36F8FF8BD4B
:10828000D0E90A54691C44F10003022973F1000388
:1082900034D3013D44F1FF34002CBCBF15462C46BD
:1082A00004F0D7FE013041F10001401944EB010117
:1082B000012871F100014ADB04F0CBFE013041F1ED
:1082C00000016FF00203401944EB010183426FF09B
:1082D00000438B4140DB04F0BCFE013041F1000162
:1082E0006FF00102401944EB01044FF0FF33121A02
:1082F00063EB04031A493046FFF7AAFE336B0133E0
:108300003363336A6BB187F31188BFF36F8F336ABE
:1083100030469847EFF31187202383F31288BFF389
:108320006F8F334653F8184F9C42A4D0002CA2D034
:10833000204604F07BFD0023C4F8883087F31188C1
:10834000BFF36F8F2046BDE8F84004F060BD6FF0CA
:1083500001024FF0FF33CDE700224FF00043C9E7A1
:10836000618200002DE9F04105461C4690461F46FB
:10837000EFF31186202383F31288BFF36F8FB4F1DC
:10838000FF3F08BFB2F1FF3F05D186F31188BFF36D
:108390006F8FBDE8F081002C09DB012A74F1000326
:1083A000BCBF0122002412F1FF3844F1FF372846F8
:1083B00004F023FEDDE906010023C5E90A012B6371
:1083C00042463B4628460249FFF742FEDDE700BF32
:1083D000618200002DE9F04385B04FF000090546A9
:1083E000CDF8049000F10C07EFF31188202383F3FC
:1083F0001288BFF36F8F8368594003EA02060A4070
:1084000053400E4901AACDE9023904F0BDFD019C9B
:108410003CB1C4F8889020460021246E04F017FD7A
:10842000F6E7DDE9023223EA02033846AB60414653
:10843000FFF78CFB304605B0BDE8F083B9D10000F2
:10844000F8B507460C46164604F09CFC08B100201F
:10845000F8BD0D4B9B68DD6F002DF8D0221DF6D2C4
:10846000EFF31184202383F31288BFF36F8F47F05B
:1084700004012846B04784F31188BFF36F8F0028AA
:10848000E5D040F8045BE3E7E41C00200146024A23
:108490000020FFF7D5BF00BF0F90000007B5074BC6
:1084A0000093074907484FF0FF334FF48062FFF70E
:1084B00063F8002003B05DF804FB00BFA8DA0000F9
:1084C00000370020F812002010B50A4C23681BB1B9
:1084D00001232360002010BD00F0EAF80028F7D047
:1084E0000138062803D8044B53F8200010BD034878
:1084F00010BD00BF181D0020B4DA0000FE8FFFFF82
:10850000BFF34F8F0549064BCA6802F4E06213437C
:10851000CB60BFF34F8F00BFFDE700BF00ED00E071
:108520000400FA0510B4094B09490A4C4FF0FE3219
:10853000C3F800244968C3F80424C3F80824C3F826
:108540000C240023C4F8003510BC084700B00250CA
:108550007408002000A00250D0E90012014BC3E9CA
:10856000001270477408002010B5044650B16368CB
:1085700013F0685F05D0064A934202D000232360BF
:10858000626010BD034B04485B689847EFE700BF8B
:108590002C5F5CA974080020D0DA0000C8B14368E1
:1085A0000D4A934213D013F0685F0ED0012350E8B8
:1085B000002F194640E8001C9CF0000FF7D1012A5B
:1085C000F5D0BFF35F8F0020704704487047044820
:1085D00070476FF4E04070472C5F5CA9E98FFFFFA4
:1085E000EA8FFFFF80B14368094A93420AD013F033
:1085F000685F05D0BFF35F8F0023036018467047A4
:1086000004487047044870476FF4E040704700BF6B
:108610002C5F5CA9E98FFFFFEA8FFFFF10B50446CE
:1086200020B1044B63600022226010BD0248FFF7B6
:1086300079FFF6E73A00003AF8DA000070B5D0E9C1
:108640000023174C174D6360D0E90230C4E90230B3
:1086500022604868D1F800C0134BC3E900C0D5F8C8
:108660001801D1F808C0C3F808C010F0685FD1F84D
:108670000CC00969C3F80CC0196110D00B49C5F8CA
:10868000BC110023C5E9453105F58A70C5F8B8313C
:108690009047236805F5DC70BDE87040184770BD51
:1086A00090080020301D00207C0800202C5F5CA971
:1086B00038B500F02FF820B1032400F063F820460D
:1086C00038BD00F031F898B900F0ACF898B90F4D0A
:1086D000D5F828391B0EF02B08D1D5F8242A0C4BDD
:1086E0009A420AD0072400F017F8E6E70624FAE7D2
:1086F0000424204638BD0024F5E7012000F092F85C
:1087000004460028F7D1C5F80C0AD8E700B002509B
:108710000000E0200020704700207047014BC3F8A4
:10872000040A704700B0025010B5114800F048F834
:1087300000B110BD0F4800F043F80028F9D10E4CED
:10874000204600F03DF80028F3D10C4B0C481C608B
:1087500000F036F801460028EBD100F02DF8044671
:1087600008B1204610BD00F03FF82046FAE700BFF0
:10877000D0080020CC080020C8080020C008002035
:10878000C408002008B5084800F024F8074800F0A5
:1087900021F8074800F01EF8064800F01BF8BDE875
:1087A000084000F00BB800BFD0080020CC08002023
:1087B000C8080020C408002000207047704700BF90
:1087C00008B5034B02681B6810689847002008BD75
:1087D0009008002008B5034B02685B681068984752
:1087E000002008BD9008002070B5094C094D206993
:1087F000AB68984718B1084B08485B689847084A27
:10880000EB68206900211160BDE87040184700BF87
:108810007C08002090080020740800201CDB000069
:108820002C1D0020F8B51A4D1A4E0446B26828696E
:108830009047E8B9184F3B684CB1A3B1012B19D050
:10884000013B3B602869F36898470020F8BD43B9B5
:10885000124A0121C2F800151149D1F81029002A45
:10886000FBD101333B60F368286998470020F8BDCD
:108870000C48F8BD0A4AD2F81039002BFBD1074A40
:108880006FF07E40C2F80035FFF748FF3B68D7E73E
:108890007C080020900800202C1D002000A0025021
:1088A00000B00250E98FFFFF0CB430B589B0054627
:1088B0000C461C22002101A804F0BCFC02238DF808
:1088C00006300E4B0293059523462CB1B4F1004FB0
:1088D00028BF4FF00043013B1D440DAA0C9906959B
:1088E00001A8009200F00CF814B1059B00221A7048
:1088F00009B0BDE8304002B0704700BF0BD30000A4
:108900002DE9F04F8DB043680293837815469A079E
:10891000804640F10D8100240E78002E00F00A817F
:10892000252E0BD04B1C03930134029B414630464D
:1089300098470028C0F2F6800399EDE74E788B1C2B
:10894000252E0393F0D00027B946BB46BBF11F0F7D
:1089500038D8A6F12003102B0AD8DFE803F02A0943
:1089600009300909092109090928092D09091F00E8
:10897000A6F13003092B33D92A2E37D11BF0400F33
:1089800055F8043B40F08280002BA7BF4BF0200B32
:108990009946C3F100094BF0280B01E04BF0010BA5
:1089A000039B13F8016B0393002ECFD130E04BF003
:1089B000020B4BF0040BF3E74BF0080BF0E74BF026
:1089C000100BEDE7BBF17F0F19D8A6F13003092B8F
:1089D000D2D81BF0400F03D00A2101FB0737DFE795
:1089E0000A2101FB09394BF0200BD9E72E2E06D1C5
:1089F0001BF0400F40F09E804BF0400BD0E76C2EF8
:108A000031D02BD8682E36D06A2E3CD04C2E3AD09E
:108A1000002F46F02003B8BF2BF04002A3F1650100
:108A2000BCBF1FFA82FB0027022901D9612B2FD17D
:108A3000073525F00705DFF8ACA2083507271BF03E
:108A4000080F66D00AEB070B56465E4563D1A4EBD0
:108A50000A0A06EB0A02A9EB07096FE1742E9FD000
:108A60007A2E9DD0D4E71BF0800F18BF4BF4007B0B
:108A70004BF0800B94E71BF4807F18BF4BF4007B16
:108A80004BF4807B8CE74BF4207B89E71F4687E71C
:108A9000A6F16301122900F2F080DFE811F0130063
:108AA0004F00EE00EE00EE00EE004F00EE00EE0094
:108AB000EE00EE00EE00FE00E900EE00EE001B000E
:108AC000EE00AF0055F8043B8DF8183001270DF18A
:108AD000180AB4E755F804AB834BBAF1000F08BF8E
:108AE0009A461BF0400F14BF39464FF0FF315046F5
:108AF00004F0A8FB0746A2E7029B414620209847C6
:108B000000280FDB013EB742F6D34C44A41BB1460C
:108B100098E74E46F7E716F8010B029B4146984747
:108B2000002892DA98F8023043F0040388F8023003
:108B30004FF0FF3420460DB0BDE8F08F1BF0800FE2
:108B400034D01BF4007F2CD0073525F00705AA464A
:108B500069685AF8080B2BF010050029ADB237DA16
:108B6000404261EB410145F480650DF1180B0A2389
:108B70005A4604F073FBA0EB0B0301936B0662D51E
:108B8000019B25F001019F4289B240F3A180002E94
:108B900000F0998015F0100240F09C80BB460D4615
:108BA00023E0AA465AF8040BC117D4E7AA461BF4DF
:108BB000807F5AF8041B01D10846F5E71BF4007FBB
:108BC00015BF48B208B241F3C01141F3C031C2E74A
:108BD00050EA0103C9D11BF0400FC6D0002FC4D109
:108BE0002BF0110295B2BB46019740F2064115EAFF
:108BF00001021CBF0BF1010B00222CE02BF0100234
:108C00001FFA82FB0A231BF0800C49D01BF4007171
:108C10001DBF073525F00705AA46AA461ABF5AF810
:108C2000080B69685AF8040B50EA010545D12BF08E
:108C300016051BF0400FADB242D0002F40D12BF0F3
:108C4000170295B2019715F0100248D0019B002E33
:108C500042D103F1010B29075AD4EB0706D5D945B8
:108C60006FDD0199A9EB0B035F18CB465B4649E02A
:108C70004BF0100B10237826C5E7782B04D1C6F1F2
:108C8000780343F01003BEE7029B41462520984736
:108C90000028FFF647AF023447E608230026B2E774
:108CA000AA461BF480715AF8040BBDD01BF4007166
:108CB0001ABFC0B2614680B2B6E72BF0060295B289
:108CC0000DF1180B54E725F01105ADB2BB468CE74A
:108CD0000D46B8E73B460D4603F1020BBBE7DDF856
:108CE00004B082E7B7E70000B0E70000CDE9043246
:108CF0004146029B202098470028FFF613AF049BB3
:108D0000059A01339945F1DCA4EB0B01CC189B4685
:108D10000AB3029B4146302098470028FFF602AF75
:108D20008EB901342744019B391B994224DC1D462E
:108D30005DBB019AA9EB0B092244554614469144A8
:108D400035E0019F92E7023441463046029B984746
:108D50000028E7DAE6E640F206410D42E2D015F0DF
:108D6000020F14BF2B20202015F4806F04F10104A2
:108D7000414618BF2D20E9E7029B41463020984725
:108D8000002804F10104CEDACCE606AB013D4146F1
:108D9000585D029B98470028CADAC3E6029B414609
:108DA00020209847002804F10104FFF6BBAEA9EB90
:108DB0000403002BF2DCBFE5704700EBC1004088E4
:108DC00040087047F8B50346FFF7F7FFB0FA80F0A8
:108DD000C0F11F0003EB800CCA00DCF81060171D07
:108DE0000C4606328DB256B9012101FA00F0D9685D
:108DF0000143D960CCF81040DD539D52F8BDF1001D
:108E00000431585AD85303EBC0009E52C5805D52BE
:108E1000F4E710B500EBC104E388994202F10401C4
:108E20000AD1012303FA02F2C36823EA0203C360F2
:108E3000002340F8213010BDA28840F8213000EB1B
:108E4000C20100EBC300CB808280F4E708B5034683
:108E5000FFF7B3FFB0FA80F2C2F11F021846BDE877
:108E60000840FFF7D6BF2DE9F843B1FA81F5C5F107
:108E70001F0900EB89080346D8F810200E46C2B13E
:108E80000327D8F8104018462146FFF796FFB04256
:108E900006D34A461846FFF7BCFF2046BDE8F883D4
:108EA00003EBC404013FE088C8F8100001D08242FF
:108EB000E7D1C5F120024FF0FF349440DA68144046
:108EC000EBD094FAA4F2B2FA82F2111D53F82140C9
:108ED0002146DFE738B50346FFF76FFF0D4604462E
:108EE00011461846FFF769FF03EBC505044460000F
:108EF00068801846FFF761FF014423F8314038BD10
:108F000038B50346FFF759FF0C46A51A511A03EB73
:108F1000C40405444800608003EBC2006C00448038
:108F200023F8321018461146FFF747FF014423F893
:108F3000315038BD38B50546FFF73FFF0C460144B8
:108F400005EBC1035B88DA070AD42846FFF77EFFEA
:108F500021462846FFF731FF22182846FFF7BAFFBF
:108F600035F83410611A05EBC1035B88DB070CD4BC
:108F70002846FFF76BFF35F834102246611A284661
:108F8000FFF7A8FF35F83430E41A21462846BDE83B
:108F90003840FFF717BF61B100680439091A21F0A2
:108FA00007030344C9085A8822F001025A80FFF7D8
:108FB000C1BF704770B5056809B9002070BD01F0E8
:108FC00007030B33CC0804EBD304AB689C4228BFE7
:108FD0001C4621462846FFF746FF06460028ECD0EF
:108FE00001462846FFF7E9FEA04207D93219284674
:108FF000FFF786FF11462846FFF7E4FE05EBC602A1
:109000001046538843F0010353800430D6E71146DD
:10901000FFF7D0BF2DE9F84301F1FF3919EA010943
:1090200006680F4614460CD04B420B40042B1A46E0
:109030004F4628BF0422994664B900252846BDE85A
:10904000F883042904D8BDE8F8431146FFF7B2BFFE
:109050000422F1E7BA1A04F0070302F007010B3308
:109060000B44E10801EBD20101EBD301B368994253
:1090700028BF19463046FFF7F6FE80460028DCD0B0
:1090800009F1040505EBC0057B1E35441D44B5FB05
:10909000F7F57D43A5EB09052C442B1F07349B1BDB
:1090A00024F00704A41BB0EBD30F4FEAD3074FEA19
:1090B000E40408D201463A463046FFF721FF414614
:1090C0003046FFF77FFE39463046FFF776FE3844DC
:1090D000844207D230462246FFF712FF214630462F
:1090E000FFF770FE06EBC706738843F00103738039
:1090F000A4E7043A2DE9F041CC1D114424F0070403
:1091000021F007010E1BF708B7FA87F2C2F1240518
:10911000AD004FF000080735C2F12002ED080460F1
:109120004146A760C4F80C80920004F1100004F0DE
:1091300081F86B0043F00103638004EBC5027B1BE5
:109140005900A4F800805180A21924F83550A2F8E3
:109150000280A35304EBC70329465A8842F0010258
:109160005A802046BDE8F041FFF72CBE2DE9F047BC
:1091700006460D46174698462BB398F8004093F8DC
:109180000190DB78A40004EB430498F802301C44FF
:1091900044444FF0000ACA4509D3D8F8042008F126
:1091A000080339463046AC46BDE8F047604714F83E
:1091B000013B48F823402046F6F7C6FF013004443F
:1091C0000AF1010AE7E76FF01500BDE8F08770B516
:1091D000002502462846144614F8013B0BB91846F0
:1091E00009E098B18D4207D1702B04D0A3F1400261
:1091F0003A2A0BD8002070BDA3F140063A2E05D8BC
:1092000053780135941C002BE9D00020252B08BF92
:1092100080F001002246DEE7002070470FB407B55A
:1092200004A951F8040B019100F05AFC03B05DF859
:1092300004EB04B0704710B50369024613F0080050
:1092400009D11368D4689C4297BF126AE31AD31AF3
:1092500001200B6010BD00231846FAE713B501A9E1
:109260000446FFF7E8FF20B1019BE268013B13448D
:109270000193206A019BC01A013802B010BD10B5DD
:10928000044650182269236AD20702D5013B1840D0
:1092900010BD984228BFC01AFAE710B504460A4626
:1092A000C168FFF7ECFF2369E06023F00803236146
:1092B00010BD38B50D46C2698B00016843F002034A
:1092C00042F82130044601682A46FFF7D8FFE368D8
:1092D00061682060984202BF236943F0080323615C
:1092E0002A462046FFF7CBFF606038BD2DE9F74FD7
:1092F000C768C6699B4606EB8703009316F82730BC
:1093000003F00303022B0446884691464FF0000306
:109310000BD01360CBF8003023699B0713D44FF0B8
:10932000000A504603B0BDE8F08F56F827101360CE
:109330008908CBF80030EFD0FFF7AFFFE368A360F8
:109340004FF0010AEDE7A36906EB8700984716F88E
:10935000272012F0010A0546E1D012F002021FD0C8
:10936000B8F1000F03D041462046FFF7A2FF616825
:109370002A462046FFF783FFD4E90221914260602C
:1093800006D12A462046FFF77AFF4FF0000AA06078
:10939000A2682260E260226942F008022261C0E70E
:1093A000014620460192FFF778FFE368A360B8F119
:1093B000000F04D02168E369019A43F8212005EBEE
:1093C0000802CBF8002021682046FFF758FF2369E8
:1093D000206043F00803236116F827306FF3000381
:1093E00006F82730009BC9F80030A9E770B504469D
:1093F0001546FFF744FF2368834205D123692160A6
:1094000023F00803236170BDE269AB0043F002035F
:1094100042F82130204661682A46FFF730FF60603D
:10942000F1E738B503695B07044606D5456AFFF7DF
:1094300015FF85422CBF6562606238BD38B50D46A8
:1094400004461C22002103F0F5FEEB68A361AB6823
:1094500063612B68E3616B682362002262622A69A0
:1094600023B1591E194208BF42F0010222610122B4
:1094700004F128000021BDE8384003F0F3BB2DE9DA
:10948000F04F87B000250093036A03958B42044692
:109490000E4692460595A94639D3EFF3118B20234A
:1094A00083F31288BFF36F8F059AD8462AB12946F5
:1094B0002046FFF79BFF0023059304A92046FFF7F2
:1094C000BAFE0499B14207462AD32268E36913F829
:1094D000221021F0030103F8221003EB8209216816
:1094E00032462046FFF7CBFEE3682060984212D058
:1094F000002788F31188BFF36F8F039929B1626940
:109500000AB12046904700230393002FC5D1484657
:1095100007B0BDE8F08F236943F008032361E7E754
:1095200018B12046FFF7C5FEE3E7009B5AEA0302A5
:109530001CD0019103F026FC0199B8B9BBF1000FD2
:1095400014D187F31188BFF36F8F009B524604F14B
:109550002800FDF7A9FEEFF31188202383F312887A
:10956000BFF36F8FB0FA80F77F09C2E705AB03AA9C
:1095700020462568FFF7BAFE0746BAE770B50446ED
:10958000836908460D4698470246EFF3118620236B
:1095900083F31288BFF36F8F2B7843F001032B7096
:1095A00061682046FFF76BFE60602046FFF739FFD9
:1095B00086F31188BFF36F8F70BD2DE9F04104462B
:1095C00020270020EFF3118687F31288BFF36F8FF7
:1095D000236913F0080FA36802D16268934200D98F
:1095E000226AE169D21A5AB986F31188BFF36F8FE4
:1095F00018B104F12800FDF723FE4FF0000834E015
:1096000011F8232012F0030501EB8308ECD0022DA2
:1096100003D151F82350AD0805D1D00713D4A36965
:10962000404698470546A1682A462046FFF727FE90
:109630002946A0602046FFF730FE86F31188BFF36D
:109640006F8F0120BEE742F0020201F8232040465E
:10965000A369A5689847294602462046FFF70FFEF2
:10966000A06086F31188BFF36F8F4046BDE8F0819C
:10967000F8B50446836908460D4698470646EFF359
:109680001187202383F31288BFF36F8F2B786FF33A
:1096900000032B7023699B0705D5E268E36903EBA0
:1096A00082039D421AD12B786FF341032B70D4E9CA
:1096B0000231994204D132462046FFF7E0FDA06016
:1096C00031462046FFF7E9FD87F31188BFF36F8F1E
:1096D00004F12800BDE8F840FDF7B2BD2B6860F347
:1096E0009F032B60F0E7EFF31181202383F31288AF
:1096F000BFF36F8F036913F0080F836802D14268CC
:10970000934200D9026AD31A81F31188BFF36F8F95
:10971000181E18BF01207047036800220BB91846B5
:1097200070478B4210D10B6842B942680360914286
:1097300000D1436000230B60012070471360436831
:10974000994208BF4260F5E71A461B68E6E7038BBB
:1097500013F0070305D10368002B0CBF0020032082
:109760007047022B05D1408BB0FA80F04009800091
:109770007047012B05D10368002B0CBF002005208A
:1097800070470020704710B50C4600B111B96FF05A
:10979000150010BD081D00F0D2F80028F9D1A3680B
:1097A000032BF6D9F3E72DE9F0410D46074619469C
:1097B000281D90461E4600F0D3F8044638B13346C3
:1097C000424629463846A446BDE8F0416047BDE818
:1097D000F08110B4EFF31182202484F31288BFF3D8
:1097E0006F8F416110BC0121F7F728BA38B50C46DC
:1097F000054658B151B10B6843B14B6833B11C22D7
:10980000002103F017FD2C61002038BD6FF015001A
:10981000FBE770B505460E46FFF7B5FF041E14DBE7
:10982000EFF31182202383F31288BFF36F8F6B8BCA
:109830002C8B4FF6FF718B4204F0070407D182F3A3
:109840001188BFF36F8F6FF00A04204670BD022CA1
:109850000CD101336B8382F31188BFF36F8F002328
:10986000224631462846FFF79EFFEEE7062C14D825
:10987000DFE804F004131313041A04000023336018
:109880006B683BB9C5E90066ACB902212846F7F719
:10989000D5F9DAE71E606E60F6E782F31188BFF350
:1098A0006F8F6FF00404D0E782F31188BFF36F8FDE
:1098B0006FF08504C9E782F31188BFF36F8FC4E7A7
:1098C00010B5EFF31182202383F31288BFF36F8F5B
:1098D000048B04F00704022C0AD0012C0CBF6FF09B
:1098E00004006FF0850082F31188BFF36F8F08E0EA
:1098F000438B013B9BB2438323B92146F7F79EF983
:10990000204610BD2046EEE738B5A8B1A1B1EFF36F
:109910001185202282F31288BFF36F8F048BFFF72B
:10992000FBFE30B104F0070085F31188BFF36F8FA1
:1099300038BD6FF07700F7E76FF01500F8E70346E2
:1099400058B1426802F00302012A03D0032A04D16D
:10995000026812B10020986070476FF015007047E0
:109960004268816002F00302032A4FF000020346BE
:109970000CBF006810465A60704770B50C880646E8
:109980008888241A3069A4B2844285B224BF641B3B
:10999000A4B22D1BA8B2984228BF184633682344AE
:1099A00013600B8803440B8070BD70B48389858875
:1099B0000669ED1AADB2731B934228BF134670BC03
:1099C0000A46011DFFF7D9BF70B40E460146C5888F
:1099D00031F80A3FEC1AA3B2934228BF134632462D
:1099E00070BCFFF7CABF10B54B880C88E41AA4B24C
:1099F00094420ED31A4492B28B884A800A8000693E
:109A0000D21A92B2824201D2002010BD03448B8050
:109A1000FAE76FF01500F8E72DE9F34106460F4627
:109A200015464FF000082A4601A93046FFF7BDFF52
:109A3000044640B102463946019803F0EDFB2D1B68
:109A4000A0442744EFD14246311D3046FFF7CBFFFB
:109A5000404602B0BDE8F0812DE9F34107460E46CD
:109A600015464FF000082A4601A93846FFF7ACFF1B
:109A7000044648B12EB102460199304603F0CCFBB2
:109A800026442D1BA044EED1424607F10A01384678
:109A9000FFF7A9FF404602B0BDE8F08170470378A8
:109AA0005B075FBF03684288C3F34A2303EB1210CE
:109AB0005DBF173020F007008008002070470020AD
:109AC000704702F024BB0346BFF35B8F53E8000FDF
:109AD000421C43E800210029F8D1BFF35B8F704797
:109AE0001FB50023CDE90201CDE900331A4619461E
:109AF0001846F7F7D9FC05B05DF804FB0120F7F72D
:109B000081BA002070474368DA714368196043687E
:109B100001225A71F7F768BA70B515460C4669B15B
:109B2000D2E901369B1B99420AD813680A460146BE
:109B3000981903F071FBAB682344AB60204670BDFD
:109B40006FF01B00FBE770B50E461546194604463C
:109B500018B9BDE87040F7F755BA33B1C2F34A23DC
:109B60001030120D184403F057FBC4E9005620468C
:109B7000BDE87040F7F7F4BB2DE9F3415F1C4FEAF5
:109B80008708064608F1170020F0070080080C46F9
:109B90001546F7F7B9FA0023ADF805308DF8073010
:109BA0008DF8047068B10346019A43F8102FA8F1AC
:109BB00004012A46294452F8045B43F8045F8A42B0
:109BC000F9D1A20102F4E07242EA482222F07F4277
:109BD00022F47002002322F03F02314602B0BDE8B9
:109BE000F041FFF7B0BF07B50123019201AAFFF7CB
:109BF000C3FF03B05DF804FB07B5CDE900230223E2
:109C00006A46FFF7B9FF03B05DF804FB1FB5CDE965
:109C10000123069B039301AA0323FFF7ADFF05B0C1
:109C20005DF804FBF8B506460D4614461F4604B918
:109C3000F8BD214628463A46B047241A0544F6E7BF
:109C400010B5426881680446D2E900230068FFF736
:109C5000E9FF636800221A6010BD38B54B681A68C6
:109C6000CB689A4205460C4602D10846FFF7E8FF4A
:109C70006368BFF35B8F53E8002F511C43E800106B
:109C80000028F8D1BFF35B8FA3689D54002038BD36
:109C90000A2838B504460D4602D10D20FFF7DDFF36
:109CA00029462046FFF7D9FF002038BD2DE9F043B3
:109CB000054687B008460E8891F80090D1F80880D4
:109CC0000C461746F7F740FC011EC6F38216C9F38F
:109CD000C2091EDB4846F7F755FB0346214660885C
:109CE00051F8102B0196C2F34A22002A01EB02041C
:109CF000C0F30B1008BF00210022CDE90407CDE915
:109D00000214009241462846F7F74AFC07B0BDE826
:109D1000F0830023E2E743681B685B680020196159
:109D2000704743681B681A685268536070472DE992
:109D3000F04143681B685A68012111751D68D5E917
:109D40000136D3E900482F681CB96B681C60BDE878
:109D5000F081214630464246B847241A0644F3E7CC
:109D600043681B681868F7F785BD70B543681D68C0
:109D70006B6818690C46F7F721F9214603460F2254
:109D80002868BDE870401847FEE703F053BA03F0B7
:109D900043BA01460068F7F7C5BF08B5F8F71EF8E3
:109DA000BDE80840F8F73EB80A460121FFF71BBF9F
:109DB00000210120F7F7B6BF6FF08500704761B64C
:109DC00062B680F31188BFF36F8F704772B60023BD
:109DD00083F31188BFF36F8FBFF34F8F30BF62B62D
:109DE000BFF36F8F704772B6002383F31188BFF300
:109DF0006F8FBFF34F8F20BF80F31188BFF36F8F3A
:109E000062B67047202809D9B0F1004F08D8013850
:109E1000B0FA80F0C0F11F00400070470820704782
:109E20003E20704708B5D1E904319847002008BDAD
:109E300008B5F8F78BFD002008BD002303824369B5
:109E4000C3607047027A01320272704710B508B1E0
:109E50004B6843604C68002308464B60F8F740FEAF
:109E6000204610BD8388026819448180D01870474D
:109E700030B484880568A3188380281930BC03F0A7
:109E8000CBB910B5838802685C1C8480D154D0188B
:109E900010BD8388026830B5D4189D1C8580D154CC
:109EA000090A617030BD83885B1A9BB283800068A9
:109EB000184470478288521A03468280006808441A
:109EC000186070478388C2888168D21A03685B1A59
:109ED000D01A70474FF0FF324FF0FF330430FDF7D8
:109EE000B5B8FDF72BB990F86C00C0F3411070477E
:109EF000F8B504461E460D461746FFF7EBFF94F8EB
:109F00006C309B0715D425B1012D10D06FF01505CD
:109F100008E0216F0029F9D09DF818300F714E71BB
:109F20008B710025201DFFF7DCFF2846F8BD616F0F
:109F3000F0E76FF07705F5E790F86C00C0F380006C
:109F4000704738B50446FDF727FE2046FFF7C2FFED
:109F5000A06940B96FF01205201DFFF7C2FFFDF7A1
:109F60002FFE284638BD94F86C30DB0716D402F07B
:109F7000D0FC0028EED02046F9F766FC0546002804
:109F8000EAD10146242204F1280003F053F994F8A1
:109F90006C3043F0010384F86C30DDE76FF0770537
:109FA000DAE770B50446FDF7F7FD2046FFF792FFAC
:109FB00094F86C30DA0731D5C3F340019B0730D4F5
:109FC000A06901F0C6FB0646A06901F031FC054618
:109FD000B0B9A36F4BB13146204600F084F9054675
:109FE000A8B1A06901F050FC0AE0A06901F0C8FB2B
:109FF000A0670028EFD1A06901F046FC6FF00B05C7
:10A00000201DFFF76EFFFDF7DBFD284670BD94F8BD
:10A010006C3043F0020384F86C30F1E74FF0FF3509
:10A02000EEE76FF07705EBE70246034652F8640F60
:10A03000904201D1002070470028FCD0027A8A4269
:10A04000F9D09A6E8242F5D000680028F6D17047A8
:10A0500038B504460D46FFF73DFF94F86C30DB073A
:10A0600018D42B690BB9EB68BBB1636E1BB904F153
:10A070006403C4E919332B6893B9A26E04F1640137
:10A08000C5E900121560A5661D46201DFFF729FFD2
:10A09000284638BD4FF0FF35F7E76FF01505F4E7B8
:10A0A0006FF07705F1E710B50446034654F84C0FFE
:10A0B000A0420DD100200DE0447D8C4204D1032943
:10A0C00009D1047A944205D01C6DA042F2D00068F8
:10A0D0000028F1D110BD0F29F5E72DE9F041054623
:10A0E0000C46061D4FF0FF324FF0FF333046FCF7B1
:10A0F000ADFF2F6F002F6DD095F86C30DB0769D462
:10A10000EB6C1BB905F14C03C5E913332368002B35
:10A1100063D1637D0F2B09D1237A012B0CD02B6DDA
:10A1200005F14C02C4E900231C602C65637D032B00
:10A130000FD04FF0000806E0E1682846FFF788FFDF
:10A1400080460028EBD03046FCF7F8FF4046BDE8DB
:10A15000F081EA6C05F14C0090421ED1002329E009
:10A1600091F815C0BCF1030F10D0013323724B6876
:10A17000C4E900131C604C60637A022B24D0032BCB
:10A1800025D0012BD5D1237ABB73D2E791F808C033
:10A190000CF1FF3C6345E8D11268002ADED0537D04
:10A1A000296D032B0DD18A42137A02D01168002940
:10A1B000D6D1013323722B6DC4E900031C602C65DA
:10A1C000DAE78A42E8D1C9E7237AFB73B1E7237A59
:10A1D0003B74AEE74FF0FF38B5E76FF07708B2E7B2
:10A1E0000346006800B1187A70470346C08808B17A
:10A1F0001878C009704770B50C46154600F006FB8C
:10A2000040B1406883681B6823B12A462146BDE8F7
:10A210007040184770BD38B580210446806901F050
:10A22000D2FA054650B10146204600F099FC04469A
:10A2300010B12846F8F754FC204638BD6FF00B04E7
:10A24000FAE738B50446806FFFF7FCFD0546FFF7D7
:10A25000F4FD2046294600F083FC044610B1284650
:10A26000F8F73EFC204638BDF8B503698668BFF3B1
:10A270005B8FD3F8A030BFF35B8F9B0704460D467E
:10A2800017460ED5B36A7BB1F36B9847B36A29467C
:10A290003A4620469847336C05462046984728465C
:10A2A000F8BD4FF0FF35FAE76FF08505F7E770B5B9
:10A2B00003698668BFF35B8FD3F8A030BFF35B8F71
:10A2C0009B0704460D460BD5F36B9847736A2946E6
:10A2D00020469847336C054620469847284670BD6F
:10A2E0004FF0FF35FAE710B5044619B9002084F89D
:10A2F000300010BDFFF7A5FF0028F7D0F9E738B50B
:10A3000090F83030022B0D4604D100F079F908B1F5
:10A31000C46804B938BD2B78032B07D0052B0CD0AB
:10A32000022B08D1606883689B6902E060688368DB
:10A330005B6903B198472468EBE760688368DB6971
:10A34000F7E70B0644BF21F080011031C84000F050
:10A35000010070472DE9F8434FF0010805460C460F
:10A3600046462068002839D068F07F02D2B21146F4
:10A370005FFA88F7FFF7E5FFB0B1D5F80090114616
:10A380004846FFF7DEFF18B96FF01500BDE8F88307
:10A3900022F08002103206FA02F229EA02032B6050
:10A3A000236823EA0203236020683946FFF7C9FFC8
:10A3B00078B12A6839461046FFF7C3FF0028E3D07A
:10A3C00006FA08F122EA01022A60236823EA01035F
:10A3D000236008F10108B8F1100FC2D10020D5E7C1
:10A3E0002DE9F04F8369026F1B6993F88030C3F346
:10A3F0004113022B8DB081460ED0032B0ED0012BC2
:10A400000CBF10230823D371D9F854800026B8F16B
:10A41000000F05D14246ABE02023F4E74023F2E7EA
:10A42000D8F80430D8F80C4003930A9604967CB907
:10A43000049B039A09339BB293701B0AD370167165
:10A44000D8F80C40002C40F0AF80D8F80080DDE751
:10A45000606883681B6B00250B95002B00F0A280C1
:10A4600029469847002800F09D80031FC4E9035542
:10A4700002933546029A52F8043F02920BB11A78C1
:10A4800022B9B54278D86FF0150271E05A780B2ADC
:10A4900008BF9D70029B1B685A78042A10D1E2689D
:10A4A0000B990A43E260DA78002A55D19D7023693E
:10A4B0000122AA40134301352361EDB200230B931F
:10A4C000029B1F687B78052BD4D1D9F818300793ED
:10A4D0006FF012024FF0010B79793B7943EA0123C7
:10A4E000ADF8263097F902305FFA8BFA002B0A9B01
:10A4F0000593B8BF4AF0800A51461846FFF721FF7E
:10A5000088BB0B9B069351461846FFF71AFF50BBBA
:10A51000BB79FA780798009351460DF1260300F0B5
:10A52000EEFF0246F8B91AF0800F18BF2AF080013A
:10A530004FF001031CBF10318B4005980699BDF800
:10A54000262087F802A008BF03FA0AF3194318432C
:10A55000CDE90A01BA808DE76A1E9A700BA90AA894
:10A56000FFF7F8FEAAE70BF1010BBBF1100FB3D117
:10A5700010460DB0BDE8F08FE3680B9A1343E3601B
:10A58000606883689B6ADBB1984702460028EFD178
:10A590000146606800F001F9049B246803440493B9
:10A5A0002E4644E73546EBE7E368A36004F10C016F
:10A5B0000AA8FFF7CFFE02460028D9D1246841E758
:10A5C0006FF08502D4E74FF0FF324FF0FF330430D5
:10A5D000FCF73CBDFCF7B2BD21B101290DD0002331
:10A5E0001B68FFDE5430006848B143685B799342D2
:10A5F00005D000680028F8D170475C30F3E7704759
:10A6000010B590F83030022B044609D1FFF76BFCEF
:10A6100094F8382001462046BDE81040FFF7DCBF23
:10A62000002010BD08B5FFF7D7FF003818BF012084
:10A6300008BD2DE9F04104460E46FFF754FC94F89E
:10A6400038308046CBB9002E3BD0324641462046BA
:10A65000FFF7C2FF0746A8B10246204600F0D6F930
:10A66000054688B984F83860FC6864B3606883681C
:10A670001B6A03B198472468F7E72046FFF7C0FF3D
:10A68000074620B96FF03C052846BDE8F081014639
:10A69000204600F091F910220546002104F13A000D
:10A6A00002F0C8FD002384F83830FF6817B9002D88
:10A6B000C9D0E9E7786883685B6A03B198473F6867
:10A6C000F4E784F838600025DEE7F8B504460E4666
:10A6D00057681546FFF777FF94F86C30D9074FD4C9
:10A6E000012E08D0FB799A060CD5A3691B69D3F813
:10A6F00080309B0706D46FF08506201DFFF76AFFA8
:10A700003046F8BD002EF6D1E36D53B9626D62B9E3
:10A71000236F6A685B7C0133DBB25371226F537421
:10A720000EE09D422FD01B68EFE7954222D12A68A8
:10A73000D3B9A36D62659D4200D1A26500232B6051
:10A74000A96849B12046FFF7C8FC06460028D4D1C5
:10A75000A868FFF745FDB87100232B60A36D63B9AE
:10A76000C4E915550026C8E71A60A26D954208BFD6
:10A77000A365E3E713461268C9E71D60A565F1E725
:10A780006FF00F06B9E76FF01506B6E74FF0FF322E
:10A790004FF0FF330430FCF759BC08B583681B6BDE
:10A7A0000BB198470346002023B153F8042B0AB19C
:10A7B000127802B908BD1044F6E710B51C46FFF741
:10A7C0000BFF48B10122C06802FA04F320B102690C
:10A7D000134201D10068F9E710BD10B50C46FFF730
:10A7E0000FFF48B10123C06803FA04F120B10369E7
:10A7F000194201D10068F9E710BDD1F81A00836849
:10A800001B6903B118476FF08500704770B501F000
:10A810007F0311F0800F18BF103301259D4090F881
:10A820003030022B044601D0002070BD90F8386013
:10A83000FFF759FB324601462046FFF7CDFE0028C0
:10A84000F2D0C0680028EFD083681D42EDD10068C7
:10A85000F8E738B50C46FFF7D3FE80B1C06870B199
:10A860004368DA681AB111790023994201DC006863
:10A87000F5E71568ED5CA54201D00133F5E738BD79
:10A880002DE9F04105461E460846002A45D1F8F755
:10A89000F3FF0446002840D02846FFF777FF95F8DD
:10A8A0006C30DA0730D46768BFF35B8F6369BFF33E
:10A8B0005B8FDB0704F1140829D47B680BB1AB4232
:10A8C00025D1324600212846FFF786FE10B300232B
:10A8D00023600369ABB9C0E90344BFF35B8F58E859
:10A8E000003F43F0010348E80032002AF7D1BFF3EC
:10A8F0005B8F00247D60281DFCF720FC2046BDE80E
:10A90000F0811C600461E8E76FF00F04F3E76FF07B
:10A910007704F0E76FF03C04EDE76FF01204EDE729
:10A920002DE9F8434C689DF820900D469846064660
:10A930001746FFF7D8FAA3681B6B01461BB96FF0E7
:10A940001500BDE8F883204698470028F7D0041F7B
:10A950000C35002054F8043F0BB11A782AB90028AE
:10A960000CBF6FF03C000020EBE75A78042A0BD1B3
:10A9700000BB9A784245EDD1DA784A45EAD11B7995
:10A98000002BDED00120E5E7052AE3D10028E1D045
:10A99000012F997806D0022FF4D1B0692A4600F031
:10A9A000C4F804E0B0692A46194600F0A2F800286D
:10A9B000E8D0C6E70020C4E7F8B5CC6806460CB975
:10A9C000204622E004F10C070125E268AAB165F0F7
:10A9D0007F03D9B203F07F031033DA40D2070ED4DD
:10A9E000E368EB40DB0705D5B0693A46E9B200F011
:10A9F0009CF850B90135102DE7D12468DFE7B06924
:10AA00003A4600F092F80028EAD0F8BD2DE9F34765
:10AA10005768002497F8058005460E46A1463B7905
:10AA2000A34203DC002002B0BDE8F0875FFA84FA9D
:10AA30003146534642462846FFF7BFFE014650B115
:10AA4000CDF80090534601222846FFF769FF002801
:10AA5000E9D10134E3E76FF03C00E4E72DE9F74387
:10AA600080460D461746FFF7B8FE064628B96FF038
:10AA70000104204603B0BDE8F0830F2DF7D808EBA2
:10AA80000509014699F83A4000972B4600224046B6
:10AA9000FFF746FF0028EAD100942B4602223146F8
:10AAA0004046FFF73DFF04460028E2D100972B46C1
:10AAB000012231464046FFF733FF04460028D8D133
:10AAC000706883685B6813B13A462946984789F8ED
:10AAD0003A70CEE711F0800F18BF21F080010268B4
:10AAE0004FF0010318BF10318B4022EA03030360CB
:10AAF000704737B58B7900938B880C461546CA781A
:10AB0000897800F041FD70B994F90230A1782A6883
:10AB1000002BB8BF21F080014FF00103B8BF103106
:10AB20008B4013432B6003B030BDF8B506460D468D
:10AB3000174600F052FD044658B929463846FFF73B
:10AB4000C9FF29463046F9F799F8044608B9FDF7D8
:10AB500073F82046F8BD0A468069802100F01FBEC8
:10AB60002DE9F0410B7E5E0605460C462FD11906F5
:10AB700024D5FFF7E1F970BB2846D5F87080268A06
:10AB8000EF8DFFF7B0F9F8B1421E534253419B01DC
:10AB9000228A9AB1BE42E98D324628BF3A46914296
:10ABA0000CD9B2FBF3F103FB11223AB994F9183036
:10ABB000002BBEBF637E43F008036376A86921467D
:10ABC000BDE8F04100F07FBD98F80730E0E76FF096
:10ABD0001500BDE8F0814FF0FF30FAE7436898694F
:10ABE000F9F77CB870B591F918304668002B054626
:10ABF0000C4607DBC4F81A50B0692146BDE8704026
:10AC000000F061BD3046FFF797F90028F2D04FF011
:10AC1000FF3070BD806900F0E7BD38B5054680693A
:10AC20000C4600F0F6FC60B914F0800F18BF24F059
:10AC300080046A6B4FF0010318BF1034A340134324
:10AC40006B6338BD70B5054680690E4600F00BFD9C
:10AC5000044620B9314605F13400FFF73BFF20469A
:10AC600070BD0B0648BF21F08001406B48BF10311A
:10AC7000C84000F00100704782B0C3698DF8001031
:10AC800001922BB102AB13E9060002B0F8F752BEF5
:10AC900002B0704782B0C3698DF8001001922BB1E9
:10ACA00002AB13E9060002B0F8F744BE02B07047E9
:10ACB000704703695B68D868704743680361037A2B
:10ACC00063B1012B0CBF022303234375437A5A1E41
:10ACD000032A05D8DFE802F0050505050123F4E79E
:10ACE00000230375837A062B09D0072B09D0052B87
:10ACF0000CBF002303238375837EC3757047012334
:10AD0000F9E70223F7E7036993F8400030B1DA6B03
:10AD10009388918910695B1A9BB2C01A70470369C6
:10AD200093F838007047036993F8402012B993F8FC
:10AD300038007047012070470369C3E90712704764
:10AD4000BFF35B8F0068BFF35B8F084100F0010029
:10AD5000704738B50469BFF35B8F04F1880555E887
:10AD6000003F43F0040345E80032002AF7D1BFF367
:10AD70005B8F636B5A89DB889A4203D004F124000D
:10AD8000FCF7F4FB04212846FFF7DAFF28B904F1A9
:10AD90007800BDE83840FCF7E9BB38BD10B5046960
:10ADA000606BFEF759FE10B1012384F8393010BDF5
:10ADB00010B50469606B4289C3889A4202D14FF092
:10ADC000FF3010BD0122FEF747FE0028F7D004F146
:10ADD0007800FCF7CBFB0020F3E738B50469EFF30C
:10ADE0001185202383F31288BFF36F8FE06BFEF78A
:10ADF00013FE85F31188BFF36F8F10B1012384F820
:10AE0000413038BD38B5034640681B695D68AC68A1
:10AE1000A37A84F8223094F82D3084F823306968BE
:10AE200041B1237C33B9FFF758F918B96868FFF7C7
:10AE3000D7F92074002038BD01238B40DB43BFF3DA
:10AE40005B8F50E8002F1A4040E800210029F8D11C
:10AE5000BFF35B8F7047006902218830FFF7ECBFBA
:10AE6000006903218830FFF7E7BF08B50369186957
:10AE700000218830FFF7E0FFBDE808400121FFF71F
:10AE8000DBBF0369186901218830FFF7D5BF2DE9C1
:10AE9000F04750F8483C00F140055B680746002148
:10AEA0002846D3F80080FFF74BFF00284DD0012142
:10AEB0002846FFF745FF002847D1BFF35B8F55E8D1
:10AEC000003F43F0200245E800210029F7D1BFF3FD
:10AED0005B8F9B0639D4D8F810305B689B684022A2
:10AEE00093F836104046FFF779FE064650B92846DB
:10AEF0000521FFF7A1FF38462122BDE8F0470023D6
:10AF0000FCF7A4BB8146428A59F80C1F57F80C0C79
:10AF1000FEF7A2FD044601464846FEF7A3FF24B112
:10AF200014F03F0F0CBF0124002407F82D4C3146CC
:10AF30004046FFF757FE40B13046F7F7D1FD2846AF
:10AF40000521BDE8F047FFF777BFBDE8F087F8B50A
:10AF5000036947681C695B689B680D4693F83D3040
:10AF6000097E06462AB3994204D1042104F18800DF
:10AF7000FFF762FF33692A7E5B689B6893F836307F
:10AF80009A4204D1052104F18800FFF755FF336987
:10AF90002A7E5B689B6893F826309A4203D104F1BD
:10AFA0008C00FCF7A7F929463846BDE8F840FFF7C2
:10AFB00031BE994214D12A8AE968606BFEF72CFDF4
:10AFC00028B1E3691BB104F12400FCF7CFFA04F1C6
:10AFD00088000421FFF730FF04F17800FCF7C6FA7F
:10AFE00033692A7E5B689B6893F836309A4215D1A4
:10AFF000E3691BB104F12400FCF7B8FA052104F160
:10B000008800FFF719FFE36B5A89DB889A4205D065
:10B010000022002304F14800FCF718FB33692A7E64
:10B020005B689B6893F826309A42BCD104F18C008F
:10B03000FCF706F9B7E738B550F8783C5B681D684F
:10B0400000F11003024600211846FFF779FE0028A0
:10B0500036D001211846FFF773FE88BB52F8441C16
:10B060008A8888890969121A92B28A1A3F2A27D9CE
:10B07000BFF35B8F53E8002F42F0100143E800104C
:10B080000028F7D1BFF35B8FD30619D42B695B6817
:10B090009B68402293F83D102846FFF79FFD044629
:10B0A00070B1438A402B28BF402343820146284683
:10B0B000FFF798FD20B12046BDE83840F7F710BDF6
:10B0C00038BD38B550F8243C5B681A6850F8083C25
:10B0D0000446002B4BD0002300F164058382838358
:10B0E00002212846FFF72CFEB8B154E9023110695D
:10B0F0009847637D1BB104F15400FCF737FA052132
:10B100002846FFF71DFE98B9637F6BB1002200232C
:10B1100004F12400FCF79AFA0AE003212846FFF71D
:10B120000FFE0028E1D1E4E714F8093C002BEDD133
:10B1300002212846FFF704FE38B123695A89DB88CB
:10B140009A4202D02046FCF711FA03212846FFF765
:10B15000F7FD60B1A2699388918912695B1A9BB26D
:10B160009A4204D02046BDE83840FCF7FFB938BD0C
:10B1700008B5036903F1880202211046FFF7E0FDDC
:10B1800028B1596B4889C988401A18BF012083F833
:10B19000380003211046FFF7D3FD40B1DA6B9088E9
:10B1A00091891269401A80B2801A18BF012083F871
:10B1B0004000012008BD03691B69BFF35B8F883322
:10B1C00053E8001F41F0020143E80012002AF7D1C2
:10B1D000BFF35B8F704770B503691C69BFF35B8F6A
:10B1E00004F1880555E8002F42F0010245E80021EE
:10B1F0000029F7D1BFF35B8F02212846FFF7A0FD9E
:10B2000010B11846FFF7A5FDE36BDA885B899A4217
:10B210000AD103212846FFF793FD68B104F1240009
:10B22000BDE87040FCF7A2B904F148000022BDE877
:10B2300070400023FCF70ABA70BD0069BFF35B8F52
:10B2400000F1880353E8001F41F0080143E80012B1
:10B25000002AF7D1BFF35B8FC26B93889189126983
:10B260005B1A9BB29A4202D02430FCF77FB9704738
:10B2700010B5807A0C46F7F7ADFBC36921465868D4
:10B28000BDE8104001F0A2BBF7B50D46807A174625
:10B290001E46F7F79FFB2C68C369033424F00302B2
:10B2A00058682A600421CDE90076FBF7B3FD00B9A8
:10B2B000286003B0F0BD38B50446807AF7F78AFB02
:10B2C0006169054649B1637ADB0704D4C3691B6829
:10B2D00020469B6898470023636121462846BDE8C5
:10B2E000384001F0B1BC30B50906847C054618D45D
:10B2F00014F040001AD0298AC3F30A00C1F30A01EE
:10B30000884222D802F0030002280DD003280ED074
:10B31000012815D114F0080217D013F4C05F05D02E
:10B320000BE014F02000E5E7C4F3800030BD14F01A
:10B330000200FBD013F4C05F05D0C4F30010F5E7A2
:10B3400004F00100F2E70120F0E70020EEE7BFF390
:10B350005B8FD0F8A000BFF35B8F00F00100704757
:10B36000BFF35B8FD0F8A000BFF35B8FC0F340004A
:10B37000704701F00F030906026948BF103352F805
:10B3800023007047007DC0F300107047037D61F318
:10B3900004130375704708B502691046FFF7D7FF1D
:10B3A00060B9087E00F00F03000648BF103342F872
:10B3B0002310084601F035FC002008BD6FF00C009A
:10B3C000FBE700220023FBF709BF01F047BC01F0B7
:10B3D00030BC407EC0F3C0007047437E6FF3C303B0
:10B3E000437670471FB504698DF80410CDE902203B
:10B3F000D4F8983001A9984704B010BD1FB504696E
:10B40000034606208DF804002046CDE90213FFF71D
:10B410009EFF40B1C1F81E20D4F8982001A918461B
:10B42000904704B010BD4FF0FF30FAE738B505463D
:10B430000C462046FFF7C5FF014600B938BD6FF046
:10B4400070022846FFF7DAFFF3E72DE9F8430669B3
:10B450000746D6F80090D6F840800D464FF0FF32F0
:10B460004FF0FF3306F18400FBF7F0FD4046FFF795
:10B47000A8FF014618BB4846FFF7A3FF044620BBC0
:10B4800099F814306FF3041389F8143098F81430D5
:10B490006FF3041388F8143024BB012286F8B0201F
:10B4A000EDB12B68C6F8A8306B68C6F8AC3086F8EA
:10B4B000B12038698430BDE8F843FBF73FBE6FF038
:10B4C00067023846FFF79AFFD0E7637EDB07D7D4E1
:10B4D0006FF0670221463846FFF790FFCBE786F80A
:10B4E000B150E6E72DB10822294604F10C00FEF721
:10B4F000BFFC002221463846FFF780FFD9E72DE93F
:10B50000F84304468668894615461F46FFF731FF13
:10B510008046002835D0F36B204698473B882A4662
:10B5200049464046FFF7DFFE28B38BB92369D3F8BD
:10B530008030DB0758BF402305F0030546BF4FF4BA
:10B5400080634FF400711946022D07D0032D0CD0F3
:10B550002046336C98470020BDE8F883B8F81020E7
:10B560008A4228BF0A463A80F2E7B8F810209A4289
:10B5700028BF1A46F7E72046336C98476FF08500DE
:10B58000EAE76FF01200E7E72DE9F3411F464B06AB
:10B59000D0F8088004460D4616461BD0D8F83C303B
:10B5A00098472069FFF7DCFE88B19DF820300093B2
:10B5B00029463B4632462046F8F7F2FA0546D8F8C7
:10B5C000403020469847284602B0BDE8F0814FF051
:10B5D000FF35F4E76FF01505F5E770B54B068668A3
:10B5E00004460D4612D0F36B98472069FFF7AFFE73
:10B5F00048B129462046F8F717FB0546336C20462C
:10B600009847284670BD4FF0FF35F7E76FF01505F6
:10B61000F7E770B586680546F36B0C4698472869CE
:10B62000FFF79EFEB0B121462846FFF7A2FE014675
:10B6300098B1037DDB0710D5437E03F00303012B94
:10B640000ED0F3682846984704462846336C98473E
:10B65000204670BD4FF0FF34F7E76FF01204F4E7B7
:10B660006FF08504F1E7F8B587680646FB6B0C467A
:10B6700098473069FFF774FEE0B121463046FFF786
:10B6800078FE0546C8B1037DDB0716D5437E03F07F
:10B690000303012B14D001463B693046984704460A
:10B6A00018B92B7D60F341032B7530463B6C9847EE
:10B6B0002046F8BD4FF0FF34F7E76FF01204F4E7CF
:10B6C0006FF08504F1E72DE9F04186680769F36BB7
:10B6D00005460C4698472869FFF742FE98B394F850
:10B6E000188028464146FFF744FE014670B3037DAB
:10B6F000DA072BD518F07F0F20D197F8B030EBB1D7
:10B70000637EDB0717D597F8B13033B1082207F114
:10B71000A80104F10C00FEF7ABFB002287F8B02073
:10B7200021462846FFF76AFE04462846336C9847B0
:10B730002046BDE8F0816FF06702F1E773682246AA
:10B7400028469847F0E74FF0FF34EEE76FF0120419
:10B75000EBE770B5866805460C46F36B98472146C3
:10B760002846FFF706FE48B101F078FAB0FA80F4F7
:10B7700064092846336C9847204670BD0124F8E7D9
:10B7800008B503691B6800215A8BF8F7A7FA28B19E
:10B79000437E23F0070343F00103437608BD08B559
:10B7A00039B903691B685B8B013A1A44B2FBF3F2A7
:10B7B0005A43F8F793FA28B1437E23F0070343F086
:10B7C0000203437608BD08B561B903691B685A8B4B
:10B7D000F8F784FA28B1437E23F0070343F004030B
:10B7E000437608BD0022F3E770B586680D46F36B1B
:10B7F000044698472846F7F773F92046336C984774
:10B80000002070BD70B586680546F36B98472869BF
:10B81000FFF7A6FD044620B133683BB128469847A0
:10B8200004462846336C9847204670BD0124F8E74B
:10B83000F8B587680669FB6B044698472069FFF7EF
:10B8400086FDD8B12069FFF78BFDD0B9FB6A204691
:10B850009847054668B9BFF35B8F06F1A00353E82C
:10B86000001F41F0020143E80012002AF7D1BFF3A4
:10B870005B8F20463B6C98472846F8BD4FF0FF355C
:10B88000F7E76FF07705F4E7F8B587680669FB6BB3
:10B89000044698472069FFF763FDB0B13B6B204633
:10B8A0009847BFF35B8F054606F1A00353E8001FDE
:10B8B00021F0020143E80012002AF7D1BFF35B8FA9
:10B8C00020463B6C98472846F8BD6FF07705F7E7B0
:10B8D0002DE9F0410546D0F80880066914460F4668
:10B8E00031B32AB3D8F83C3098472869FFF72FFDC9
:10B8F000D8B9C6E926742846D8F8343098470446A3
:10B9000060B9BFF35B8FA03656E8003F43F00103F8
:10B9100046E80032002AF7D1BFF35B8FD8F84030F9
:10B92000284698472046BDE8F0816FF07704F5E798
:10B930006FF01504F6E7F8B587680669FB6B0446F7
:10B9400098472069FFF70CFDD0B92069FFF7FFFC8D
:10B95000C8B1BB6B20469847BFF35B8F054606F125
:10B96000A00353E8001F21F0010143E80012002A60
:10B97000F7D1BFF35B8F20463B6C98472846F8BD54
:10B980006FF00F05F7E76FF07705F4E7C343C3F3F4
:10B99000C01300F00F0000EB03107047FEF723B94F
:10B9A0004A09012301F01F018B4000EB8200BFF325
:10B9B0005B8F50E8002F1A4340E800210029F8D19E
:10B9C000BFF35B8F704700698430FBF7B7BB00693A
:10B9D00084304FF0FF324FF0FF33FBF737BB036982
:10B9E000C9B20C2201FB0233186C00F0070070474B
:10B9F00070B5C9B20369EFF31185202484F312886E
:10BA0000BFF36F8F0C2606FB0134246C14F0C004C6
:10BA100008D0A24206D085F31188BFF36F8F4FF094
:10BA2000FF3070BD71430B4401221A6485F3118805
:10BA3000BFF36F8F43680B445B6898470020F0E7C3
:10BA40008022FFF7D5BFF8B5069F0469C9B2EFF3AE
:10BA50001186202585F31288BFF36F8F0C2569436B
:10BA60000C44256C05F0070CBCF1010F0BD12764C9
:10BA700086F31188BFF36F8FC4E90E2343685B58C8
:10BA800098470020F8BD05F0C005AF4286F3118845
:10BA9000BFF36F8F0CBF6FF077004FF0FF30F1E70F
:10BAA00013B580240094FFF7CEFF02B010BD10B490
:10BAB0000069CBB21C2403FB0400002110BC10471A
:10BAC0001046FBF7BDBB00F0B9BBFAF783BC436877
:10BAD0005B68D3F810350B600020704743685B68E3
:10BAE00002EA010021EA0201C3F80805C3F80C15B7
:10BAF0000020704743685B680020C3F80815704752
:10BB000043685B680020C3F80C15704743685A68A7
:10BB1000D2F8043521EA03000B40C2F80805C2F848
:10BB20000C350020704710B503695868F8B1884299
:10BB300019D19C6808685860A14200D19860002023
:10BB400008602AB15A680A609A68596002B9996017
:10BB5000002010E0814206D1086820609868814288
:10BB6000EDD19C60EBE7044600680028F2D1002A82
:10BB7000E8D16FF0150010BDFAF740BD13B54FF0D6
:10BB800080520829136E526E28BF082112BA009203
:10BB90001BBA0C460A466946019301F03DFB20465C
:10BBA00002B010BD30B543681360057A446804EBF9
:10BBB000C504A34202D36FF0010030BD5C798C4212
:10BBC00001D00833F0E70020F7E710B504692046FC
:10BBD00000F09FFF0023636110BDF8B587687C68A3
:10BBE00006469CB1436893F82630DB071DD40569EF
:10BBF0004FF0FF334FF0FF322846FBF727FA6B690F
:10BC0000002B05DC00242846FBF798FA2046F8BDF7
:10BC1000013B6B61002BF5D17B6830469847041ED1
:10BC2000BEBF6B6901336B61EDE70024EEE7F0B452
:10BC3000D0E901631B693BB177688F4208DB356847
:10BC4000954205DCF0BC18476FF05700F0BC704718
:10BC50006FF01500FAE7F0B4D0E901631B6A3BB15D
:10BC600037698F4208DBF568954205DCF0BC184760
:10BC70006FF05700F0BC70476FF01500FAE770B432
:10BC8000D0E90162956A03460C46A5B196F82420D6
:10BC900012B92B4670BC1847306A024410F8011BD9
:10BCA000A14202D121461846F3E79042F6D16FF047
:10BCB000850070BC70476FF05700FAE72DE9F3413B
:10BCC000D0E901470E4694F825100569FF29804602
:10BCD0000FD194F82610C1F38101022914D0D8F8AD
:10BCE00008301B6B003918BF01214BB96FF05700AA
:10BCF00003E0FFF7C4FF0028EBDA02B0BDE8F081F3
:10BD0000404698470028F8DBA268B2F1004F05D002
:10BD100011464046FFF78BFF0028EEDB6269B2F167
:10BD2000004F05D011464046FFF795FF0028E4DBA1
:10BD30002368B3F1004F14D0D8F808305B69002BAA
:10BD4000D4D001A9404698470028D6DB2268019B41
:10BD50009A421CDD11464046FFF769FF002805DACC
:10BD6000CBE762686FF000439A42E5D19EB994F840
:10BD700026309B0716D03B68404698470028BCDB1E
:10BD8000A069F9F7C9FD6B6901336B610AE062686C
:10BD90009342EBDDDEE76B6901336B6194F826308B
:10BDA000DA0601D40020A8E74046FFF716FFA4E713
:10BDB000012303FA01F103691B68194218BF82F0DD
:10BDC000010212B18368DB68184783681B69FBE7CF
:10BDD00008B54368986A38B193F82C100122FFF730
:10BDE000E7FF00EAE07008BD6FF08500FBE74368FD
:10BDF0001868B0F1004018BF01207047034608469C
:10BE000031B95B681B68B3F1004F01D01360704714
:10BE10006FF01500704743681B68B3F1004F1ABFFD
:10BE200000200B606FF0010070474368986A20B1F2
:10BE300093F82C100022FFF7BBBF6FF0850070470E
:10BE400043681B68D3F88004C3F8800470474268D5
:10BE50001368D3F8100150B1D269002012780A702B
:10BE6000C3F81001D3F8102101221A6070474FF077
:10BE7000FF307047002A0FDD42681368D3F81001C5
:10BE800058B10020C3F81001D269D3F8100112781C
:10BE90000A700120186070470020704710B5436891
:10BEA0001C680369EFF31180202282F31288BFF32C
:10BEB0006F8F1A68D17B39B991731B680122DA73CD
:10BEC0004FF48003C4F8043380F31188BFF36F8FFD
:10BED00010BD03691A68D17B21B1012191731B68E0
:10BEE0000022DA737047026911680346C87B40B1CB
:10BEF0005B681B68D3F8580118B100230B61136805
:10BF00009889704743681B68D3F81001003818BF40
:10BF10000120704743681B68D3F80423D2065CBF36
:10BF20001022C3F80423704743681B68D3F8042326
:10BF3000D20644BF1022C3F80823704743681B6829
:10BF40004FF40072C3F80423704743681B684FF432
:10BF50000072C3F80823704738B543681D68D5F8E8
:10BF600004335B02044605D4D5F8040310F0100036
:10BF700006D138BDFFF7B7FF0028F5D00120F8E75C
:10BF80002046FFF7BFFF003818BF0120F1E701206E
:10BF900070470369186801601B685A60704702683F
:10BFA0000346D2F8580140B95B68DB0706D4D2F8E3
:10BFB0002001003818BF012070470120704710B4DD
:10BFC000436802691B68D3F80413C90517D5D3F871
:10BFD0002011A1B1EFF31181202484F31288BFF363
:10BFE0006F8FD3F8204134B10024C3F82041D3F837
:10BFF00020410124DC6081F31188BFF36F8F116849
:10C00000D3F8584171B17CB100240C611168C97B2F
:10C0100019B94FF48001C3F8081311688C7B1CB167
:10C0200000238B7310BC7047D3F8241121B1002179
:10C03000C3F82411D3F8243112681368002BF1D00F
:10C04000516810BC184713B501AA0446FFF7AAFDB2
:10C05000002805DB019B226819791868F9F78AFB2B
:10C0600002B010BD2DE9F041066933689C89BFF329
:10C070005B8F94420546A8BF14461033012753E84E
:10C08000002F002A03D143E800700028F7D1BFF346
:10C090005B8F0CBF3B4600232BD133682246986848
:10C0A00001F0BAF8EFF31188202383F31288BFF36D
:10C0B0006F8F69680846FFF772FF326840B91061F8
:10C0C000044688F31188BFF36F8F2046BDE8F081E6
:10C0D0000B689268C3F844250022C3F84845C3F8AA
:10C0E0002021D3F82011C3F85821D3F858219F609C
:10C0F000E7E71C46E9E700F150039B009BB203F120
:10C10000804303F5883300221A601B68704708B526
:10C11000F9F7D0FD08BDFCF7D7B908B5F5F7EEFC87
:10C12000F5F7C2FDBDE80840FCF7CEB90346002094
:10C13000184700F0D2BB10B502461168B1B1BFF389
:10C140005B8FB1FA81F3C3F11F000123834021EA21
:10C15000030352E8004F8C4204D142E8003CBCF19A
:10C16000000FF6D1BFF35B8FE7D110BD6FF00B006E
:10C17000FBE710B50368CB40DB0714D401238B40E9
:10C180000268BFF35B8F43EA020150E8004F94421C
:10C1900004D140E8001CBCF1000FF6D1BFF35B8F67
:10C1A000EED1002010BD6FF01500FBE770B50C4616
:10C1B0000021054608461646FAF71EF800280ADB55
:10C1C0003378DB0003F1804303F5F8330020C3F834
:10C1D0001055C3F8144570BD10B1012802D0704746
:10C1E000FAF7F8B8FAF7A8B818B1012803D100F0A7
:10C1F0000AB800F023B8704708B5FAF7B9F8BDE8F7
:10C200000840FAF727B9FAF75DB838B54FF080441F
:10C210000223C4F808330123E3600023C4F8043187
:10C22000D4F8043142F21075D4F81834DB0304D585
:10C230000120FFF77EFF013DF6D138BDFFF7E5BFD6
:10C24000F7B5019001A8DDE9084716461D46FAF743
:10C2500039F9019BB6F1000C18BF4FF0010C00EB4F
:10C2600083000B1E18BF0123002D43EA4C0314BFAB
:10C270004FF00C0C4FF0000C002C43EA0C0314BFE1
:10C280004FF4E06C4FF0000C002F43EA0C03D0F8A1
:10C29000002714BF4FF4403C4FF0000C43EA0C035E
:10C2A00022EA030301B109780EB13678760019430A
:10C2B0000DB12D78AD0031430CB12478240229430F
:10C2C0000FB13F783F040C433C43C0F8004703B034
:10C2D000F0BD1FB50DF10F03019300238DF80F1072
:10C2E00000931A461946FFF7ABFF05B05DF804FB53
:10C2F00010B504460846FAF7F5F804EB4004A08AA6
:10C30000C0F3401010BD10B504460846FAF7EAF82D
:10C3100004EB4004A08AC0F3400010BD10B50446F1
:10C320000846FAF7DFF804EB4004A08A400B10BD82
:10C3300070B5044608461646FAF7D4F808300D469C
:10C3400034F81030DA0509D5C3F3432304EBC302F4
:10C35000314654F83330526828469847A3682BB1C9
:10C36000E26831462846BDE87040184770BD10B5F8
:10C3700004460846FAF7B6F800B204EB4000838A98
:10C38000DA051DD5C3F3432123F4F853838204F166
:10C39000120204F1720032F8023F13F4807F03D0DE
:10C3A000C3F3432399420BD08242F4D104EBC1037F
:10C3B00000225A6004F17800BDE81040FFF7D9BEB2
:10C3C00010BDF0B5034600F5807400200546012736
:10C3D000844695420AD1D3F87C2132B10022C3F8B9
:10C3E0007C21D3F87C3140F00040F0BD25F0404680
:10C3F00007FA06F6314209D0D4F800E0BEF1000F8A
:10C4000004D0C4F800C0D4F800E03043013504344F
:10C41000DFE738B504460D46FFF76AFFB0B12046A6
:10C42000FFF771FF90B92046FFF778FF22680123DC
:10C430008340C2F80833236800B203EB8003D3F8CB
:10C44000102522F00302C3F8102538BD284600212C
:10C45000BDE83840FFF73DBF2DE9F043174685B0F2
:10C4600004460846FAF73EF8D7F800800E4605461F
:10C47000B8F1000F1FD02046FFF745FF18B1204646
:10C48000FFF736FF30BB0023CDE900338DF80E30C7
:10C490008DF80F300DF10F0243460DF10E013046BD
:10C4A000FFF7CEFE2AB204EB4202938A23F0020386
:10C4B00043F0010393827B68002B34D03146204641
:10C4C00093F80080D3F80490FFF71DFF28B1B9F16D
:10C4D000000F1FD06FF0150028E028B204EB4000D9
:10C4E000838A23F4604323F020038382B9F1000F91
:10C4F00010D0B8F1030FEDD87B6821685B6893F822
:10C5000000C001EB8C01B8F1000F12D1C1F8108509
:10C51000C1F810852AB204EB4202938A23F01C036F
:10C5200043EA88039382BB684BBB002005B0BDE89B
:10C53000F083D1F8102522F00302C1F810252268FB
:10C5400002EB8C03D3F8102522F44F3222F4407210
:10C55000C3F810253202D3F8101502F47C5242EAD7
:10C5600008420A43C3F8102504EB4C03A3F87C608F
:10C57000838A43EA4C3343F020038382CAE7D3E93A
:10C58000007831462046FFF7F2FE002FCDD06368D9
:10C590009F4206D004F17800FFF7CDFD002804DAB1
:10C5A000C4E7A3689845F5D1002004EBC003C3E9B4
:10C5B00001782DB204EB4505C0B2AB8A43EA4023B3
:10C5C00043F48073AB82B0E72DE9F043054685B0B4
:10C5D000084617461E46F9F785FF0C46804637B3D6
:10C5E0002846FFF790FE18B92846FFF781FE28BBC2
:10C5F0000FFA88F905EB4909B9F8143013F01C0F4C
:10C6000002D07B78012B19D001238DF80F30002345
:10C61000CDE900737A1CBB1C0DF10F012046FFF71A
:10C620000FFEB9F8143043F00303A9F81430002EBC
:10C6300041D021462846FFF766FE20B96FF015006D
:10C6400005B0BDE8F08337782B6803EB8703002241
:10C65000C3F81025C3F810250FFA88F205EB420243
:10C660004FEA870C938A23F4604323F020039382DC
:10C67000707800B32968B67861440004D1F81035A9
:10C6800023F4991323F4F853C1F81035230200F46E
:10C69000403003F47C5303433005D1F8105500F4C7
:10C6A000801003432B43C1F81035938A43EA473384
:10C6B00043F0200393820020C2E7C0E903127047D1
:10C6C00070B504461546FFF713FE48B10846F9F762
:10C6D00009FF04EB40040020A38A5B0B2B7070BDA4
:10C6E0006FF01500FBE738B590F88C4005469CB913
:10C6F00060222146143000F09DFD2868C0F87C417E
:10C70000D0F87C3140F30730F5F7A2FE012385F81D
:10C710008C30AB67204638BD6FF07700FBE790F8B0
:10C720008C00003818BF01207047F9F717BF2DE9BA
:10C73000F34104461746FFF7DBFD0D46266800B3BC
:10C740002046FFF7E0FD8046D8B92046FFF7E6FD1A
:10C7500005B2AD0005F5807246F802802168B25836
:10C760002944D1F8102542F00102C1F810252FB15B
:10C770002168012202FA00F3C1F8043302B0BDE8D7
:10C78000F081D6F80433002BA4BF4FF00043C6F865
:10C7900004332846F9F7A6FE04EB4004A38AC3F34A
:10C7A0008203042B12D0052B12D001A80195F9F7B2
:10C7B00089FE019BD0F81015D94001F0010102312A
:10C7C000284602B0BDE8F041FFF783BD0321F7E73B
:10C7D0000221F5E7FFF71DBE00F180431A68002A29
:10C7E0001FBF00221A601B68012008BF002070478D
:10C7F0004FF080434FF46072C3F8042370474FF04A
:10C8000080434FF46072C3F80823704708B5FAF705
:10C8100029F8BDE80840FFF7EFBC0369C2689342FE
:10C820009CBF81685B18013B981A70472DE9F04165
:10C83000D0E902840546A8EB0406406896422044ED
:10C840000F46144404D900F0E7FCEC60BDE8F08129
:10C850003246A4EB080400F0DFFC68682246B919F0
:10C86000F1E72DE9F843C5680646894617464FF0BB
:10C8700000083369B46870689D4228BF1B19641BA7
:10C88000BC4203F1FF3328BF3C465B1B9C4228BFE0
:10C890001C4649462844224600F0BEFCB3682544A5
:10C8A000AB4208BF00253F1BA044A144F560E0D186
:10C8B0004046BDE8F88308B5FAF7E8F8002008BD5F
:10C8C000EFF31180202383F31288BFF36F8F70473B
:10C8D00080F31188BFF36F8F704708B1F6F740B946
:10C8E000704710B5436904463BB90020E2685378AD
:10C8F00043F001035370404210BD98470028F4D024
:10C900000028B8BF4042E368FF28A8BFFF20187086
:10C91000ECE740B1C368587810F001001EBF1878EA
:10C92000B0FA80F040097047EFF31183202383F3BE
:10C930001288BFF36F8FFEE72DE9F04F89B0DDE974
:10C940001268054605924346324606A80F4600F097
:10C9500082FBDDE9063405F1140ACDE90234EFF378
:10C9600011844FF0200989F31288BFF36F8F05F10E
:10C970000C0B059A149B39462846984730B184F32E
:10C980001188BFF36F8F09B0BDE8F08F56EA080633
:10C99000F5D0DDE9022306A800F082FBDDE9066898
:10C9A0005A46CDE9006821465046FBF73BF8EFF3C5
:10C9B000118489F31288BFF36F8FDAE710B400F1A6
:10C9C0000C04C0E9034410BCFCF793BB38B5044623
:10C9D000EFF31185202383F31288BFF36F8FFCF7E9
:10C9E000DAFA04F10C0000F077FA30B1294604F1CC
:10C9F0001400BDE83840FBF7A9B885F31188BFF3F0
:10CA00006F8F38BD4169826842EA010313F0030366
:10CA10000FD1C3600369013B03FB0122002B01DA44
:10CA200000207047C16811604169C260013B521A21
:10CA3000F4E76FF01500704710B5C0E90432002329
:10CA4000816083610446FFF7DDFF0028A8BFC4E9C9
:10CA5000004410BD2DE9F04105460F46EFF3118863
:10CA6000202383F31288BFF36F8FC668FEB9046872
:10CA7000A0421CD0DCB1D4E9003213605A60637B61
:10CA8000A66023F002036373C4E9006604F1180092
:10CA900000F0B3FA2046C4F88860276100F0B7F9C7
:10CAA000414605F10800BDE8F041FBF74FB83E6094
:10CAB000AB69EF60013BAB6188F31188BFF36F8F07
:10CAC000BDE8F08108B52024EFF3118384F31288C8
:10CAD000BFF36F8FFDF77AF9F6E7D0E90032136004
:10CAE0005A60427B002322F00202C0E90033427305
:10CAF0008360704713B501240094FAF7D9F902B0A6
:10CB000010BD90F90E308B4201D0FAF7ADBF002076
:10CB1000704703460020C3E90200C3E900337047B1
:10CB2000D0E9003213605A60427B002322F00202F7
:10CB3000C0E900334273836070472DE9F8439046A3
:10CB400004469DF820200D4600F10809EFF31187F7
:10CB5000202181F31288BFF36F8F02B14568A66868
:10CB6000B14516D0AEB13046FFF7DAFF002406F12A
:10CB7000180000F042FA3046C6F88840C6F8108027
:10CB800000F045F948463946FAF7E0FF2046BDE88F
:10CB9000F883A3B10820FBF779FC002832D00122EA
:10CBA000C0F804800260016801F003015DB92268E9
:10CBB0000A430260626820606AB960600BE0C8F8EE
:10CBC00000304046EFE72A68032A10D80160616808
:10CBD00039B9C4E90000002087F31188BFF36F8FD3
:10CBE000D5E70A6802F0030202430A60E5E722F093
:10CBF00003020A4302602A6802F0030240EA0203C9
:10CC00002B60E8E76FF00B00E6E710B5044630B1A3
:10CC10000268930703D0446809B100F0F5FA204692
:10CC200010BD0023C0E9003300F10803C0E902335E
:10CC3000704707B50123009300230A461946FFF702
:10CC40007CFF03B05DF804FB07B500230A460093A0
:10CC50001946FFF772FF03B05DF804FB006800217E
:10CC6000FFF7D3BF3AB18A4205D3C0E90212C0E947
:10CC70000000002070476FF0150070470268012324
:10CC80008B4022EA0303036022FA01F000F0010066
:10CC9000704710B5032104460C30FFF7EFFF30B1A9
:10CCA00004F1100000F0A9F9B0FA80F0400910BDBD
:10CCB00020B1002211469C3000F043B9704773B593
:10CCC0000446EFF31185202383F31288BFF36F8F9F
:10CCD0000023A0F11006032104380193FFF7CEFFD3
:10CCE00028B1A369019301A93046FAF7E3FB85F364
:10CCF0001188BFF36F8F02B070BD38B504460D4682
:10CD00001022002100F096FA656038BD13B501903D
:10CD10000846EFF31184202383F31288BFF36F8F4B
:10CD200001A9FAF7C7FB84F31188BFF36F8F02B034
:10CD300010BD10B5FFF7EAFF041E08DDEFF3118008
:10CD4000202383F31288BFF36F8FFAF711FF204679
:10CD500010BD38B5302204460D46002100F06AFAB5
:10CD60004FF480736560E36038BDD0E90032136032
:10CD70005A60427B002322F00202C0E90033427372
:10CD800083607047EFF30580003818BF01207047BB
:10CD90006FF05700704700207047D0E900321360F1
:10CDA0005A600023C0E90033704708B5FFF7F5FF6C
:10CDB000437B23F0020343730023836008BD38B52F
:10CDC00004460D46FAF7BEFD637B43F0020363732E
:10CDD000E5B1A5602B689D4209D16B68C4E9005399
:10CDE0001C606C6012E06A689A42F6D01B68002BE7
:10CDF000F3D094F90E2093F90E108A42F3D09142A9
:10CE0000F1DD5A68C4E9003214605C6038BD10B5C9
:10CE1000EFF31184202383F31288BFF36F8FFAF7A7
:10CE20004FFD84F31188BFF36F8F10BD08B5EFF38A
:10CE30001181202282F31288BFF36F8F83680BB1B8
:10CE4000FFF7B3FF81F31188BFF36F8F08BD38B5CB
:10CE5000EFF31184202383F31288BFF36F8F90F8D0
:10CE60006C50427B002380F86C302DB121B184F3EB
:10CE70001188BFF36F8F38BD12F0280FF7D1836888
:10CE80000BB1FFF792FF437B23F004034373FAF7E0
:10CE900017FDECE701211838FFF7D9BF08B50346A5
:10CEA000EFF31181202282F31288BFF36F8F0068A5
:10CEB000834207D008B1FFF778FF81F31188BFF3F1
:10CEC0006F8F08BD0020F8E710B5FFF7AFFFBDE892
:10CED0001040183000F091B838B504680546AC42EF
:10CEE0004FF0000000D138BD002CFCD02046FFF7E9
:10CEF000EBFF2046FFF78BFF2C680120A542F1E7EE
:10CF000070B505460E46FAF7DBFEB6F1FF3F08BFE7
:10CF1000B5F1FF3F0446284612D04FF47A7147F628
:10CF2000FF730022C4FB0132D80B40EA4240B0F14B
:10CF3000004F4FEAD23272F1000228BF6FF000407A
:10CF400070BD38B5EFF31185202383F31288BFF34A
:10CF50006F8F0468A04213D0A4B1C4F88810226176
:10CF60002046FFF722FF04F1180000F046F82046A3
:10CF7000FAF7A6FC012085F31188BFF36F8F38BD47
:10CF80000020F8E72046F6E72DE9F04105460E4679
:10CF90001746EFF31188202383F31288BFF36F8FB6
:10CFA0000468A0420FD1002088F31188BFF36F8F6F
:10CFB000BDE8F08139462046B0470028F4D16B68BF
:10CFC000A342F0D02468002CF4D1ECE708B5024667
:10CFD000FBF710F870B1D0E904319B1A61EBE272F3
:10CFE000B3F1004F72F1000104DA002AACBF184619
:10CFF000002008BD6FF00040FBE738B50246EFF3B4
:10D000001185202383F31288BFF36F8F0368CBB1A0
:10D01000FAF7F0FF04461046FAF7FEFF00224FF041
:10D0200000438442C0E9042306D1FAF7EBFFFFF77F
:10D03000CDFF0021F8F7AAFF002085F31188BFF388
:10D040006F8F38BD6FF01500F7E708B5FBF7F0F804
:10D0500008BDFBF7EDB8B3F1FF3F08BFB2F1FF3FEA
:10D0600070B506461D46144614D01A4316D0002B40
:10D0700008DBFBF7DDF8041941EB0501C6E90041C7
:10D08000304670BD6FF001031C1B4FF0FF3363EBA4
:10D090000501F3E74FF0FF342146EFE70024FBE7FB
:10D0A000B3F1FF3F08BFB2F1FF3FF8B507461646A0
:10D0B0001C4610D054EA020311D0FBF7B9F8B04275
:10D0C0000A46A14103460AD2F31A64EB0204C7E9F7
:10D0D00000343846F8BD4FF0FF331C46F7E7002315
:10D0E000FBE70023C0E9081200F11802C0E906229C
:10D0F000C0E9003303634363704710B50446FFF78C
:10D100007CFFA8B9636A0BB12046984704F1180068
:10D11000FFF7C4FE60B1FFF77AFEEFF31180202322
:10D1200083F31288BFF36F8FBDE81040FAF720BD7C
:10D1300010BD2DE9F3470446DDE90A9815460E4671
:10D1400059B302F0010AFAF71BFE0746EFF311810B
:10D15000202383F31288BFF36F8FA80744BF0023F7
:10D16000A360A36803EA0600BAF1000F0CD0864260
:10D170000CD16A0744BF8343A36081F31188BFF3D6
:10D180006F8F02B0BDE8F0870028F2D159EA08039A
:10D1900005D181F31188BFF36F8F0020F1E7C7E954
:10D1A00019652246CDE9009804F10C00FAF73AFC23
:10D1B0000028F2D1786EE4E710B5D0E919424B6847
:10D1C00012F0010F03EA040301D09C4210D17BB19D
:10D1D0004366520744BF8A681A430B6848BF8A6097
:10D1E00003660123086080F86C301830FFF705FFF4
:10D1F000002010BD0A46FBF7EDB80A460021FBF7F8
:10D20000E9B85200FFF795BF20B1011F50F8040C98
:10D21000FFF7DCBB704770470A44914200F1FF33CF
:10D2200000D1704710B511F8014B03F8014F91423E
:10D23000F9D110BD02440346934200D1704703F870
:10D24000011BF9E710B5024601448A42134603D098
:10D250001C780132002CF8D1181A10BDF0B5C3F1BA
:10D2600037070446FFB203F01F031046082BE6B24F
:10D2700033D0102B3ED06508A40844EA817445EAF7
:10D28000C1752D194FEA910242EB5102290941EA79
:10D2900002716D1842EB1212290A41EA02616D18FF
:10D2A00042EB1222290C41EA02416D1842EB124274
:10D2B000AD1842F10002EC0844EA4274D10804EBD4
:10D2C0008402A6EB4205EDB2092D0CD90134A5F17B
:10D2D0000A0541F10001EDB212E0E40844EA4174AC
:10D2E00006F00705C908303554EA010200F8015B71
:10D2F000BCD1F0BD240944EA017406F00F05090908
:10D30000092D84BFED19EDB2EDE7D1E90432934266
:10D310001EBF5A1C0A61187070470000014800685F
:08D32000704700001C190020F9
:08D328000C2EFF7F0100000044
:10D33000852B0000000000001D2B000000000000F5
:10D3400000000000F0D30000B7C80000000000009B
:10D35000F16D000000000000316E000000000000D0
:10D36000000000000CD400000000000028D40000E1
:10D3700017C10000000000000000000060D40000A1
:10D380000000000044D40000995300000000000099
:10D39000F953000000000000295E000000000000BA
:10D3A000BD0E000000000000752900000000000014
:10D3B0001BC10000000000009D8400000000000070
:10D3C000000000007CD400000000000098D40000A1
:10D3D00000000000B4D40000A537000000000000E9
:10D3E000E11A000000000000551A000000000000D3
:10D3F000B4E5000098D9000074D600003809002078
:10D40000141C0020ED50000000000000DDE50000CD
:10D41000B0D9000050D600003A090020681C002056
:10D420009955000000000000EBE50000C4D90000A1
:10D4300050D600003C090020741C002099550000C3
:10D440000000000049E300000CD90000D0D6000025
:10D4500034090020F0040020C13A00000000000060
:10D460006DE6000038DA000014D700004209002001
:10D470003C080020C55A0000000000008EE50000B6
:10D4800080D900003CD90000360900208807002020
:10D49000194200000000000019E60000D8D9000081
:10D4A00090D600003E090020801C00204559000055
:10D4B0000000000028E6000008DA000090D6000016
:10D4C00040090020981C0020455900000000000081
:10D4D0000DC800002DC1000000000000B19D00003B
:10D4E00060D40000BFBF000000000000B19D00003C
:10D4F00000000000B19D000000000000B19D000090
:10D500005C06002079BB000000000000B19D000017
:10D5100000000000B19D000000000000B19D00006F
:10D5200000000000B19D000000000000B19D00005F
:10D5300000000000B19D000000000000B19D00004F
:10D5400000000000B19D000000000000B19D00003F
:10D5500000000000B19D000000000000B95E000066
:10D5600000000000B19D000000000000B19D00001F
:10D5700000000000B19D000000000000B19D00000F
:10D5800000000000B19D000000000000B19D0000FF
:10D5900000000000B19D000000000000B19D0000EF
:10D5A00000000000B19D000000000000B19D0000DF
:10D5B00000000000B19D000000000000B19D0000CF
:10D5C00000000000B19D000000000000B19D0000BF
:10D5D00000000000B19D000000000000B19D0000AF
:10D5E00000000000B19D000000000000B19D00009F
:10D5F00000000000B19D000000000000B19D00008F
:10D6000000000000B19D0000754900002DC1000020
:10D6100000000000B19D000000000000B19D00006E
:10D6200000000000B19D000000000000B19D00005E
:10D6300000000000B19D000000000000B19D00004E
:10D6400000000000B19D000000000000B19D00003E
:10D65000D5550000CFBA0000DDBA0000F5BA0000D1
:10D6600001BB00000DBB00004954000027BB0000B7
:04D6700000000000B6
:10D674004551000041BA0000A1BA000000000000BA
:0CD68400DFB90000000000000000000002
:10D69000D1BD00002BBE0000EFBD0000FDBD0000AD
:10D6A0000000000017BE00000000000000000000A5
:10D6B000000000000000000000000000000000006A
:10D6C000000000000000000000000000000000005A
:10D6D000B1AD00004D3A000000000000DBAD0000DD
:10D6E0009DAD00003BB2000061AE000007AD000040
:10D6F00053AD000057AE0000000000001FAD000059
:10D70000000000000000000027AD000071B1000023
:10D7100039AD00004FBE00000D5A000041BE0000B0
:10D7200065C0000075BE00009DBE0000D3BE0000B5
:10D73000E7BE000015BF000029BF0000E7BE0000E3
:10D7400005BF00003DBF00004BBF000059BF0000F7
:08D750008FBF000093BF000031
:10D758005BDC000003000000CFE5000003000000D0
:10D768007FDC00000300000083DC000003000000F1
:10D77800BBDD000003000000B6E20000030000006B
:10D7880012E30000030000001AE300000300000099
:10D79800A4E5000003000000A4E700000300000067
:10D7A8003EE6000003000000ABDB000003000000C1
:10D7B8002FE30000030000006CDC00000300000001
:10D7C8007BE600000300000017E4000003000000EF
:08D7D8009CE5000003000000C5
:10D7E00054D80000C41300209ADD0000010000009E
:10D7F00098D8000098050020AADD00000100000074
:10D800000338FDD870470000A80B0020000100007D
:10D81000FD9A00009F9A000002000000AD9C0000ED
:10D8200000000000000000000000000000000000F8
:10D830007ADD000082DD0000000000000000000032
:10D84000000000008ADD00008EDD000092DD000097
:10D8500096DD00001D19000011190000411900009B
:10D86000F918000000000000051900000000000089
:10D870009D190000CC130020F41E002010000000B1
:10D8800088D80000DC130020251A0000F4130020C3
:10D89000041F0020010000006B9D0000619D00003E
:10D8A0002F9D0000239D000000000000179D000038
:10D8B0000000000000000000899D000044060020D8
:10D8C0003C06002034060020000000002C0600204A
:10D8D000151C0000091B00005D1B0000BD1B0000A3
:10D8E000C00400200000000000000B060200000041
:10D8F000F4D800000000000003E300002600020648
:10D90000000000200BE3000022000B111407002090
:10D9100000000000EF0800202807002000000000A1
:10D9200030D900009C090020000000000000000029
:10D9300089B200000000000071B200000000000089
:10D940009D430000D5410000E53F0000C5430000B5
:10D9500000000000853F0000E5430000394E000054
:10D96000B541000000000000B14E00003548000045
:10D97000FD400000DD400000CFB90000C7B9000045
:10D98000000000000300000059410000A950000001
:10D990007950000000000000F951000079510000AA
:10D9A000C3E50000CBBA0000C7BA0000C9E500001B
:10D9B000FFFF0000000300505C0600200000000094
:10D9C00001000000FFFFFFFF000000505C06002088
:10D9D000000000000000000000000080FFFFFF7F4B
:10D9E0000000008000000080FFFFFF7F000000803B
:10D9F000B80B0000000000004EE6000000FF0A0027
:10DA00000CD400000800000200000080FFFFFF7F30
:10DA10000000008000000080FFFFFF7F000000800A
:10DA200000000000000000004EE6000000FF0800BB
:10DA30000CD400000A000002002000400100000099
:10DA40000000000058DA00000000D60100000000CD
:10DA5000101F00200F1F00200020004064DA00008B
:10DA6000010000006CDA0000020000002B00000042
:10DA70002C060001080000000300000055E700002C
:10DA800063E7000077E7000086E7000092E7000008
:10DA900030D3000038D3000098D30000A0D300009A
:10DAA000E0D30000F0D30000A7E700000001000071
:10DAB00000000000FF8FFFFFFF8FFFFFFE8FFFFFC3
:10DAC000FE8FFFFFFD8FFFFFFC8FFFFFFC8FFFFF2F
:10DAD0006D757465785F667265652063616C6C65F1
:10DAE000642077697468204E554C4C2070617261D7
:10DAF0006D6574657200000043616E277420696E65
:10DB0000697469616C697A65206D757465782C201B
:10DB1000776173204E554C4C0D0A0000436F756CB5
:10DB200064206E6F74206C6F636B20706F7765720A
:10DB30002073617665206D75746578000904525410
:10DB40005420666565646261636B206669726D77F7
:10DB500061726520737461727465642E0A00426F8D
:10DB60006172643A202573007869616F5F626C6549
:10DB70002F6E726635323834302F73656E736500E0
:10DB80005B25755D2048656C6C6F2066726F6D203B
:10DB90005254542120436F756E7465723A20257576
:10DBA0000A005469636B3A202575007274745F66CD
:10DBB0006565646261636B0028756E7369676E6585
:10DBC00064292063686172202A2075736564206669
:10DBD0006F722025257020617267756D656E742ED9
:10DBE0002049742773207265636F6D6D656E64657F
:10DBF0006420746F206361737420697420746F20D3
:10DC0000766F6964202A2062656361757365206997
:10DC100074206D6179206361757365206D6973622D
:10DC200065686176696F7220696E206365727461E0
:10DC3000696E20636F6E66696775726174696F6E75
:10DC4000732E20537472696E673A22257322206105
:10DC50007267756D656E743A2564006362707269EF
:10DC60006E74665F7061636B616765007379735F83
:10DC70006765746F7074006C6F6767696E67006CBE
:10DC80006F67006C6F675F6D676D74004D657373D0
:10DC9000616765202822257322292064726F7070C5
:10DCA00065642062656361757365206974206578B9
:10DCB00063656564732073697A65206C696D697446
:10DCC0006174696F6E2028257529004D6573736135
:10DCD00067652064726F707065642062656361754A
:10DCE0007365206974206578636565647320736962
:10DCF0007A65206C696D69746174696F6E2028257E
:10DD00007529000D0A001B5B306D00257320005B38
:10DD10002530386C755D20005B253032753A253032
:10DD200032753A253032752E253033752C25303337
:10DD3000755D200025732F003C25733E2000257360
:10DD40003A2000253032782000202020007C002559
:10DD50006300206D657373616765732064726F7013
:10DD6000706564202D2D2D0D0A1B5B306D001B5B33
:10DD7000313B33316D2D2D2D20001B5B313B333179
:10DD80006D001B5B313B33336D006572720077723F
:10DD90006E00696E6600646267006C6F675F626147
:10DDA000636B656E645F727474006C6F675F626151
:10DDB000636B656E645F75617274006C6F675F752D
:10DDC000617274006364635F61636D5F300046532A
:10DDD00020436F6E66696775726174696F6E004388
:10DDE00044432041434D2073657269616C20626138
:10DDF000636B656E64005A65706879722050726F4B
:10DE00006A656374006364635F61636D5F73657209
:10DE100069616C002A2A2A20426F6F74696E67203C
:10DE20006E524620436F6E6E6563742053444B20E0
:10DE300076332E332E302D626131363764396633B6
:10DE4000646234202A2A2A0A002A2A2A2055736961
:10DE50006E67205A6570687972204F532076342E91
:10DE6000332E39392D6664393230346130326435BD
:10DE700032202A2A2A0A006D757465785F696E69F6
:10DE8000742063616C6C65642077697468204E55FA
:10DE90004C4C20706172616D6574657200436F75E2
:10DEA0006C64206E6F7420616C6C6F6361746520AC
:10DEB0006D75746578206265666F726520696E693C
:10DEC0007469616C697A696E670072302F61313AEA
:10DED0002020307825303878202072312F61323A76
:10DEE0002020307825303878202072322F61333A64
:10DEF00020203078253038780072332F61343A2072
:10DF000020307825303878207231322F69703A20ED
:10DF100020307825303878207231342F6C723A20D6
:10DF2000203078253038780020787073723A2020BD
:10DF3000307825303878004661756C74696E6720DA
:10DF4000696E737472756374696F6E206164647254
:10DF500065737320287231352F7063293A20307829
:10DF60002530387800556E68616E646C65642049B0
:10DF700052516E3A202564002A2A2A2A2A20425524
:10DF800053204641554C54202A2A2A2A2A00202070
:10DF9000537461636B696E67206572726F720020E3
:10DFA00020556E737461636B696E67206572726F62
:10DFB000720020205072656369736520646174612A
:10DFC00020627573206572726F7200202042464194
:10DFD0005220416464726573733A2030782578006A
:10DFE0002020496D70726563697365206461746196
:10DFF00020627573206572726F72002020496E7303
:10E000007472756374696F6E2062757320657272C5
:10E010006F72002020466C6F6174696E672D706F9F
:10E02000696E74206C617A792073746174652070F4
:10E030007265736572766174696F6E206572726F56
:10E0400072002A2A2A2A2A20555341474520464150
:10E05000554C54202A2A2A2A2A002020446976690D
:10E0600073696F6E206279207A65726F0020205587
:10E070006E616C69676E6564206D656D6F72792085
:10E080006163636573730020204E6F20636F70724D
:10E090006F636573736F7220696E737472756374E6
:10E0A000696F6E73002020496C6C6567616C206C31
:10E0B0006F6164206F66204558435F524554555246
:10E0C0004E20696E746F205043002020496C6C65AF
:10E0D00067616C20757365206F66207468652045E4
:10E0E000505352002020417474656D707420746F19
:10E0F000206578656375746520756E646566696E04
:10E10000656420696E737472756374696F6E002A3A
:10E110002A2A2A2A204D5055204641554C54202A5F
:10E120002A2A2A2A002020537461636B696E6720B3
:10E130006572726F722028636F6E746578742061E7
:10E14000726561206D69676874206265206E6F7406
:10E150002076616C6964290020204461746120414B
:10E1600063636573732056696F6C6174696F6E00C9
:10E1700020204D4D46415220416464726573733ACC
:10E180002030782578002020496E7374727563748E
:10E19000696F6E204163636573732056696F6C61AC
:10E1A00074696F6E00526573657276656420457898
:10E1B00063657074696F6E20280053707572696FA3
:10E1C000757320696E746572727570742028495277
:10E1D000512000535053454C20696E20746872657D
:10E1E0006164206D6F646520646F6573206E6F7469
:10E1F00020696E64696361746520505350002A2A57
:10E200002A2A2A2048415244204641554C54202A6B
:10E210002A2A2A2A002020427573206661756C74B0
:10E22000206F6E20766563746F72207461626C6516
:10E230002072656164002020446562756720657600
:10E24000656E740020204661756C7420657363618F
:10E250006C6174696F6E20287365652062656C6FF0
:10E26000772900415243485F455843455054207731
:10E2700069746820726561736F6E2025780A002AC0
:10E280002A2A2A2A204465627567206D6F6E697498
:10E290006F7220657863657074696F6E202A2A2A10
:10E2A0002A2A002A2A2A2A2A20257320256429209E
:10E2B0002A2A2A2A2A006D7075004661696C6564F5
:10E2C00020746F20616C6C6F63617465206E65777C
:10E2D000204D505520726567696F6E2025750A00C4
:10E2E000506172746974696F6E2025753A2073618C
:10E2F0006E69747920636865636B206661696C651B
:10E30000642E00464C4153485F30005352414D5FEC
:10E3100030006E65745F627566006E65745F62756D
:10E32000665F73696D706C6500000001000000732A
:10E330006F63003031323334353637383941424338
:10E34000444546007573626400626F6172645F6386
:10E3500064635F61636D5F7561727400726573758C
:10E360006D650053707572696F7573202573206534
:10E3700076656E74006570203078253032782061C3
:10E380006C726561647920656E61626C65640045DC
:10E390006E64706F696E7420307825303278207624
:10E3A000616C69646174696F6E206661696C656433
:10E3B0000065702030782530327820616C7265619C
:10E3C00064792064697361626C65640065702030F3
:10E3D0007825303278206973206E6F742068616C04
:10E3E0007465647C64697361626C6564004661692C
:10E3F0006C656420746F20616C6C6F636174652060
:10E400006E65745F62756620257A642C20657020C5
:10E4100030782530327800756463007368757464F1
:10E420006F776E00496E697469616C697A65640022
:10E43000556E6B6E6F776E20706F776572206576A4
:10E44000656E7420256400507265696E697400758C
:10E4500064635F6E726678004661696C65642074FF
:10E460006F20726567697374657220656E64706F82
:10E47000696E740053555350454E44207374617453
:10E480006520646574656374656400524553554D39
:10E49000494E472066726F6D2073757370656E64A8
:10E4A0000052656D6F74652077616B6575702069CA
:10E4B0006E69746961746564006570203078253018
:10E4C000327820717565756520697320656D70748B
:10E4D0007900657020307825303278206F6B2C20E1
:10E4E000717565756520697320656D707479004676
:10E4F00061696C656420746F2064697361626C6526
:10E5000020636F6E74726F6C20656E64706F696EDD
:10E5100074004661696C656420746F2073746F7059
:10E52000204846584F202564005265736574006288
:10E53000756666657220746F6F20736D616C6C3ADE
:10E5400020723A2025752C206C3A202575004661F2
:10E55000696C656420746F20656E61626C65206310
:10E560006F6E74726F6C20656E64706F696E74008C
:10E570004661696C656420746F20737461727420E5
:10E580004846584F202564000001010101017573C0
:10E590006264403430303237303030007564635F4D
:10E5A0006E7266006E72665F757362645F636F6D34
:10E5B0006D6F6E00636C6F636B40343030303030A1
:10E5C0003030006866636C6B006C66636C6B006374
:10E5D0006C6F636B5F636F6E74726F6C00677069F2
:10E5E0006F403530303030333030006770696F4005
:10E5F0003530303030303030000001020304050681
:10E60000074750494F20706F72743A202573206E6F
:10E610006F74207265616479006C736D3664733356
:10E6200074722D632D656E006D736D3236316433F7
:10E63000353236686963706D2D632D656E007265C5
:10E6400067756C61746F725F6669786564004661B6
:10E65000696C656420746F20616C6C6F63617465B4
:10E6600020505049204368616E6E656C0075617280
:10E670007440343030303230303000756172745F45
:10E680006E7266785F75617274650000000000004C
:10E690000101000000000001010100000000203025
:10E6A00030303030303030303030303030000100F9
:10E6B00000010000005465726D696E616C0000001D
:10E6C000000000005454522052454747455300482B
:10E6D000616C74696E672073797374656D00556E33
:10E6E0006B6E6F776E206572726F7200756E6B6EF7
:10E6F0006F776E003E3E3E205A45504859522046A4
:10E700004154414C204552524F522025643A202515
:10E7100073206F6E20435055202564004661756C50
:10E720007420647572696E6720696E7465727275A3
:10E7300070742068616E646C696E670A004375725C
:10E7400072656E74207468726561643A2025702069
:10E7500028257329004350552065786365707469D6
:10E760006F6E00556E68616E646C656420696E74CE
:10E7700065727275707400537461636B206F766597
:10E7800072666C6F77004B65726E656C206F6F7090
:10E7900073004B65726E656C2070616E6963006D0D
:10E7A00061696E006F7300737973776F726B7100BC
:10E7B000286E756C6C29002A666C6F61742A0000E3
:10E7C80000000000A5380000000000000001000063
:10E7D8000000000000000000000000000000000031
:10E7E8000000000000000000000000000000000021
:10E7F80044D4000000C2010000000800000000002E
:10E808000000000000000000000000000000000000
:10E8180000000000000000000000000000000000F0
:10E82800000000000007002000000000EC060020A7
:10E8380000000000000000000000000000000000D0
:10E8480000000000000000000000000000000000C0
:10E8580000000000000000000000000000000000B0
:10E8680000000000000000000000000000000000A0
:10E878000000000000000000000000007C050020EF
:10E888007C050020000000000100000000000000DE
:10E8980019920000BF9A000080D800000000000014
:10E8A80000000000D4080020B4050020000000008B
:10E8B800000000000000000000000000000401004B
:10E8C80000000000CEDD0000220300000000000070
:10E8D800000000000003030000000000000000002A
:10E8E800000300000000000000000000000201001A
:10E8F80000000000DFDD00002E0300000000000023
:10E90800000000000001010000000000F6DD00002A
:10E918001E030000000000000000000000000000CE
:10E92800000000003CDB000004030000C4090020D4
:10E938003A000000D80900203A000000B009002081
:10E948003A000000EC0900203A0000000000000036
:10E95800319E000000000000000000000060004040
:10E96800000000000000000000000000000000009F
:10E97800000000000000000000000000000000008F
:10E98800000000000000000000000000000000007F
:10E99800000000000000000000000000000000006F
:10E9A800000000000000000000000000000000005F
:10E9B800000000000000000000000000000000004F
:10E9C800000000000000000000000000000000003F
:10E9D800000000000000000000000000000000002F
:10E9E8000000000000000000000000007842002045
:10E9F800000000000000000000000000000400000B
:10EA08007846002000000000000000000000000020
:10EA180000040000C4DD00000000000054070020CE
:10EA28000000000044D40000EF080020F708002090
:10EA380000090020050900200A0900200E0900200D
:10EA4800130900201A090020230900202A090020A0
:10EA58003109002000000000B1AC0000A539000019
:10EA6800053A00004FAF0000B7B1000083AE0000C8
:10EA780000000000D7B100006BAE000005AE00003A
:10EA880000000000B3AC000000000000000000001F
:10EA9800000000000000000000000000000000006E
:10EAA800000000000000000000000000000000005E
:10EAB800000000000000000000000000000000004E
:10EAC800000000000000000000000000000000003E
:10EAD800000000000000000000000000000000002E
:10EAE800000000000000000000000000000000001E
:10EAF800000000000000000000000000000000000E
:10EB08000000000000000000000000000C080020C9
:10EB18000C08002000000000000000000E000000AB
:10EB280000000000000000000000000000000000DD
:10EB38000000000000000000000000004C08002059
:10EB480000000000000000000000000000000000BD
:10EB580000000000111F002020000000000000003D
:10EB68000090D003FF000000900200006C08002015
:10EB78006C0800200000000001850000B808002093
:10EB8800B0080020A808002000000000A00800200D
:10EB98001D860000698500009D850000E585000050
:10EBA8001C1D00203A00003A201D00203A00003ABF
:10EBB800241D00203A00003A281D00203A00003A9F
:10EBC800C80800208C080020840800208008002045
:10EBD8007C08002009020000000100807D1201006D
:10EBE80002EF020140E32F040003040000000008C4
:10EBF8000B000202020000090400000102020000EA
:10EC08000524001001052401000104240202052442
:10EC18000600010705810310000A09040100020A21
:10EC280000000007058202400000070501024000BD
:03EC3800000000D9
:10EC3B0000000000000000000000000000000000C9
:01EC4B0000C8
:10EC4C0000000000000000000000000000000000B8
:10EC5C0000000000000000000000000000000000A8
:10EC6C000000000000000000000000000000000098
:08EC7C00000000000000000090
:04EC8400000000008C
:10EC88008009002080090020B83B00200000000017
:0CEC980008000000100000000000000058
:10ECA40000000000383C00200004000000000000C8
:04ECB400000000005C
:10ECB800B0090020B009002000000000000000009A
:10ECC8000E000000C4090020C40900200000000054
:10ECD800000000000E000000D8090020D80900201C
:10ECE80000000000000000000E000000EC090020F9
:10ECF800EC09002000000000000000000E000000E9
:10ED0800000A0020000A00200C0000000A00000091
:10ED1800403B0020B83B0020403B0020403B002007
:08ED28000000000000000000E3
:10ED3000280A0020280A002001000000010000002D
:10ED4000380A0020380A00200000000001000000FE
:0CED5000480A0020480A002000000000D3
:08ED5C00540A0020540A0020B3
:10ED64000000000000000000640A0020640A002083
:10ED7400100010000A000000B7B2000020D9000003
:04ED840038400020F3
:10ED880005DE000000000000000000000000000098
:10ED980000000000000000007CD40000000000001B
:10EDA800000000000000000000000000000000005B
:10EDB800000000000000000000000000000000004B
:10EDC800000000000000000000000000000000003B
:10EDD800000000000000000000000000000000002B
:10EDE800000000000000000000000000000000001B
:0CEDF800DD08002000000000000000000A
:10EE040000000000140700200000000000000000C3
:08EE14000000000000000000F6
:04EE1C0015E015E008
:04000003000022C116
:00000001FF
